,m/z,I,S/N,em,error,C,H,Class
40,200.12978,18471468,155.0,200.1292170235,0.0005629765000207954,10,18,O3N1
45,201.11325,2623754,19.9,201.1132326073,1.7392699987794913e-05,10,17,O4
47,203.07137,3385697,26.3,203.0713677941,2.205899988894089e-06,12,11,O3
48,205.05058,3175255,24.4,205.05063234969998,5.2349699984688414e-05,11,9,O4
49,205.08703,22408756,187.1,205.08701785850002,1.2141499979634318e-05,12,13,O3
51,207.06628,3100897,23.7,207.0662824141,2.4140999812516384e-06,11,11,O4
53,207.08155,10918886,89.6,207.0815385541,1.1445899986028962e-05,15,11,O1
57,208.11314,93145688,782.6,208.1131730347,3.30347000101483e-05,15,14,N1
59,209.09715,15605189,128.5,209.0971886185,3.861850001385392e-05,15,13,O1
62,210.05602000000002,3116527,23.7,210.0560520815,3.2081499995229024e-05,13,8,O2N1
64,211.07644,4715064,37.0,211.0764531741,1.3174100018886747e-05,14,11,O2
65,211.11285,14558406,119.3,211.1128386829,1.1317100018004567e-05,15,15,O1
66,211.13396,5392719,42.6,211.13396805169998,8.051699978750548e-06,12,19,O3
67,212.07172000000003,3253695,24.7,212.07170214590002,1.785410000820775e-05,13,10,O2N1
68,213.05575,4197962,32.6,213.0557177297,3.2270299982428696e-05,13,9,O3
69,213.0921,3979736,30.8,213.09210323850002,3.238500028146518e-06,14,13,O2
70,213.14959,3188079,24.2,213.1496181161,2.811609999753273e-05,12,21,O3
71,213.18599,7968766,64.2,213.1860036249,1.362489999223726e-05,13,25,O2
74,214.14487000000003,3476358,26.5,214.1448670879,2.9121000295617705e-06,11,20,O3N1
75,215.12887,2960414,22.2,215.1288826717,1.2671700005739694e-05,11,19,O4
77,216.08186,217704112,1810.6,216.0818729059,1.2905900007353921e-05,16,10,N1
78,217.06582000000003,5433683,42.6,217.0658884897,6.84896999700868e-05,16,9,O1
82,217.08700000000002,5802588,45.7,217.08701785850002,1.7858500001466382e-05,13,13,O3
85,219.06628999999998,6902458,54.5,219.0662824141,7.585899993500789e-06,12,11,O4
86,219.08151,7955648,63.2,219.0815385541,2.8554099998245874e-05,16,11,O1
87,219.10269,23634890,192.7,219.10266792289997,2.2077100027217966e-05,13,15,O3
88,219.17543999999998,6096362,47.9,219.17543894050002,1.0594999650948012e-06,15,23,O1
90,220.11316000000002,8414345,67.0,220.1131730347,1.3034699975378317e-05,16,14,N1
92,221.08194,3595835,27.2,221.0819324785,7.521500009488591e-06,12,13,O4
93,221.09717,7857474,62.4,221.0971886185,1.8618500007505645e-05,16,13,O1
95,222.09245,5774084,45.0,222.09243759030002,1.2409699991167145e-05,15,12,O1N1
97,222.12884,75204888,615.9,222.1288230991,1.6900899993288476e-05,16,16,N1
98,223.07644,3673029,27.7,223.0764531741,1.3174100018886747e-05,15,11,O2
99,223.11283999999998,12794582,102.7,223.1128386829,1.3170999864087207e-06,16,15,O1
102,224.0717,4441871,34.1,224.07170214590002,2.1459000265622308e-06,14,10,O2N1
103,225.12846000000002,13570168,108.6,225.1284887473,2.8747299978704177e-05,16,17,O1
106,225.18601,91657872,747.9,225.1860036249,6.3751000141110126e-06,14,25,O2
107,226.08733999999998,7326264,57.5,226.08735221030003,1.2210300042170275e-05,14,12,O2N1
111,227.07132000000001,17395716,139.9,227.0713677941,4.7794099998554884e-05,14,11,O3
113,227.20163,403085888,3297.3,227.2016536893,2.3689300007845304e-05,14,27,O2
115,229.05066000000002,4162476,31.5,229.05063234969998,2.765030004070468e-05,13,9,O4
119,230.09752000000003,476077984,3877.3,230.09752297030002,2.9702999881919823e-06,17,12,N1
120,231.08155,10190705,80.2,231.0815385541,1.1445899986028962e-05,17,11,O1
124,231.10266000000001,6218876,48.0,231.10266792289997,7.922899953882734e-06,14,15,O3
128,233.08195,5685805,43.7,233.0819324785,1.7521500012662727e-05,13,13,O4
129,233.09715,17341748,138.2,233.0971886185,3.861850001385392e-05,17,13,O1
130,233.11834,15365950,122.2,233.11831798729997,2.201270001478406e-05,14,17,O3
131,233.15472000000003,13159247,104.3,233.1547034961,1.6503900013731254e-05,15,21,O2
134,234.12878999999998,13241633,104.4,234.1288230991,3.3099100022582206e-05,17,16,N1
136,235.09756000000002,2747249,19.7,235.0975825429,2.2542899984046016e-05,13,15,O4
137,235.11282999999997,6340088,48.7,235.1128386829,8.682900016765416e-06,17,15,O1
141,236.10806000000002,5083859,38.6,236.1080876547,2.765469997711989e-05,16,14,O1N1
142,236.14446,52853476,424.2,236.1444731635,1.3163500000246131e-05,17,18,N1
143,237.09211000000002,6383273,48.8,237.09210323850002,6.761500003449328e-06,16,13,O2
144,237.1285,11138234,87.0,237.1284887473,1.125270000557066e-05,17,17,O1
149,238.08732999999998,5498243,41.7,238.08735221030003,2.221030004534441e-05,15,12,O2N1
151,239.0714,4247894,31.7,239.0713677941,3.22058999984165e-05,15,11,O3
152,239.10776,7121767,54.8,239.1077533029,6.69710001943713e-06,16,15,O2
153,239.12886,5003377,37.7,239.1288826717,2.267170000891383e-05,13,19,O4
154,239.14414,8436856,65.3,239.1441388117,1.1882999899626157e-06,17,19,O1
155,239.16526000000002,5006978,37.8,239.1652681805,8.180499975196653e-06,14,23,O3
156,239.20167,16752787,132.1,239.2016536893,1.6310700004851242e-05,15,27,O2
157,240.10299999999998,8557629,66.0,240.1030022747,2.274700023008336e-06,15,14,O2N1
158,241.08697,25178124,198.8,241.08701785850002,4.785850001098879e-05,15,13,O3
159,241.18091,12841529,100.2,241.1809182449,8.24489998763056e-06,14,25,O3
161,241.21726,117290056,935.3,241.2173037537,4.3753699998205775e-05,15,29,O2
163,242.09749,8396262,64.7,242.09752297030002,3.29703000261361e-05,18,12,N1
164,242.17614,7320075,56.1,242.1761672167,2.7216700004828454e-05,13,24,O3N1
166,243.0663,4588714,34.0,243.0662824141,1.7585900025096635e-05,14,11,O4
171,244.11315,386513280,3072.2,244.1131730347,2.3034700006974163e-05,18,14,N1
173,244.15589,3919009,28.7,244.15543177230003,0.00045822769996561874,12,22,O4N1
178,245.09718999999998,12339537,95.7,245.0971886185,1.3814999704209185e-06,18,13,O1
181,245.11833,5892699,44.4,245.11831798729997,1.2012700011609923e-05,15,17,O3
184,246.05603,3273222,23.6,246.0560520815,2.2081500020476597e-05,16,8,O2N1
188,247.09751,4207325,30.8,247.0975825429,7.25428999999167e-05,14,15,O4
189,247.11282000000003,15811299,122.7,247.1128386829,1.8682899963096133e-05,18,15,O1
191,247.13396,9573101,73.3,247.13396805169998,8.051699978750548e-06,15,19,O3
192,248.10804,2619552,18.3,248.1080876547,4.765470001188987e-05,17,14,O1N1
194,248.14442999999997,10154160,77.9,248.1444731635,4.316350003819025e-05,18,18,N1
195,249.12845,3618403,26.2,249.1284887473,3.874730001030002e-05,18,17,O1
197,249.14962999999997,2854764,20.1,249.1496181161,1.1883899986742108e-05,15,21,O3
198,250.12375,2839190,19.9,250.1237377191,1.228089999472104e-05,17,16,O1N1
199,250.14482,4013599,29.1,250.1448670879,4.708789998630891e-05,14,20,O3N1
200,250.16009,27651110,215.2,250.16012322790002,3.322790001902831e-05,18,20,N1
201,251.07127999999997,2931247,20.6,251.0713677941,8.779410003967314e-05,16,11,O3
202,251.10775,6706623,50.3,251.1077533029,3.3028999837370066e-06,17,15,O2
204,251.14413,7121102,53.6,251.1441388117,8.811700013211521e-06,18,19,O1
207,251.16518,3040343,21.5,251.1652681805,8.818050000058975e-05,15,23,O3
208,251.20166,4938215,36.4,251.2016536893,6.310700001677105e-06,16,27,O2
210,252.10298999999998,3863910,28.0,252.1030022747,1.2274700026182472e-05,16,14,O2N1
213,253.08702000000002,8608003,65.3,253.08701785850002,2.141500004881891e-06,16,13,O3
214,253.12342999999998,4973842,36.7,253.1234033673,2.6632699984929786e-05,17,17,O2
215,253.14445,11802395,90.4,253.14453273610002,8.273610001197085e-05,14,21,O4
216,253.15968999999998,4655138,34.2,253.1597888761,9.887610002579095e-05,18,21,O1
217,253.21724,986827072,7765.8,253.2173037537,6.375370000455405e-05,16,29,O2
219,254.09747000000002,6687909,49.9,254.09752297030002,5.2970300004062665e-05,19,12,N1
220,254.11856,7291821,54.6,254.1186523391,9.233910000716605e-05,16,16,O2N1
222,254.24894,3253347,23.0,254.2489382343,1.7657000057624828e-06,16,32,O1N1
223,255.06617999999997,4611631,33.6,255.0662824141,0.000102414100012993,15,11,O4
224,255.10263999999998,19003452,146.3,255.10266792289997,2.7922899988652716e-05,16,15,O3
225,255.13905,4891724,35.8,255.1390534317,3.431700008604821e-06,17,19,O2
226,255.16008,2997588,21.0,255.16018280050002,0.00010280050003075303,14,23,O4
227,255.1966,4309347,31.3,255.1965683093,3.169069998421037e-05,15,27,O3
231,255.2328,5244242944,41061.0,255.23295381810001,0.00015381810001713347,16,31,O2
233,256.11311,31266256,242.4,256.11317303469997,6.303469996282729e-05,19,14,N1
236,257.08193,2952012,20.6,257.0819324785,2.4784999936855456e-06,15,13,O4
237,257.09716000000003,4613458,33.5,257.0971886185,2.8618499982258072e-05,19,13,O1
243,257.1758,4355185,31.5,257.1758328649,3.286489999254627e-05,14,25,O4
246,258.07712999999995,2757322,19.0,258.0771814503,5.145030002040585e-05,14,12,O4N1
247,258.09244,6909648,51.4,258.0924375903,2.4097000164147175e-06,18,12,O1N1
248,258.12881,237719776,1850.6,258.1288230991,1.3099099987812224e-05,19,16,N1
249,259.09755,3043402,21.3,259.0975825429,3.254289998722015e-05,15,15,O4
250,259.11283,14369359,109.5,259.11283868289996,8.682899988343706e-06,19,15,O1
253,259.13396,5988951,44.2,259.1339680517,8.051699978750548e-06,16,19,O3
255,259.19142999999997,7649901,57.2,259.1914829293,5.292930001132845e-05,14,27,O4
256,260.07169,6789040,50.5,260.0717021459,1.2145900029736367e-05,17,10,O2N1
260,261.09195,2665631,18.2,261.0921032385,0.00015323849999049344,18,13,O2
262,261.11325,3069734,21.4,261.1132326073,1.7392699987794913e-05,15,17,O4
265,261.14955,5238835,38.2,261.1496181161,6.811610001022927e-05,16,21,O3
266,262.08732000000003,3566717,25.2,262.0873522103,3.221029999167513e-05,17,12,O2N1
267,262.1237,3994249,28.5,262.1237377191,3.771910002114964e-05,18,16,O1N1
269,262.1601,8694422,65.0,262.1601232279,2.3227899987432465e-05,19,20,N1
271,263.14409,4023272,28.8,263.1441388117,4.881169996906465e-05,19,19,O1
274,264.10295,3778602,26.9,264.1030022747,5.227469995361389e-05,17,14,O2N1
276,264.17577,17499458,133.3,264.1757732923,3.2922999935180997e-06,19,22,N1
277,265.08693999999997,5132141,37.2,265.0870178585,7.785850004893291e-05,17,13,O3
278,265.12338,5068921,36.7,265.1234033673,2.3367300002519187e-05,18,17,O2
280,265.15977000000004,4347781,31.1,265.1597888761,1.8876099943554436e-05,19,21,O1
282,265.18082999999996,2976779,20.5,265.1809182449,8.824490004144536e-05,16,25,O3
284,266.09743,195222448,1505.1,266.0975229703,9.297030004518092e-05,20,12,N1
285,266.11865,3728568,26.3,266.1186523391,2.3390999785988242e-06,17,16,O2N1
288,267.0815,2907462,20.0,267.0815385541,3.855410000142001e-05,20,11,O1
291,267.10267000000005,11509997,86.4,267.10266792289997,2.077100077713112e-06,17,15,O3
292,267.13903999999997,3855096,27.3,267.1390534317,1.3431700040200667e-05,18,19,O2
293,267.19658,26768650,204.3,267.1965683093,1.1690699977862096e-05,16,27,O3
294,267.23287,136379664,1050.7,267.2329538181,8.381809999491452e-05,17,31,O2
297,268.11317,17394210,131.9,268.11317303469997,3.0346999437824707e-06,20,14,N1
298,268.13432,6472745,47.5,268.1343024035,1.759650001531554e-05,17,18,O2N1
303,269.0819,3819077,26.9,269.0819324785,3.2478499974786246e-05,16,13,O4
304,269.09718,4983626,35.8,269.0971886185,8.618500032753218e-06,20,13,O1
307,269.11836,12163920,91.0,269.1183179873,4.201270002113233e-05,17,17,O3
308,269.15457000000004,4083291,28.9,269.1547034961,0.00013349609997703737,18,21,O2
309,269.21218,99729256,764.0,269.2122183737,3.8373700022020785e-05,16,29,O3
310,269.24856,183000944,1403.9,269.2486038825,4.388249999465188e-05,17,33,O2
311,270.09243,5455469,39.5,270.0924375903,7.590300015181128e-06,19,12,O1N1
312,270.1288,41279608,314.8,270.1288230991,2.309909996256465e-05,20,16,N1
316,271.11287999999996,5675921,41.2,271.11283868289996,4.131709999910527e-05,20,15,O1
320,271.22787,11034034,82.3,271.2278684381,1.5618999782418541e-06,16,31,O3
322,272.10806,15415975,116.0,272.10808765469994,2.765469992027647e-05,19,14,O1N1
323,272.14451,117498544,900.5,272.1444731635,3.683650004404626e-05,20,18,N1
324,273.09206,5725620,41.3,273.0921032385,4.3238499983999645e-05,19,13,O2
326,273.1285,9079230,67.0,273.12848874729997,1.125270000557066e-05,20,17,O1
329,273.14957999999996,4635588,33.0,273.1496181161,3.8116100029128575e-05,17,21,O3
331,274.08738999999997,6046398,43.8,274.08735221029997,3.778970000212212e-05,18,12,O2N1
334,275.10767999999996,2845640,19.3,275.1077533029,7.330290003437767e-05,19,15,O2
336,275.12879,3080398,21.1,275.1288826717,9.267170003113279e-05,16,19,O4
337,275.14417000000003,7342034,53.7,275.1441388117,3.1188300056328444e-05,20,19,O1
339,275.16531000000003,3338711,23.1,275.1652681805,4.181950004067403e-05,17,23,O3
340,275.20162999999997,19193312,144.3,275.2016536893,2.3689300007845304e-05,18,27,O2
341,276.10306,9824966,72.7,276.1030022747,5.77253000528799e-05,18,14,O2N1
342,276.13937000000004,2813135,19.1,276.13938778349996,1.778349991354844e-05,19,18,O1N1
344,276.16051,2695125,18.2,276.1605171523,7.152299986046273e-06,16,22,O3N1
345,276.17576,6888665,50.2,276.1757732923,1.3292299968270527e-05,20,22,N1
348,277.08698,6161852,44.7,277.0870178585,3.7858500036236364e-05,18,13,O3
349,277.14448,3768010,26.4,277.1445327361,5.273610003087015e-05,16,21,O4
350,277.15972999999997,2859725,19.4,277.1597888761,5.88761000130944e-05,20,21,O1
352,277.21724,45701084,345.2,277.2173037537,6.375369997613234e-05,18,29,O2
354,278.11862,6001847,43.2,278.1186523391,3.2339099959699524e-05,18,16,O2N1
356,278.1914,9988296,73.5,278.1914233567,2.335670001230028e-05,20,24,N1
360,278.24893,6622422,47.9,278.24893823429994,8.234299968989944e-06,18,32,O1N1
362,279.10267999999996,5748641,41.3,279.10266792289997,1.207709999562212e-05,18,15,O3
363,279.13864,3726249,25.9,279.1390534317,0.00041343169999663587,19,19,O2
365,279.23294,859236800,6534.3,279.2329538181,1.3818100001117273e-05,18,31,O2
368,280.11278,247655056,1881.6,280.11317303469997,0.00039303469998230867,21,14,N1
372,280.26427,37694128,284.3,280.26458829869995,0.00031829869993771354,18,34,O1N1
373,281.08162999999996,4072808,28.5,281.0819324785,0.0003024785000320662,17,13,O4
381,281.11807000000005,19327856,144.6,281.1183179873,0.0002479872999288091,18,17,O3
384,281.17555,4338557,30.6,281.1758328649,0.00028286489998663455,16,25,O4
385,281.21191,8409989,61.5,281.2122183737,0.00030837370002245734,17,29,O3
388,281.24835,23068993536,175496.8,281.2486038825,0.0002538824999760436,18,33,O2
392,282.11334,5000269,35.4,282.11356695909996,0.00022695909996173214,17,16,O3N1
396,282.12863,56360016,424.1,282.1288230991,0.00019309909998810326,21,16,N1
397,282.14973,7375957,53.4,282.1499524679,0.00022246790001645422,18,20,O2N1
405,283.09746,6940963,50.1,283.0975825429,0.00012254289998736567,17,15,O4
406,283.11267999999995,15942950,118.2,283.11283868289996,0.00015868290000753404,21,15,O1
409,283.13383,16745770,124.3,283.1339680517,0.0001380516999915926,18,19,O3
410,283.17021,6982962,50.4,283.1703535605,0.00014356050002106713,19,23,O2
411,283.19135,19856694,147.8,283.1914829293,0.00013292929997987812,16,27,O4
412,283.22774,43912512,329.9,283.2278684381,0.0001284381000346002,17,31,O3
418,283.26408,7943286272,60109.3,283.2642539469,0.00017394690001992785,18,35,O2
420,284.10799,21450234,159.9,284.10808765469994,9.765469997091714e-05,20,14,O1N1
423,284.1444,82865664,624.7,284.1444731635,7.316349996244753e-05,21,18,N1
426,284.2586,11783705,86.7,284.2595029187,0.0009029186999782723,17,34,O2N1
433,285.1132,5534410,39.4,285.1132326073,3.260729999965406e-05,17,17,O4
436,285.12843,13979341,103.3,285.12848874729997,5.874729998822659e-05,21,17,O1
444,285.20706,56291036,423.5,285.2071329937,7.299369997326721e-05,16,29,O4
445,285.24347,6483685,46.6,285.24351850249997,4.850249996479761e-05,17,33,O3
452,286.1237,47357848,355.9,286.12373771909995,3.7719099964306224e-05,20,16,O1N1
455,286.16012,133787552,1010.0,286.1601232279,3.2278999810841924e-06,21,20,N1
458,286.27428,4171701,29.0,286.2751529831,0.0008729831000096056,17,36,O2N1
459,287.07139,7416404,53.4,287.0713677941,2.2205899995242362e-05,19,11,O3
460,287.10773,15399002,113.5,287.1077533029,2.330289999008528e-05,20,15,O2
463,287.12889,4606047,32.2,287.1288826717,7.3283000006085786e-06,17,19,O4
465,287.14415,14809186,109.0,287.1441388117,1.1188300049980171e-05,21,19,O1
471,287.2228,96145520,721.2,287.2227830581,1.69419000144444e-05,16,31,O4
472,288.10297,13156636,96.6,288.1030022747,3.227469994726562e-05,19,14,O2N1
475,288.13944,3054627,20.6,288.13938778349996,5.221650002340539e-05,20,18,O1N1
480,288.17578,3265066,22.1,288.1757732923,6.7076999812343274e-06,21,22,N1
482,289.08702999999997,6239704,44.5,289.0870178585,1.2141499951212609e-05,19,13,O3
483,289.12338,6838238,49.0,289.1234033673,2.3367300002519187e-05,20,17,O2
485,289.14455,2896098,19.4,289.1445327361,1.72638999629271e-05,17,21,O4
486,289.15984,10530277,76.8,289.1597888761,5.112389999339939e-05,21,21,O1
488,289.18088,5809129,41.3,289.1809182449,3.824489999715297e-05,18,25,O3
490,290.08231,2751121,18.3,290.0822668303,4.316970000672882e-05,18,12,O3N1
491,290.09757,33968788,253.2,290.09752297029996,4.702970005610041e-05,22,12,N1
492,290.11865,15411864,113.6,290.1186523391,2.3390999785988242e-06,19,16,O2N1
493,290.1398,2832284,18.9,290.1397817079,1.8292099980499188e-05,16,20,O4N1
494,290.15506,2639006,17.4,290.15503784789996,2.215210002987078e-05,20,20,O1N1
495,290.17624,3522722,24.1,290.1761672167,7.278330002691291e-05,17,24,O3N1
496,290.19141,6929573,49.7,290.1914233567,1.3356699980704434e-05,21,24,N1
498,291.10266,9888587,71.6,291.10266792289997,7.922899953882734e-06,19,15,O3
502,291.19662,8545116,61.5,291.1965683093,5.169069999055864e-05,18,27,O3
506,292.098,4070397,28.0,292.09791689469995,8.310530006383487e-05,18,14,O3N1
507,292.11316,22815744,168.3,292.11317303469997,1.3034699975378317e-05,22,14,N1
508,292.13423,7223812,51.6,292.1343024035,7.240349998482998e-05,19,18,O2N1
510,292.20705,7473681,53.5,292.2070734211,2.3421100024734187e-05,21,26,N1
512,293.08197,3489194,23.7,293.0819324785,3.7521500019011e-05,18,13,O4
515,293.11826,8276656,59.5,293.1183179873,5.7987299953765614e-05,19,17,O3
516,293.15474,2977719,19.9,293.1547034961,3.650389999165782e-05,20,21,O2
517,293.17576,55665852,414.2,293.1758328649,7.28648999483994e-05,17,25,O4
520,293.21226,52053184,387.2,293.2122183737,4.162630000337231e-05,18,29,O3
521,294.07717,4301653,29.8,294.0771814503,1.1450299950865883e-05,17,12,O4N1
523,294.11357000000004,10616155,77.0,294.11356695909996,3.0409000828512944e-06,18,16,O3N1
524,294.12886000000003,298710368,2233.4,294.1288230991,3.690090005648017e-05,22,16,N1
525,294.14994,4505954,31.3,294.1499524679,1.2467899978219066e-05,19,20,O2N1
529,295.09753,6673410,47.5,295.0975825429,5.2542899993568426e-05,18,15,O4
532,295.11287000000004,9059332,65.4,295.11283868289996,3.131710008119626e-05,22,15,O1
535,295.13398,12472839,90.9,295.1339680517,1.1948300027597725e-05,19,19,O3
537,295.17033,3259662,22.0,295.1703535605,2.356050003982091e-05,20,23,O2
538,295.19147999999996,5123601,35.9,295.1914829293,2.9293000238794775e-06,17,27,O4
539,295.2278,719648256,5384.1,295.2278684381,6.843810001555539e-05,18,31,O3
540,295.26425,44529180,330.9,295.2642539469,3.946899994389241e-06,19,35,O2
541,296.07174,2876579,19.0,296.07170214589996,3.7854100014556025e-05,20,10,O2N1
544,296.10808,4549801,31.4,296.10808765469994,7.654699970771617e-06,21,14,O1N1
547,296.12923,3730348,25.3,296.12921702349996,1.2976500045169814e-05,18,18,O3N1
550,296.14452,37246640,274.8,296.1444731635,4.683650001879869e-05,22,18,N1
551,296.16551,6005426,42.3,296.1656025323,9.253230001604607e-05,19,22,O2N1
558,297.11317,6520140,46.1,297.1132326073,6.260729998075476e-05,18,17,O4
559,297.12846,16002894,116.7,297.12848874729997,2.8747299950282468e-05,22,17,O1
562,297.14964,7038290,50.0,297.1496181161,2.1883899989916245e-05,19,21,O3
564,297.18596,4160856,28.5,297.1860036249,4.362490000175967e-05,20,25,O2
565,297.20709,14632795,106.5,297.2071329937,4.299369999216651e-05,17,29,O4
569,297.24343,2543908608,18930.1,297.24351850249997,8.850249997749415e-05,18,33,O3
570,297.27985,26652518,195.9,297.2799040113,5.401129999427212e-05,19,37,O2
571,298.08736,2860008,18.9,298.08735221029997,7.789700021021417e-06,20,12,O2N1
572,298.12372,17299438,126.3,298.12373771909995,1.771909995795795e-05,21,16,O1N1
575,298.16012,50374644,372.5,298.1601232279,3.2278999810841924e-06,22,20,N1
577,299.10773,4052616,27.7,299.1077533029,2.330289999008528e-05,21,15,O2
579,299.12895,3446667,23.2,299.1288826717,6.732829996280998e-05,18,19,O4
580,299.14419,9841806,70.8,299.1441388117,5.11883000058333e-05,22,19,O1
583,299.16532,3569553,24.1,299.1652681805,5.1819500015426456e-05,19,23,O3
586,299.20167999999995,4149399,28.5,299.2016536893,2.631069997960367e-05,20,27,O2
587,299.22282,18675866,136.6,299.2227830581,3.694190002079267e-05,17,31,O4
590,299.25911,28516512,209.8,299.2591685669,5.856689995198394e-05,18,35,O3
592,300.10307,5145378,35.9,300.1030022747,6.772530002763233e-05,20,14,O2N1
593,300.13936,36833576,271.7,300.13938778349996,2.7783499945144285e-05,21,18,O1N1
595,300.17581,49592620,366.7,300.1757732923,3.6707700019178446e-05,22,22,N1
598,300.19707,5940016,41.8,300.19690266109995,0.00016733890004161367,19,26,O2N1
603,301.08707999999996,6669240,46.9,301.0870178585,6.214149993866158e-05,20,13,O3
604,301.12332999999995,15015357,108.7,301.1234033673,7.336730004681158e-05,21,17,O2
607,301.14455,3570624,24.0,301.1445327361,1.72638999629271e-05,18,21,O4
608,301.15982,9355202,66.8,301.1597888761,3.112390004389454e-05,22,21,O1
611,301.18096,3483590,23.4,301.1809182449,4.175510002824012e-05,19,25,O3
614,301.21727000000004,3587019,24.1,301.2173037537,3.375369993818822e-05,20,29,O2
615,301.23849,19116494,139.0,301.2384331225,5.687750001470704e-05,17,33,O4
617,302.11859,17244754,125.2,302.1186523391,6.233909999764364e-05,20,16,O2N1
622,303.10261,8778467,62.5,303.10266792289997,5.792289994133171e-05,20,15,O3
624,303.1391,7603945,53.8,303.1390534317,4.656829997884415e-05,21,19,O2
625,303.16024,3271404,21.8,303.1601828005,5.719949996318974e-05,18,23,O4
626,303.17542000000003,4008174,27.2,303.1754389405,1.8940499955988344e-05,22,23,O1
628,303.19645,2873585,18.8,303.1965683093,0.00011830929997813655,19,27,O3
630,303.23305,5565175,38.8,303.2329538181,9.618190000537652e-05,20,31,O2
633,304.09794,4737909,32.6,304.09791689469995,2.3105300044790056e-05,19,14,O3N1
634,304.11312999999996,79108984,582.9,304.11317303469997,4.3034700013322436e-05,23,14,N1
635,304.1343,15946618,115.6,304.1343024035,2.4034999910327315e-06,20,18,O2N1
636,304.19177,3121538,20.7,304.1918172811,4.7281099966767215e-05,18,26,O3N1
637,304.20704,5015941,34.7,304.2070734211,3.3421099999486614e-05,22,26,N1
639,305.08203,2832386,18.5,305.0819324785,9.75214999812124e-05,19,13,O4
642,305.11831,9053191,64.6,305.1183179873,7.987299966316641e-06,20,17,O3
645,305.17596000000003,3193872,21.2,305.1758328649,0.00012713510005823991,18,25,O4
647,305.24874,2827802,18.5,305.2486038825,0.00013611750000563916,20,33,O2
648,306.09247999999997,3713938,24.9,306.09243759029994,4.2409700029111264e-05,22,12,O1N1
650,306.11361,5505173,38.1,306.11356695909996,4.304090003870442e-05,19,16,O3N1
651,306.12887,52018328,380.1,306.1288230991,4.6900900031232595e-05,23,16,N1
652,306.1499,6524058,45.6,306.1499524679,5.246789999091561e-05,20,20,O2N1
655,306.22272999999996,4600997,31.4,306.22272348549996,6.5145000007760245e-06,22,28,N1
656,307.09758,3872031,26.1,307.0975825429,2.542900006119453e-06,19,15,O4
659,307.11277,7022370,49.2,307.11283868289996,6.86828999505451e-05,23,15,O1
662,307.13396,7586085,53.4,307.1339680517,8.051699978750548e-06,20,19,O3
663,307.19145,16287021,117.4,307.1914829293,3.292930000498018e-05,18,27,O4
664,307.22792000000004,5586226,38.7,307.22786843809996,5.1561900079377665e-05,19,31,O3
665,307.26429,12053815,86.2,307.2642539469,3.6053100018307305e-05,20,35,O2
666,308.09285,5068714,34.9,308.0928315147,1.848530001780091e-05,18,14,O4N1
668,308.10816,6082476,42.3,308.10808765469994,7.234530005462148e-05,22,14,O1N1
670,308.1293,10496431,74.8,308.12921702349996,8.297650003896706e-05,19,18,O3N1
671,308.14445,196558256,1443.1,308.1444731635,2.3163499974998558e-05,23,18,N1
672,308.16556,3178932,21.0,308.1656025323,4.253229997175367e-05,20,22,O2N1
674,308.22317999999996,4508092,30.7,308.2231174099,6.259009995801534e-05,18,30,O3N1
676,308.29598,3148998,20.8,308.29588842749996,9.15725000254497e-05,20,38,O1N1
677,309.11325,5599287,38.8,309.1132326073,1.7392699987794913e-05,19,17,O4
680,309.12845,8969785,63.6,309.12848874729997,3.8747299981878314e-05,23,17,O1
683,309.14966,8491580,60.0,309.1496181161,4.188389999626452e-05,20,21,O3
686,309.20712000000003,50392644,368.2,309.2071329937,1.2993699954222393e-05,18,29,O4
688,309.24355,3424073,22.8,309.24351850249997,3.1497500060595485e-05,19,33,O3
689,309.27994,118718032,870.6,309.2799040113,3.59887000058734e-05,20,37,O2
690,310.08742,4835005,33.1,310.08735221029997,6.778970004006624e-05,21,12,O2N1
692,310.12372,4515009,30.8,310.12373771909995,1.771909995795795e-05,22,16,O1N1
694,310.1449,4605124,31.5,310.14486708789997,3.291210003908418e-05,19,20,O3N1
696,310.1602,27748038,201.6,310.1601232279,7.677209998746548e-05,23,20,N1
697,310.18129,6541001,45.7,310.1812525967,3.740329998436209e-05,20,24,O2N1
701,311.10772000000003,3408711,22.7,311.1077533029,3.330289996483771e-05,22,15,O2
705,311.12887,4277834,29.1,311.1288826717,1.2671700005739694e-05,19,19,O4
706,311.14421,10248012,73.0,311.1441388117,7.118830001218157e-05,23,19,O1
709,311.16533,4350287,29.6,311.1652681805,6.181949999017888e-05,20,23,O3
712,311.22283999999996,208273232,1529.2,311.2227830581,5.694189997029753e-05,18,31,O4
713,311.25915,7135068,50.1,311.2591685669,1.8566899996130815e-05,19,35,O3
714,311.29556,108822368,797.9,311.2955540757,5.92430001233879e-06,20,39,O2
715,312.10291,6009806,41.5,312.1030022747,9.227469996631044e-05,21,14,O2N1
716,312.13948,12160978,86.5,312.13938778349996,9.221650003610193e-05,22,18,O1N1
718,312.17574,30736344,222.2,312.1757732923,3.32922999746188e-05,23,22,N1
722,313.1234,4310103,29.1,313.1234033673,3.367299996170914e-06,22,17,O2
724,313.14453,2988890,19.4,313.1445327361,2.7361000434211746e-06,19,21,O4
725,313.15982,7585884,53.0,313.1597888761,3.112390004389454e-05,23,21,O1
728,313.18089,3406174,22.5,313.1809182449,2.8244900022400543e-05,20,25,O3
732,313.23841,1592983680,11639.3,313.2384331225,2.3122500010686053e-05,18,33,O4
734,314.11862,7620828,53.3,314.1186523391,3.2339099959699524e-05,21,16,O2N1
735,314.15509,25858272,186.6,314.15503784789996,5.215210001097148e-05,22,20,O1N1
737,314.19145,22284518,160.5,314.1914233567,2.6643299975148693e-05,23,24,N1
740,315.10274,7984479,56.0,315.10266792289997,7.207710001466694e-05,21,15,O3
742,315.13903,14694756,105.0,315.1390534317,2.3431700014953094e-05,22,19,O2
744,315.16016,2695527,17.3,315.1601828005,2.2800500005359936e-05,19,23,O4
745,315.17545,5378921,36.9,315.1754389405,1.1059500025112357e-05,23,23,O1
750,315.19662,3522156,23.3,315.19656830929995,5.169070004740206e-05,20,27,O3
755,315.25397000000004,796852608,5821.1,315.2540831869,0.00011318689996642206,18,35,O4
757,316.09783,3640548,24.2,316.09791689469995,8.689469996170374e-05,20,14,O3N1
758,316.11319,74252776,540.2,316.11317303469997,1.6965300005722384e-05,24,14,N1
759,316.13439,15047145,107.6,316.1343024035,8.759650000911279e-05,21,18,O2N1
763,317.08203,3187303,20.8,317.0819324785,9.75214999812124e-05,20,13,O4
768,317.11832000000004,7519852,52.2,317.1183179873,2.012700065279205e-06,21,17,O3
772,317.15463,6178929,42.5,317.1547034961,7.349610001483597e-05,22,21,O2
780,318.11359,3640304,24.0,318.11356695909996,2.304090003235615e-05,20,16,O3N1
781,318.12889,68207344,492.9,318.1288230991,6.690090003758087e-05,24,16,N1
782,318.15002999999996,9972469,70.0,318.1499524679,7.753209996508303e-05,21,20,O2N1
783,318.22272999999996,2965247,19.1,318.22272348549996,6.5145000007760245e-06,23,28,N1
787,319.0976,3137395,20.4,319.0975825429,1.745710000022882e-05,20,15,O4
788,319.11293,4683125,31.6,319.11283868289996,9.131710004339766e-05,24,15,O1
791,319.13398,6667128,46.0,319.1339680517,1.1948300027597725e-05,21,19,O3
794,319.22801,2862597,18.4,319.22786843809996,0.00014156190002267977,20,31,O3
799,320.10814,7241722,50.2,320.10808765469994,5.23453000482732e-05,23,14,O1N1
802,320.12922000000003,5821437,39.9,320.12921702349996,2.976500070417387e-06,20,18,O3N1
803,320.14441,56546304,408.2,320.1444731635,6.31634999876951e-05,24,18,N1
804,320.16553999999996,4831234,32.7,320.1656025323,6.253230003494537e-05,21,22,O2N1
810,321.11325,3439489,22.6,321.1132326073,1.7392699987794913e-05,20,17,O4
812,321.12844,7666819,53.3,321.12848874729997,4.874729995663074e-05,24,17,O1
815,321.14963,5713542,39.1,321.1496181161,1.1883900015163817e-05,21,21,O3
822,321.24349,8119443,56.6,321.24351850249997,2.8502499958449334e-05,20,33,O3
826,322.12367,12826889,90.8,322.12373771909995,6.771909994540692e-05,23,16,O1N1
829,322.14491,7385356,51.2,322.14486708789997,4.291210001383661e-05,20,20,O3N1
830,322.16017999999997,79701264,576.3,322.1601232279,5.677209998111721e-05,24,20,N1
832,323.10787,3286926,21.4,323.1077533029,0.00011669709999750921,23,15,O2
834,323.12888,3797905,25.0,323.1288826717,2.6717000309872674e-06,20,19,O4
837,323.14409,8008083,55.4,323.1441388117,4.881169996906465e-05,24,19,O1
840,323.16533,5073302,34.2,323.1652681805,6.181949999017888e-05,21,23,O3
842,323.22272999999996,9853342,68.8,323.2227830581,5.3058100036196265e-05,19,31,O4
843,323.25916,7417251,51.2,323.2591685669,8.566899964534969e-06,20,35,O3
844,323.2956,3260328,21.2,323.2955540757,4.592429996819192e-05,21,39,O2
845,324.10305,5720598,38.9,324.1030022747,4.7725300021284056e-05,22,14,O2N1
846,324.12417999999997,3973145,26.3,324.1241316435,4.8356499974033795e-05,19,18,O4N1
848,324.13937999999996,4420635,29.5,324.13938778349996,7.783499995639431e-06,23,18,O1N1
850,324.16052,3491870,22.8,324.1605171523,2.8477000455495727e-06,20,22,O3N1
851,324.17582000000004,17907232,126.9,324.1757732923,4.670770005077429e-05,24,22,N1
852,324.19698,8997410,62.6,324.1969026611,7.733889998462473e-05,21,26,O2N1
853,325.12352000000004,4102818,27.2,325.1234033673,0.00011663270004191872,23,17,O2
855,325.14467,2775205,17.7,325.1445327361,0.00013726390000101674,20,21,O4
856,325.15977000000004,6149799,42.0,325.1597888761,1.8876099943554436e-05,24,21,O1
857,325.18086,158926512,1144.9,325.1809182449,5.824490000350124e-05,21,25,O3
861,325.23854,10906289,76.4,325.2384331225,0.00010687750000215601,19,33,O4
862,325.27479,16254646,115.0,325.2748186313,2.863129998331715e-05,20,37,O3
863,325.31124,10194620,71.2,325.3112041401,3.585989998100558e-05,21,41,O2
865,326.11861,6764332,46.5,326.1186523391,4.233909999129537e-05,22,16,O2N1
866,326.15517,9135920,63.6,326.15503784789996,0.00013215210003636457,23,20,O1N1
870,326.19146,17422134,123.4,326.1914233567,3.664330000674454e-05,24,24,N1
872,326.23367,11258683,78.9,326.2336820943,1.2094299961518118e-05,18,32,O4N1
877,327.10274,4171189,27.7,327.10266792289997,7.207710001466694e-05,22,15,O3
878,327.13902,4658618,31.3,327.1390534317,3.343169998970552e-05,23,19,O2
879,327.17545,5675967,38.6,327.1754389405,1.1059500025112357e-05,24,23,O1
886,327.25406,16697290,118.2,327.2540831869,2.318690002311996e-05,19,35,O4
888,328.09791,3594817,23.6,328.09791689469995,6.894699936310644e-06,21,14,O3N1
889,328.11316,3400772,22.2,328.11317303469997,1.3034699975378317e-05,25,14,N1
891,328.13433,7536711,52.0,328.1343024035,2.759649999006797e-05,22,18,O2N1
892,328.17077,16613452,117.6,328.17068791229997,8.208770003648169e-05,23,22,O1N1
894,328.20703,12547153,88.2,328.2070734211,4.342110003108246e-05,24,26,N1
896,328.24942000000004,5090391,34.4,328.2493321587,8.784130005778934e-05,18,34,O4N1
899,329.11843,9525459,66.0,329.1183179873,0.00011201270001492958,22,17,O3
900,329.15469,14059736,98.6,329.1547034961,1.3496099995791155e-05,23,21,O2
902,329.1911,2828254,17.9,329.1910890049,1.099510001267845e-05,24,25,O1
906,329.26971000000003,12268777,85.7,329.2697332513,2.325129997871045e-05,19,37,O4
907,330.07732000000004,3091293,19.8,330.0771814503,0.00013854970006832446,20,12,O4N1
909,330.11359,5593955,37.8,330.11356695909996,2.304090003235615e-05,21,16,O3N1
910,330.12877000000003,108284264,775.2,330.1288230991,5.309909994366535e-05,25,16,N1
911,330.14992,12487016,87.3,330.1499524679,3.246789998456734e-05,22,20,O2N1
915,331.09752000000003,4378098,29.1,331.0975825429,6.254289996832085e-05,21,15,O4
921,331.13399,7188984,49.2,331.1339680517,2.1948300002350152e-05,22,19,O3
923,331.17046,5630461,38.1,331.1703535605,0.00010643949997302116,23,23,O2
929,332.10797,4792455,32.0,332.10808765469994,0.00011765469992042199,24,14,O1N1
932,332.12924,5099147,34.2,332.12921702349996,2.297650001992224e-05,21,18,O3N1
934,332.14457999999996,56715916,404.9,332.1444731635,0.00010683649998100009,25,18,N1
935,332.16568,8227472,56.7,332.1656025323,7.746770000949255e-05,22,22,O2N1
941,333.12857,5876511,39.8,333.12848874729997,8.125270005621132e-05,25,17,O1
944,333.14968,4638499,30.9,333.1496181161,6.188390000261279e-05,22,21,O3
951,334.12377999999995,10813365,75.3,334.12373771909995,4.228090000424345e-05,24,16,O1N1
954,334.14497,5060024,34.0,334.14486708789997,0.00010291210003288143,21,20,O3N1
955,334.1602,44301244,315.7,334.1601232279,7.677209998746548e-05,25,20,N1
958,335.12891,3124302,19.9,335.1288826717,2.732830000695685e-05,21,19,O4
961,335.14423,6866000,46.7,335.1441388117,9.118830001852984e-05,25,19,O1
964,335.16546,3393107,21.9,335.1652681805,0.00019181950000302095,22,23,O3
969,335.25925,5327970,35.7,335.2591685669,8.143310003561055e-05,21,35,O3
973,336.13937000000004,13931752,97.1,336.13938778349996,1.778349991354844e-05,24,18,O1N1
976,336.1606,5324524,35.7,336.1605171523,8.284770001409925e-05,21,22,O3N1
977,336.17589,40008944,283.3,336.1757732923,0.00011670769998772812,25,22,N1
978,336.19691,2946545,18.7,336.1969026611,7.3388999908274855e-06,22,26,O2N1
980,336.32721000000004,86125832,612.6,336.3271885563,2.1443700063628057e-05,22,42,O1N1
981,337.12346,4739969,31.5,337.1234033673,5.6632700022873905e-05,24,17,O2
985,337.15977000000004,5735815,38.6,337.1597888761,1.8876099943554436e-05,25,21,O1
988,337.18095,3427722,22.1,337.1809182449,3.1755099996644276e-05,22,25,O3
992,337.2385,5854611,39.4,337.2384331225,6.687749998945947e-05,20,33,O4
993,337.31129,9372062,64.6,337.3112041401,8.585989996845456e-05,22,41,O2
995,338.11877999999996,5087772,34.0,338.1186523391,0.00012766089997739982,23,16,O2N1
997,338.15507,3908130,25.5,338.15503784789996,3.2152100061466626e-05,24,20,O1N1
998,338.19138,12590631,87.5,338.1914233567,4.335670001864855e-05,25,24,N1
999,338.21258,14751275,103.0,338.21255272549996,2.727450004158527e-05,22,28,O2N1
1001,339.13901,2731197,17.1,339.1390534317,4.343170002130137e-05,24,19,O2
1004,339.17553,3935938,25.7,339.1754389405,9.105949999366203e-05,25,23,O1
1007,339.19671,2976710,18.9,339.19656830929995,0.00014169070004754758,22,27,O3
1014,339.25404,14609103,102.0,339.2540831869,4.3186900029468234e-05,20,35,O4
1015,339.32691,31420122,222.0,339.3268542045,5.579549997491995e-05,22,43,O2
1018,340.13437000000005,6503259,44.1,340.1343024035,6.759650005960793e-05,23,18,O2N1
1020,340.17072,5961568,40.2,340.17068791229997,3.208770004903272e-05,24,22,O1N1
1021,340.20709,10071910,69.6,340.2070734211,1.657889998796236e-05,25,26,N1
1023,340.24948,3173741,20.3,340.2493321587,0.00014784130001999074,19,34,O4N1
1026,340.28569,3172211,20.3,340.28571766749997,2.7667499978178967e-05,20,38,O3N1
1030,341.1183,4099064,26.9,341.1183179873,1.7987299997912487e-05,23,17,O3
1031,341.1547,3482366,22.5,341.1547034961,3.4961000210387283e-06,24,21,O2
1032,341.17591,3974657,26.0,341.17583286490003,7.71350999571041e-05,21,25,O4
1034,341.19113,3367428,21.7,341.1910890049,4.099509999377915e-05,25,25,O1
1038,341.21227999999996,4513287,29.9,341.21221837369995,6.162630000972058e-05,22,29,O3
1042,341.26974,18128912,127.1,341.2697332513,6.748700002390251e-06,20,37,O4
1045,342.11362,4680856,30.9,342.11356695909996,5.304090007030027e-05,22,16,O3N1
1046,342.12892999999997,10839195,74.6,342.1288230991,0.000106900899993434,26,16,N1
1047,342.15006,5752990,38.5,342.1499524679,0.00010753210000302715,23,20,O2N1
1048,342.18633,10385572,71.4,342.1863379767,7.976699976097734e-06,24,24,O1N1
1049,342.22267999999997,6415530,43.2,342.22272348549996,4.348549998667295e-05,25,28,N1
1052,343.09763,3324728,21.2,343.0975825429,4.745709998132952e-05,22,15,O4
1055,343.13405,8743230,59.7,343.1339680517,8.194830002139497e-05,23,19,O3
1056,343.17033,11121988,76.6,343.1703535605,2.356050003982091e-05,24,23,O2
1060,343.28538,8231255,56.1,343.2853833157,3.315700041639502e-06,20,39,O4
1061,344.0929,3711451,24.0,344.0928315147,6.848530000524988e-05,21,14,O4N1
1064,344.12921,5810657,38.9,344.12921702349996,7.023499961178459e-06,22,18,O3N1
1066,344.14442,67858912,479.4,344.1444731635,5.316349995609926e-05,26,18,N1
1067,344.16562000000005,8773095,59.9,344.1656025323,1.7467700047291146e-05,23,22,O2N1
1070,345.11317,3445379,22.1,345.1132326073,6.260729998075476e-05,22,17,O4
1075,345.1496,4861065,32.2,345.1496181161,1.8116099965936883e-05,23,21,O3
1077,345.18611,4974223,33.0,345.1860036249,0.00010637509996058725,24,25,O2
1081,346.1237,5713706,38.2,346.12373771909995,3.7719099964306224e-05,25,16,O1N1
1084,346.14495,4207918,27.5,346.14486708789997,8.291210002653315e-05,22,20,O3N1
1085,346.16021,35066672,246.6,346.1601232279,8.677210001906133e-05,26,20,N1
1086,346.18127999999996,4245300,27.8,346.1812525967,2.7403299952766247e-05,23,24,O2N1
1090,347.12885,3011538,19.0,347.1288826717,3.267170001208797e-05,22,19,O4
1092,347.1442,4578261,30.1,347.1441388117,6.118830003742914e-05,26,19,O1
1095,347.16534,4115416,26.9,347.1652681805,7.181950002177473e-05,23,23,O3
1099,347.25909,2753768,17.2,347.2591685669,7.856689995833221e-05,22,35,O3
1102,348.1394,10620028,73.0,348.13938778349996,1.221650006755226e-05,25,18,O1N1
1104,348.16055,4479616,29.4,348.1605171523,3.284770002665027e-05,22,22,O3N1
1105,348.17586,28374146,199.1,348.1757732923,8.670770000662742e-05,26,22,N1
1108,349.1234,2904866,18.2,349.1234033673,3.367299996170914e-06,25,17,O2
1112,349.15983,5713704,38.0,349.1597888761,4.1123900018646964e-05,26,21,O1
1115,349.18098,2942252,18.4,349.1809182449,6.175509997774498e-05,23,25,O3
1117,349.19642999999996,2655791,16.4,349.1961743849,0.0002556150999453166,27,25,
1119,349.27477000000005,7033148,47.3,349.2748186313,4.8631299932822e-05,22,37,O3
1121,350.11883,3377099,21.5,350.1186523391,0.00017766090002169221,24,16,O2N1
1124,350.15502999999995,13166033,90.6,350.15503784789996,7.847900008073339e-06,25,20,O1N1
1126,350.17616,3763157,24.2,350.1761672167,7.2166999984801805e-06,22,24,O3N1
1127,350.19151,19213784,133.2,350.1914233567,8.664329999419351e-05,26,24,N1
1129,351.10278999999997,3208308,20.3,351.10266792289997,0.0001220771000021159,24,15,O3
1130,351.13915,4507770,29.5,351.1390534317,9.656829996629313e-05,25,19,O2
1132,351.16027,2822781,17.6,351.1601828005,8.719950000113386e-05,22,23,O4
1134,351.17546,4463744,29.1,351.1754389405,2.1059499999864784e-05,26,23,O1
1137,351.21215,6560390,43.9,351.21182444929997,0.0003255507000403668,27,27,
1141,352.13434,6055717,40.4,352.1343024035,3.7596500021663815e-05,24,18,O2N1
1143,352.17084,2892075,18.1,352.17068791229997,0.00015208770003027894,25,22,O1N1
1144,352.20713,6305586,42.1,352.2070734211,5.6578900000658905e-05,26,26,N1
1146,352.22819,16551733,114.5,352.22820278989997,1.2789899983545183e-05,23,30,O2N1
1148,353.11849,2902735,18.1,353.1183179873,0.0001720127000339744,24,17,O3
1149,353.15467,2933973,18.4,353.1547034961,3.349610000213943e-05,25,21,O2
1152,353.21227999999996,2917599,18.2,353.21221837369995,6.162630000972058e-05,23,29,O3
1153,353.22795,3342306,21.2,353.2274745137,0.0004754863000471232,27,29,
1157,353.26979,6454761,43.2,353.2697332513,5.6748699989839224e-05,21,37,O4
1158,353.34259,11976694,82.2,353.34250426890003,8.573109994358674e-05,23,45,O2
1161,354.11352999999997,2755708,17.1,354.11356695909996,3.695909998668867e-05,23,16,O3N1
1163,354.15006,4772482,31.3,354.1499524679,0.00010753210000302715,24,20,O2N1
1164,354.18636000000004,3106953,19.6,354.1863379767,2.2023300061846385e-05,25,24,O1N1
1165,354.22267,5840527,38.9,354.22272348549996,5.3485499961425376e-05,26,28,N1
1171,355.13402,4497710,29.4,355.1339680517,5.194830004029427e-05,24,19,O3
1172,355.17026,3832116,24.7,355.1703535605,9.356050003361815e-05,25,23,O2
1177,355.28532,7621961,51.1,355.2853833157,6.33157000038409e-05,21,39,O4
1180,356.12916,4075485,26.2,356.12921702349996,5.702349994862743e-05,23,18,O3N1
1181,356.14451,17490400,120.3,356.1444731635,3.683650004404626e-05,27,18,N1
1182,356.16561,4937699,32.3,356.1656025323,7.4677000156953e-06,24,22,O2N1
1183,356.2021,5625321,37.1,356.2019880411,0.00011195889999271458,25,26,O1N1
1189,357.14966,6267024,41.6,357.1496181161,4.188389999626452e-05,24,21,O3
1190,357.18595,6891159,46.0,357.1860036249,5.3624900033355516e-05,25,25,O2
1193,357.30102,5231787,34.3,357.3010333801,1.3380100028825836e-05,21,41,O4
1195,358.12369,2726333,16.8,358.12373771909995,4.771909993905865e-05,26,16,O1N1
1197,358.14463,4353600,28.2,358.14486708789997,0.00023708789996135238,23,20,O3N1
1198,358.16005,35691332,248.0,358.1601232279,7.322789997488144e-05,27,20,N1
1199,358.18127999999996,5835591,38.6,358.1812525967,2.7403299952766247e-05,24,24,O2N1
1204,359.14419,2727922,16.8,359.1441388117,5.11883000058333e-05,27,19,O1
1207,359.16531000000003,4174326,26.9,359.1652681805,4.181950004067403e-05,24,23,O3
1208,359.20162999999997,3350012,21.1,359.2016536893,2.3689300007845304e-05,25,27,O2
1212,360.12412,2863265,17.7,360.1241316435,1.1643499988167605e-05,22,18,O4N1
1214,360.13953,4140195,26.7,360.13938778349996,0.0001422165000235509,26,18,O1N1
1216,360.16056000000003,3257511,20.5,360.1605171523,4.284770005824612e-05,23,22,O3N1
1217,360.17587000000003,19618986,135.3,360.1757732923,9.670770003822327e-05,27,22,N1
1218,360.19699999999995,5305006,34.9,360.1969026611,9.733889993412959e-05,24,26,O2N1
1223,361.15999,3411034,21.6,361.1597888761,0.00020112390001258973,27,21,O1
1227,361.18082999999996,3276126,20.6,361.1809182449,8.824490004144536e-05,24,25,O3
1229,362.15512,8758797,59.1,362.15503784789996,8.21521000489156e-05,26,20,O1N1
1231,362.17617,4164625,26.9,362.1761672167,2.7833000331156654e-06,23,24,O3N1
1232,362.19142,15353363,105.3,362.1914233567,3.356700005952007e-06,27,24,N1
1236,363.13905,3092670,19.2,363.1390534317,3.431700008604821e-06,26,19,O2
1238,363.16067000000004,7646914,51.0,363.1601828005,0.0004871995000144125,23,23,O4
1239,363.17552,3301573,20.7,363.1754389405,8.10595000189096e-05,27,23,O1
1244,363.29055,8057562,53.8,363.2904686957,8.130430001074274e-05,23,39,O3
1247,364.1343,4760435,30.8,364.1343024035,2.4034999910327315e-06,25,18,O2N1
1248,364.17073,7958393,53.1,364.17068791229997,4.2087700023785146e-05,26,22,O1N1
1250,364.2069,9127296,61.3,364.2070734211,0.0001734210999870811,27,26,N1
1252,364.22821,2920323,18.0,364.22820278989997,7.21010002280309e-06,24,30,O2N1
1254,365.11837,4057125,25.9,365.1183179873,5.201270005272818e-05,25,17,O3
1255,365.15476,4240940,27.2,365.1547034961,5.650389999800609e-05,26,21,O2
1261,365.34256,4915278,31.9,365.34250426890003,5.573109996248604e-05,24,45,O2
1264,366.14987,5980897,39.3,366.1499524679,8.246789997201631e-05,25,20,O2N1
1265,366.17086,2771941,17.0,366.1710818367,0.00022183670000686107,22,24,O4N1
1266,366.20761,2923243,18.0,366.20746734549994,0.00014265450005268576,23,28,O3N1
1267,366.22272000000004,3653358,23.1,366.22272348549996,3.4854999171329837e-06,27,28,N1
1269,366.24388,15677682,106.9,366.2438528543,2.7145700016717456e-05,24,32,O2N1
1274,367.13392000000005,2982548,18.4,367.1339680517,4.8051699934603676e-05,25,19,O3
1275,367.17027,2937499,18.1,367.1703535605,8.356050000202231e-05,26,23,O2
1278,367.24348,6619048,43.8,367.2431245781,0.0003554218999965997,28,31,
1280,367.28535,2938800,18.1,367.2853833157,3.33157000227402e-05,22,39,O4
1281,367.35819,33153470,228.7,367.3581543333,3.566670000054728e-05,24,47,O2
1284,368.1293,3815498,24.2,368.12921702349996,8.297650003896706e-05,24,18,O3N1
1286,368.1657,3942993,25.1,368.1656025323,9.746770001584082e-05,25,22,O2N1
1291,369.14965,3503365,22.1,369.1496181161,3.188390002151209e-05,25,21,O3
1296,369.3011,5935393,39.0,369.3010333801,6.661989999656726e-05,22,41,O4
1300,370.14477999999997,3655356,23.1,370.14486708789997,8.708789999900546e-05,24,20,O3N1
1301,370.16008999999997,17796032,120.9,370.1601232279,3.322790001902831e-05,28,20,N1
1302,370.18127999999996,2995139,18.4,370.1812525967,2.7403299952766247e-05,25,24,O2N1
1308,371.16547,3812216,24.1,371.1652681805,0.0002018195000346168,25,23,O3
1309,371.20165,4900991,31.6,371.2016536893,3.689300001497031e-06,26,27,O2
1312,371.31678999999997,3653268,23.0,371.31668344450003,0.00010655549993998648,22,43,O4
1314,372.1393,5535020,36.0,372.13938778349996,8.77834999641891e-05,27,18,O1N1
1316,372.16027,3937072,24.9,372.1605171523,0.0002471522999485387,24,22,O3N1
1317,372.17569,22773042,155.3,372.1757732923,8.329230001891119e-05,28,22,N1
1318,372.19683,3848247,24.3,372.1969026611,7.26611000345656e-05,25,26,O2N1
1323,373.18086,3495404,21.9,373.1809182449,5.824490000350124e-05,25,25,O3
1328,374.15504,4103329,26.1,374.15503784789996,2.1521000235225074e-06,27,20,O1N1
1330,374.17613,4018341,25.5,374.1761672167,3.721669997958088e-05,24,24,O3N1
1331,374.19137,12875431,86.8,374.1914233567,5.335669999340098e-05,28,24,N1
1337,375.17561,2872414,17.5,375.1754389405,0.00017105950001905512,28,23,O1
1342,375.29033,4947315,31.9,375.2904686957,0.00013869570000224485,24,39,O3
1346,376.17082,7611415,50.4,376.17068791229997,0.00013208770002393067,27,22,O1N1
1348,376.19195,3374619,21.0,376.1918172811,0.00013271890003352382,24,26,O3N1
1350,376.20707999999996,9251869,61.7,376.2070734211,6.578899956366513e-06,28,26,N1
1352,376.22821,35514400,243.5,376.22820278989997,7.21010002280309e-06,25,30,O2N1
1359,377.19102999999996,2886868,17.6,377.1910890049,5.9004900037962216e-05,28,25,O1
1365,377.30617,12190953,82.1,377.3061187601,5.123990001720813e-05,24,41,O3
1367,378.14986,5939591,38.5,378.1499524679,9.246790000361216e-05,26,20,O2N1
1368,378.18633,5994893,38.9,378.1863379767,7.976699976097734e-06,27,24,O1N1
1370,378.22286,7549332,49.6,378.22272348549996,0.0001365145000704615,28,28,N1
1375,379.13386,4230206,26.8,379.1339680517,0.0001080516999536485,26,19,O3
1376,379.1702,4010564,25.2,379.1703535605,0.00015356049999581955,27,23,O2
1381,380.12895,3180791,19.5,380.12921702349996,0.0002670234999868626,25,18,O3N1
1383,380.16562999999996,5428990,35.0,380.1656025323,2.7467699965200154e-05,26,22,O2N1
1385,380.25957,18664206,126.0,380.2595029187,6.70813000169801e-05,25,34,O2N1
1389,381.18602999999996,2706364,16.3,381.1860036249,2.6375099935194157e-05,27,25,O2
1391,381.24352000000005,2870726,17.4,381.24351850249997,1.4975000794947846e-06,25,33,O3
1394,381.30095,2949841,18.0,381.3010333801,8.338010002262308e-05,23,41,O4
1395,381.37394,18519006,125.0,381.3738043977,0.00013560230001985474,25,49,O2
1398,382.1448,3919470,24.6,382.14486708789997,6.708789999265719e-05,25,20,O3N1
1400,382.18129,2662517,16.0,382.1812525967,3.740329998436209e-05,26,24,O2N1
1401,382.33267,2712209,16.3,382.3326678607,2.1393000224634307e-06,23,44,O3N1
1407,383.16515,3221292,19.8,383.1652681805,0.00011818050001011215,26,23,O3
1410,383.20166,2844979,17.2,383.2016536893,6.310700030098815e-06,27,27,O2
1414,383.31658999999996,7171401,47.0,383.31668344450003,9.344450006665284e-05,23,43,O4
1415,383.35327,2727503,16.4,383.35306895329995,0.00020104670005594016,24,47,O3
1419,384.16035,3901926,24.5,384.1605171523,0.00016715229997998904,25,22,O3N1
1420,384.17575,16123369,108.5,384.1757732923,2.3292299999866373e-05,29,22,N1
1426,385.15974,3005088,18.3,385.1597888761,4.8876099981498555e-05,29,21,O1
1430,385.18086,3325860,20.5,385.1809182449,5.824490000350124e-05,26,25,O3
1432,385.21687000000003,3071403,18.8,385.2173037537,0.00043375369995146684,27,29,O2
1434,385.25392999999997,4103346,25.9,385.25368926249996,0.00024073750000752625,28,33,O1
1437,385.33231,5083328,32.6,385.33233350890004,2.3508900028446078e-05,23,45,O4
1438,386.15517,4341081,27.5,386.15503784789996,0.00013215210003636457,28,20,O1N1
1440,386.17621,3509341,21.8,386.1761672167,4.278330004581221e-05,25,24,O3N1
1441,386.19142999999997,12658528,84.7,386.1914233567,6.64329996880042e-06,29,24,N1
1442,386.2125,3435364,21.3,386.21255272549996,5.272549998380782e-05,26,28,O2N1
1443,386.24893,2708331,16.3,386.24893823429994,8.234299968989944e-06,27,32,O1N1
1452,388.13396,2849482,17.1,388.1343024035,0.00034240349998526654,27,18,O2N1
1453,388.15542999999997,2813389,16.9,388.1554317723,1.7723000382829923e-06,24,22,O4N1
1454,388.17071,4217040,26.5,388.17068791229997,2.2087700017436873e-05,28,22,O1N1
1455,388.1919,3302100,20.2,388.1918172811,8.271889998923143e-05,25,26,O3N1
1457,388.20724,7608535,49.6,388.2070734211,0.0001665789000071527,29,26,N1
1458,388.22835,10144987,66.9,388.22820278989997,0.00014721010001039758,26,30,O2N1
1460,389.30622999999997,9755043,64.3,389.3061187601,0.00011123989997940953,25,41,O3
1463,390.15005,3832384,23.8,390.1499524679,9.753210002827473e-05,27,20,O2N1
1464,390.18641,6216263,40.1,390.1863379767,7.202330004929536e-05,28,24,O1N1
1465,390.20754,2699851,16.1,390.20746734549994,7.265450005888852e-05,25,28,O3N1
1467,390.2226,5173838,33.0,390.22272348549996,0.00012348549995522262,29,28,N1
1472,391.32164,14701337,98.0,391.3217688245,0.00012882449999551682,25,43,O3
1473,391.35818,3028768,18.4,391.3581543333,2.5666700025794853e-05,26,47,O2
1476,392.16567000000003,3881141,24.2,392.1656025323,6.746770003474012e-05,27,22,O2N1
1477,392.20198,4618684,29.2,392.2019880411,8.041099988531641e-06,28,26,O1N1
1479,392.25948,3170247,19.3,392.2595029187,2.2918699983165425e-05,26,34,O2N1
1483,393.14947,4051051,25.3,393.1496181161,0.00014811609997877895,27,21,O3
1486,393.25919,6124672,39.5,393.2587746425,0.0004153575000032106,30,33,
1488,393.37372999999997,3164053,19.3,393.3738043977,7.439770001838042e-05,26,49,O2
1490,394.14498,3700515,22.9,394.14486708789997,0.00011291210000763385,26,20,O3N1
1492,394.18127000000004,4017962,25.1,394.1812525967,1.740330003485724e-05,27,24,O2N1
1494,394.27526,22170938,149.0,394.2751529831,0.00010701690001724273,26,36,O2N1
1502,395.25928999999996,2824176,16.8,395.2591685669,0.00012143309999146368,26,35,O3
1503,395.2749,4656115,29.3,395.2744247069,0.0004752931000098215,30,35,
1505,395.31647999999996,3588091,22.0,395.31668344450003,0.00020344450007314663,24,43,O4
1506,395.38954,19084808,127.1,395.3894544621,8.553790001997186e-05,26,51,O2
1510,396.21803,25605792,171.3,396.2180320299,2.0298999743317836e-06,24,30,O4N1
1511,396.34839,5230777,33.1,396.3483179251,7.207490000382677e-05,24,46,O3N1
1520,397.2749,4089442,25.4,397.2748186313,8.136870002317664e-05,26,37,O3
1522,397.33242,7237485,46.8,397.33233350890004,8.649109997804771e-05,24,45,O4
1525,398.19156,9185290,60.0,398.1914233567,0.00013664329998164249,30,24,N1
1530,399.26927,5975247,38.2,399.26933932689997,6.932689996119734e-05,29,35,O1
1534,399.34807,8322269,54.1,399.3479835733,8.642670002245723e-05,24,47,O4
1535,400.17086,3898739,24.1,400.17068791229997,0.0001720877000366272,29,22,O1N1
1536,400.19167999999996,2888567,17.3,400.1918172811,0.00013728110002375615,26,26,O3N1
1537,400.20695,6333306,40.6,400.2070734211,0.00012342109999963213,30,26,N1
1544,402.14982000000003,2782938,16.5,402.1499524679,0.00013246789995946529,28,20,O2N1
1545,402.17104,2756062,16.4,402.1710818367,4.183670000657003e-05,25,24,O4N1
1546,402.18602999999996,3429601,20.9,402.1863379767,0.0003079767000144784,29,24,O1N1
1547,402.20738,4265189,26.6,402.20746734549994,8.734549993505425e-05,26,28,O3N1
1548,402.22281,3929576,24.3,402.22272348549996,8.651450002616912e-05,30,28,N1
1549,402.24392,56576748,381.3,402.2438528543,6.7145700029414e-05,27,32,O2N1
1554,403.28551,3554216,21.8,403.2853833157,0.00012668429997120256,25,39,O4
1556,403.32176,10398638,68.2,403.3217688245,8.824500014270598e-06,26,43,O3
1560,404.16564,3113543,18.6,404.1656025323,3.7467699996796e-05,28,22,O2N1
1561,404.20202,3937357,24.2,404.2019880411,3.1958900024164905e-05,29,26,O1N1
1562,404.23856,3425364,20.7,404.23837354989996,0.00018645010004547657,30,30,N1
1567,405.30096000000003,2793747,16.5,405.3010333801,7.338009999102724e-05,25,41,O4
1568,405.33738999999997,13405466,87.9,405.3374188889,2.8888900033052778e-05,26,45,O3
1571,406.18131,3738033,22.9,406.1812525967,5.7403299990710366e-05,28,24,O2N1
1573,406.27519,5097922,32.0,406.2751529831,3.701690002344549e-05,27,36,O2N1
1582,408.16056000000003,3412244,20.7,408.1605171523,4.284770005824612e-05,27,22,O3N1
1584,408.19681,2925595,17.4,408.1969026611,9.266109998407046e-05,28,26,O2N1
1586,408.29077,28655404,190.6,408.2908030475,3.3047499982785666e-05,27,38,O2N1
1593,409.27488,3225563,19.4,409.2748186313,6.136870001682837e-05,27,37,O3
1595,409.33245,3830758,23.5,409.33233350890004,0.00011649109995914841,25,45,O4
1596,409.40506,9672691,62.8,409.4051045265,4.4526500005304115e-05,27,53,O2
1603,411.2901,3614019,22.0,411.2904686957,0.00036869569998998486,27,39,O3
1605,411.34797000000003,8308045,53.6,411.3479835733,1.357329995244072e-05,25,47,O4
1608,412.19174,2797539,16.5,412.1918172811,7.728110000471133e-05,27,26,O3N1
1609,412.20709,5361638,33.8,412.2070734211,1.657889998796236e-05,31,26,N1
1616,413.36368999999996,9533107,61.9,413.3636336377,5.63622999720792e-05,25,49,O4
1620,415.26431,27786244,183.3,415.2642539469,5.605310002465558e-05,29,35,O2
1624,416.16555,3298980,19.7,416.1656025323,5.253230000334952e-05,29,22,O2N1
1625,416.22303999999997,3318446,19.9,416.22311740989994,7.740989997273573e-05,27,30,O3N1
1626,416.25944,11284660,73.1,416.2595029187,6.291869999586197e-05,28,34,O2N1
1627,416.31714,3038399,18.0,416.3170177963,0.00012220370001614356,26,42,O3N1
1631,417.3009,4960621,30.8,417.3010333801,0.00013338010001007206,26,41,O4
1632,417.33732000000003,13276531,86.4,417.3374188889,9.88888999700066e-05,27,45,O3
1635,418.18099,2697224,15.7,418.1812525967,0.00026259669999717516,29,24,O2N1
1639,419.35303999999996,10154710,65.5,419.35306895329995,2.8953299988643266e-05,27,47,O3
1642,420.19675,2962539,17.5,420.1969026611,0.00015266110000311528,29,26,O2N1
1643,420.29078,10233723,66.1,420.2908030475,2.304750000803324e-05,28,38,O2N1
1653,422.17625,4178119,25.6,422.1761672167,8.278330000166534e-05,28,24,O3N1
1655,422.30638,45783264,303.6,422.3064531119,7.311190000791612e-05,28,40,O2N1
1660,423.29053,5353867,33.5,423.2904686957,6.130430000439446e-05,28,39,O3
1663,423.34790999999996,4192789,25.7,423.3479835733,7.357330002832896e-05,26,47,O4
1664,423.4208,10205602,65.4,423.4207545909,4.54090999824075e-05,28,55,O2
1671,425.30598,8519405,54.2,425.3061187601,0.00013876010001467876,28,41,O3
1674,425.36355999999995,12571383,81.0,425.3636336377,7.363770004076287e-05,26,49,O4
1682,427.32162999999997,3015759,17.7,427.3217688245,0.00013882450002711266,28,43,O3
1685,427.3793,8220761,52.2,427.3792837021,1.6297900003792165e-05,26,51,O4
1688,428.25954,2775795,16.1,428.2595029187,3.7081300035879394e-05,29,34,O2N1
1695,429.27994,3530150,21.1,429.2799040113,3.59887000058734e-05,30,37,O2
1701,430.27502999999996,13558356,87.6,430.2751529831,0.0001229831000273407,29,36,O2N1
1702,430.29619,2691672,15.5,430.2962823519,9.235189997980342e-05,26,40,O4N1
1703,430.33245999999997,2688862,15.5,430.3326678607,0.00020786070001577173,27,44,O3N1
1707,431.35310999999996,10853137,69.6,431.35306895329995,4.104670000515398e-05,28,47,O3
1712,433.36879000000005,6367346,39.9,433.36871901769996,7.098230008750761e-05,28,49,O3
1714,434.30639,18913558,122.1,434.3064531119,6.311189997632027e-05,29,40,O2N1
1717,435.29040999999995,3875779,23.2,435.2904686957,5.8695700033695175e-05,29,39,O3
1720,436.1919,4512353,27.4,436.1918172811,8.271889998923143e-05,29,26,O3N1
1723,436.32198,76739192,502.3,436.3221031763,0.000123176300007799,29,42,O2N1
1728,437.30598,8074020,50.8,437.3061187601,0.00013876010001467876,29,41,O3
1731,437.36339000000004,4569902,27.8,437.3636336377,0.00024363769995261464,27,49,O4
1732,437.43633,7307579,45.8,437.4364046553,7.465530001127263e-05,29,57,O2
1738,439.28522999999996,3858047,23.1,439.2853833157,0.00015331570006082984,28,39,O4
1740,439.32167999999996,10541190,67.0,439.3217688245,8.882450003966369e-05,29,43,O3
1743,439.37915999999996,13917328,89.2,439.3792837021,0.00012370210004064575,27,51,O4
1746,440.31665999999996,2697013,15.4,440.3170177963,0.00035779630002252816,28,42,O3N1
1754,441.39485999999994,6083570,37.7,441.3949337665,7.376650006563068e-05,27,53,O4
1756,442.27499000000006,3718029,22.1,442.2751529831,0.0001629830999263504,30,36,O2N1
1764,444.2907,21692400,140.3,444.2908030475,0.00010304749997658291,30,38,O2N1
1772,445.36852999999996,8040622,50.1,445.36871901769996,0.00018901769999501994,29,49,O3
1773,446.30612,2692435,15.3,446.3064531119,0.00033311189997675683,30,40,O2N1
1776,447.29044000000005,3100161,17.9,447.2904686957,2.8695699938907637e-05,30,39,O3
1777,447.38447,4157970,24.8,447.38436908209997,0.0001009179000561744,29,51,O3
1779,448.32195,52959928,343.0,448.3221031763,0.0001531762999888997,30,42,O2N1
1783,449.30602999999996,9217894,57.8,449.3061187601,8.876010002722978e-05,30,41,O3
1787,450.20735999999994,4304390,25.8,450.20746734549994,0.00010734549999824594,30,28,O3N1
1792,450.33758,102276128,664.5,450.3377532407,0.00017324070000768188,30,44,O2N1
1797,451.32165,17263820,110.3,451.3217688245,0.00011882450002076439,30,43,O3
1800,451.37917000000004,2671830,15.1,451.3792837021,0.00011370209995220648,28,51,O4
1801,451.452,7888099,49.1,451.4520547197,5.4719700017358264e-05,30,59,O2
1804,452.33223,80878976,525.0,452.3322739363,4.393630001686688e-05,33,42,N1
1808,453.30096,4401196,26.4,453.3010333801,7.338010004787066e-05,29,41,O4
1811,453.33717,11232818,70.9,453.3374188889,0.00024888889998919694,30,45,O3
1814,453.3948,10254908,64.6,453.3949337665,0.00013376650002783208,28,53,O4
1817,454.33257000000003,2872036,16.4,454.3326678607,9.786069995243452e-05,29,44,O3N1
1821,455.31667000000004,3494804,20.5,455.31668344450003,1.3444499984416325e-05,29,43,O4
1825,455.41047000000003,15198116,96.8,455.4105838309,0.0001138308999770743,28,55,O4
1826,456.29065999999995,8233026,50.6,456.2908030475,0.00014304750004612288,31,38,O2N1
1837,458.30629000000005,32559532,206.9,458.3064531119,0.00016311189995121822,31,40,O2N1
1841,459.32669000000004,29504100,187.3,459.3268542045,0.00016420449998122422,32,43,O2
1842,459.3842,5349486,32.1,459.38436908209997,0.00016908209994426215,30,51,O3
1844,460.32187999999996,6809879,41.5,460.3221031763,0.00022317630003954037,31,42,O2N1
1847,461.30611,4279753,25.2,461.3061187601,8.76010000183669e-06,31,41,O3
1850,461.40012,3042010,17.3,461.4000191465,0.0001008535000437405,30,53,O3
1851,462.33755,101172352,647.7,462.3377532407,0.00020324069998878258,31,44,O2N1
1854,463.32159,16463158,103.5,463.3217688245,0.0001788244999829658,31,43,O3
1859,464.22294000000005,3818970,22.3,464.22311740989994,0.00017740989989079026,31,30,O3N1
1860,464.31707,2706924,15.1,464.3170177963,5.220370002234631e-05,30,42,O3N1
1864,464.3532,100001264,640.2,464.3534033051,0.0002033051000012165,31,46,O2N1
1869,465.33720999999997,24278694,153.7,465.3374188889,0.00020888890003334382,31,45,O3
1872,465.46725,4032190,23.6,465.4677047841,0.0004547841000430708,31,61,O2
1874,466.33227999999997,3036508,17.2,466.3326678607,0.00038786070001606276,30,44,O3N1
1879,467.31639,7670800,47.0,467.31668344450003,0.00029344450001644873,30,43,O4
1882,467.35295999999994,9706519,60.1,467.35306895329995,0.00010895330001403636,31,47,O3
1885,467.41019000000006,2827041,15.9,467.4105838309,0.0003938308999522633,29,55,O4
1891,469.33177,3122051,17.4,469.33233350890004,0.0005635089000293192,30,45,O4
1895,469.42580999999996,3776404,21.5,469.4262338953,0.0004238953000594847,29,57,O4
1897,470.30615,29239864,181.9,470.3064531119,0.00030311189999565613,32,40,O2N1
1906,472.32176,105425840,661.6,472.3221031763,0.0003431763000207866,32,42,O2N1
1911,473.3057,19614820,121.3,473.3061187601,0.00041876009998986774,32,41,O3
1914,473.39963,4486262,26.0,473.4000191465,0.00038914649996968365,31,53,O3
1918,474.33744,11738405,71.7,474.3377532407,0.00031324069999527637,32,44,O2N1
1921,475.3215,19881438,122.9,475.3217688245,0.0002688244999831113,32,43,O3
1924,476.22278,2864007,15.8,476.22311740989994,0.00033740989994157644,32,30,O3N1
1925,476.31695999999994,3085464,17.2,476.3170177963,5.77963000409909e-05,31,42,O3N1
1927,476.35310999999996,143044256,898.5,476.3534033051,0.0002933051000582054,32,46,O2N1
1929,477.33705999999995,29474648,183.3,477.3374188889,0.00035888890005253415,32,45,O3
1932,478.23841,3221507,18.0,478.23876747429995,0.0003574742999603586,32,32,O3N1
1933,478.33242,6496276,38.7,478.3326678607,0.00024786069997162485,31,44,O3N1
1937,478.36872,112160792,704.0,478.36905336949997,0.00033336949996964904,32,48,O2N1
1940,479.31639,5749967,34.0,479.31668344450003,0.00029344450001644873,31,43,O4
1941,479.35277,29229270,181.8,479.35306895329995,0.0002989532999322364,32,47,O3
1945,479.41029000000003,5415136,31.9,479.4105838309,0.00029383089997736533,30,55,O4
1946,479.48309000000006,5148910,30.2,479.48335484849997,0.000264848499909931,32,63,O2
1947,480.29035999999996,3276423,18.4,480.2908030475,0.00044304750002766013,33,38,O2N1
1948,480.34817999999996,3098002,17.3,480.3483179251,0.0001379251000344084,31,46,O3N1
1953,480.4421,2713764,14.8,480.44221831149997,0.00011831149998897672,30,58,O3N1
1958,481.33192,11016782,65.7,481.33233350890004,0.00041350890001012885,31,45,O4
1960,481.36845999999997,10472021,62.4,481.36871901769996,0.0002590176999888172,32,49,O3
1963,481.42592,41456224,253.4,481.4262338953,0.0003138952999961475,30,57,O4
1972,483.34750999999994,4255695,24.0,483.3479835733,0.0004735733000416076,31,47,O4
1975,483.44149000000004,35103712,214.3,483.4418839597,0.0003939596999771311,30,59,O4
1977,484.32165,67064968,411.4,484.3221031763,0.0004531763000272804,33,42,O2N1
1981,485.30580999999995,3471687,19.2,485.3061187601,0.00030876010004021737,33,41,O3
1986,485.39955,2785113,15.0,485.4000191465,0.00046914649999507674,32,53,O3
1989,486.30093,3993095,22.4,486.3013677319,0.0004377318999786439,32,40,O3N1
1991,486.33741,221869584,1366.0,486.3377532407,0.0003432407000332205,33,44,O2N1
2000,487.4153,4233951,23.9,487.4156692109,0.0003692108999757693,32,55,O3
2007,488.35312999999996,17094550,103.2,488.3534033051,0.00027330510005185715,33,46,O2N1
2019,490.36885,156236064,961.3,490.36905336949997,0.00020336949995680698,33,48,O2N1
2024,491.31660999999997,3526616,19.5,491.31668344450003,7.344450006030456e-05,32,43,O4
2025,491.3528,41859552,255.9,491.35306895329995,0.0002689532999511357,33,47,O3
2028,492.2906,3232407,17.7,492.2908030475,0.00020304750000832428,34,38,O2N1
2029,492.34819000000005,9065122,53.7,492.3483179251,0.00012792509994596912,32,46,O3N1
2033,492.38453,91273896,560.6,492.3847034339,0.00017343389998814018,33,50,O2N1
2036,493.33205999999996,12802916,76.7,493.33233350890004,0.0002735089000793778,32,45,O4
2038,493.36849000000007,29719402,181.1,493.36871901769996,0.00022901769989402965,33,49,O3
2042,493.49887,3388293,18.7,493.4990049129,0.00013491289996636624,33,65,O2
2044,494.30627000000004,8714276,51.5,494.3064531119,0.0001831118999575665,34,40,O2N1
2045,494.32760999999994,4250665,24.0,494.3275824807,2.7519299919731566e-05,31,44,O4N1
2055,495.34785,15633650,92.2,495.3479835733,0.00013357329999053036,32,47,O4
2058,495.38409,9444602,54.8,495.38436908209997,0.00027908209995075595,33,51,O3
2061,495.44163,9774341,56.8,495.4418839597,0.00025395970004638,31,59,O4
2064,496.32197,24313268,144.6,496.3221031763,0.00013317629998255143,34,42,O2N1
2065,496.34310999999997,4514232,25.1,496.3432325451,0.00012254510005504926,31,46,O4N1
2076,497.36334000000005,4155011,22.9,497.3636336377,0.0002936376999400636,32,49,O4
2077,497.37854000000004,3478150,18.8,497.37888977769995,0.00034977769990973684,36,49,O1
2080,497.45732000000004,13837974,81.3,497.4575340241,0.00021402409998927396,31,61,O4
2082,498.33757,368738112,2223.1,498.3377532407,0.0001832406999824343,34,44,O2N1
2091,500.31695,6062291,34.4,500.3170177963,6.779629995889991e-05,33,42,O3N1
2095,500.35326,298156256,1797.2,500.3534033051,0.0001433051000390151,34,46,O2N1
2100,501.33714000000003,14950816,88.0,501.3374188889,0.00027888889997029764,34,45,O3
2105,502.33248,3716202,20.2,502.3326678607,0.00018786070000942345,33,44,O3N1
2109,502.36895999999996,17533552,103.6,502.36905336949997,9.33695000071566e-05,34,48,O2N1
2115,503.35297,22192952,131.8,503.35306895329995,9.89532999255971e-05,34,47,O3
2122,504.34817999999996,6766595,38.7,504.3483179251,0.0001379251000344084,33,46,O3N1
2124,504.3845,108217352,650.9,504.3847034339,0.00020343389996924088,34,50,O2N1
2126,505.33205999999996,4433611,24.6,505.33233350890004,0.0002735089000793778,33,45,O4
2128,505.36852000000005,25691346,152.9,505.36871901769996,0.00019901769991292895,34,49,O3
2132,505.42571,2866398,15.1,505.4262338953,0.0005238953000343827,32,57,O4
2134,506.30643,4185490,23.1,506.3064531119,2.3111900020467147e-05,35,40,O2N1
2135,506.36391,7742878,44.5,506.36396798949994,5.7989499964605784e-05,33,48,O3N1
2139,506.40024000000005,57279908,343.5,506.4003534983,0.00011349829992468585,34,52,O2N1
2144,507.34789000000006,11345512,66.3,507.3479835733,9.35732999209904e-05,33,47,O4
2145,507.38417000000004,20037232,118.7,507.38436908209997,0.00019908209992536285,34,51,O3
2149,507.44170999999994,31131260,185.7,507.4418839597,0.00017395970007783035,32,59,O4
2150,507.51443,2749066,14.4,507.5146549773,0.00022497729997894567,34,67,O2
2152,508.32192000000003,12832560,75.3,508.3221031763,0.0001831762999700004,35,42,O2N1
2153,508.34305,5767989,32.6,508.3432325451,0.00018254510001725066,32,46,O4N1
2164,509.36350999999996,11398151,65.1,509.3636336377,0.00012363770002821184,33,49,O4
2165,509.39993,6077455,33.7,509.4000191465,8.914649998814639e-05,34,53,O3
2168,509.45742,106039320,623.6,509.4575340241,0.00011402410001437602,32,61,O4
2170,510.26424000000003,6412482,35.7,510.2649822231,0.0007422230999623025,33,36,O4N1
2171,510.33762,42797264,250.4,510.3377532407,0.00013324069999498533,35,44,O2N1
2172,510.35887,3712725,19.8,510.3588826095,1.2609499947302538e-05,32,48,O4N1
2179,511.32212000000004,3142045,16.4,511.3217688245,0.0003511755000431549,35,43,O3
2184,511.37933,3611561,19.2,511.3792837021,4.6297899984892865e-05,33,51,O4
2186,511.47307,90851776,534.0,511.4731840885,0.0001140884999699665,32,63,O4
2187,512.35331,592284288,3493.0,512.3534033051001,9.330510010840953e-05,35,46,O2N1
2197,514.3688900000001,285183008,1680.8,514.3690533695001,0.00016336950000095385,35,48,O2N1
2201,515.35295,14740712,84.8,515.3530689533001,0.00011895330010247562,35,47,O3
2208,516.34842,4031930,21.6,516.3483179251001,0.00010207489992808405,34,46,O3N1
2213,516.38442,16440769,94.9,516.3847034339001,0.0002834339001083208,35,50,O2N1
2215,517.33203,3843210,20.5,517.3323335089001,0.0003035089000604785,34,45,O4
2218,517.3686299999999,14628497,84.2,517.3687190177001,8.901770013380883e-05,35,49,O3
2221,518.3639099999999,5009252,27.4,518.3639679895,5.798950007829262e-05,34,48,O3N1
2223,518.40023,55078764,322.9,518.4003534983001,0.00012349830012681196,35,52,O2N1
2224,519.3478700000001,3321398,17.4,519.3479835733,0.00011357329992733867,34,47,O4
2225,519.38425,15775805,90.9,519.3843690821001,0.00011908210012734344,35,51,O3
2229,520.32192,11092229,63.3,520.3221031763001,0.00018317630008368724,36,42,O2N1
2230,520.3428,3031306,15.7,520.3432325451001,0.0004325451001250258,33,46,O4N1
2231,520.37946,5049618,27.6,520.3796180539,0.00015805390000878106,34,50,O3N1
2235,520.41584,29110554,169.6,520.4160035627001,0.000163562700095099,35,54,O2N1
2237,521.3634400000001,8981988,50.9,521.3636336377,0.00019363769990832225,34,49,O4
2239,521.39983,10188268,58.0,521.4000191465001,0.0001891465001335746,35,53,O3
2242,521.45737,7617016,42.8,521.4575340241,0.0001640241000586684,33,61,O4
2245,522.3375,35971764,210.1,522.3377532407001,0.0002532407000899184,36,44,O2N1
2246,522.35855,6013626,33.3,522.3588826095,0.0003326094999920315,33,48,O4N1
2255,523.37905,7664533,43.1,523.3792837021,0.00023370209999029612,34,51,O4
2258,523.41507,3170077,16.6,523.4156692109001,0.0005992109000771961,35,55,O3
2260,523.47297,28242858,164.5,523.4731840885,0.00021408850000170787,33,63,O4
2262,524.35317,45175912,257.5,524.3534033051001,0.00023330510009600403,36,46,O2N1
2263,524.37417,3586668,18.5,524.3745326739,0.0003626738999855661,33,50,O4N1
2269,525.33703,5118781,27.3,525.3374188889001,0.00038888890003363485,36,45,O3
2275,525.4887,15887709,89.2,525.4888341529,0.0001341529000455921,33,65,O4
2276,526.36882,440636960,2529.8,526.3690533695001,0.00023336950005159451,36,48,O2N1
2282,527.44664,7399176,40.4,527.4469693397001,0.0003293397001016274,35,59,O3
2283,528.3480900000001,125753296,720.5,528.3483179251001,0.0002279251000345539,35,46,O3N1
2285,528.38442,186882000,1071.7,528.3847034339001,0.0002834339001083208,36,50,O2N1
2287,529.33235,3658917,18.9,529.3323335089001,1.649109992740705e-05,35,45,O4
2289,529.3683599999999,15573164,87.4,529.3687190177001,0.0003590177001342454,36,49,O3
2292,529.46236,23988416,135.7,529.4626194041001,0.00025940410012026405,35,61,O3
2294,530.32709,2985343,15.0,530.3275824807001,0.0004924807001316367,34,44,O4N1
2295,530.36395,4252040,22.3,530.3639679895001,1.7989500065596076e-05,35,48,O3N1
2299,530.4001900000001,13358479,74.6,530.4003534983001,0.00016349830002582166,36,52,O2N1
2302,531.34772,2991712,15.1,531.3479835733,0.0002635733000033724,35,47,O4
2304,531.38413,10914408,60.6,531.3843690821001,0.00023908210005174624,36,51,O3
2308,532.34335,2773309,13.8,532.3432325451001,0.00011745489985059976,34,46,O4N1
2309,532.37923,3676485,19.0,532.3796180539001,0.0003880539001102079,35,50,O3N1
2311,532.4158,35507020,201.9,532.4160035627001,0.00020356270010779554,36,54,O2N1
2314,533.36276,2796063,14.0,533.3636336377,0.0008736377000104767,35,49,O4
2316,533.39972,9304103,51.3,533.4000191465001,0.00029914650008322496,36,53,O3
2319,533.45739,11547700,64.2,533.4575340241,0.00014402409999547672,34,61,O4
2321,534.3374200000001,20618488,116.4,534.3377532407001,0.00033324070000162465,37,44,O2N1
2322,534.35881,3101437,15.7,534.3588826095,7.26095000800342e-05,34,48,O4N1
2323,534.3949,3242757,16.5,534.3952681183001,0.00036811830011629354,35,52,O3N1
2326,534.43124,19348748,109.1,534.4316536271001,0.0004136271001016212,36,56,O2N1
2330,535.37896,6041569,32.6,535.3792837021,0.00032370209999044164,35,51,O4
2331,535.41516,6049257,32.6,535.4156692109001,0.0005092109000770506,36,55,O3
2334,535.47286,135831024,778.4,535.4731840885,0.0003240885000650451,34,63,O4
2337,536.31697,2723763,13.5,536.3170177963001,4.779630012308189e-05,36,42,O3N1
2338,536.35319,59391676,339.1,536.3534033051001,0.00021330510003281233,37,46,O2N1
2339,536.37432,4927168,26.2,536.3745326739,0.00021267390002321918,34,50,O4N1
2343,536.50454,7131869,38.9,536.5048185691,0.0002785691000326551,34,66,O3N1
2346,537.33704,3185048,16.2,537.3374188889001,0.00037888890005888243,37,45,O3
2349,537.39464,5373861,28.8,537.3949337665,0.00029376650002177485,35,53,O4
2351,537.48864,417112000,2394.6,537.4888341529,0.0001941529000077935,34,65,O4
2353,538.33213,4245625,22.3,538.3326678607001,0.0005378607000920965,36,44,O3N1
2355,538.36875,57294976,327.1,538.3690533695001,0.0003033695001022352,37,48,O2N1
2356,538.38972,2864774,14.3,538.3901827383,0.00046273830002974137,34,52,O4N1
2362,539.35275,8930655,49.2,539.3530689533001,0.0003189533000522715,37,47,O3
2369,539.50417,130490752,747.7,539.5044842173,0.00031421730000147363,34,67,O4
2371,540.3480400000001,17822274,97.4,540.3483179251001,0.0002779251000220029,36,46,O3N1
2373,540.38445,287384128,1601.2,540.3847034339001,0.0002534339000703767,37,50,O2N1
2377,541.3317599999999,2722081,13.1,541.3323335089001,0.0005735089001746019,36,45,O4
2379,541.36853,13695785,74.3,541.3687190177001,0.00018901770010870678,37,49,O3
2386,542.32712,4550148,23.3,542.3275824807001,0.0004624807000936926,35,44,O4N1
2387,542.36369,30143500,166.1,542.3639679895001,0.0002779895000912802,36,48,O3N1
2390,542.40012,118760472,660.5,542.4003534983001,0.00023349830007646233,37,52,O2N1
2391,543.34755,5157614,26.7,543.3479835733,0.00043357330002891104,36,47,O4
2394,543.384,13487350,73.2,543.3843690821001,0.0003690821000645883,37,51,O3
2398,544.32146,2793933,13.5,544.3221031763001,0.0006431763000591673,38,42,O2N1
2400,544.3427,5872082,30.7,544.3432325451001,0.0005325451000999237,35,46,O4N1
2402,544.37922,3667418,18.4,544.3796180539001,0.00039805390008496033,36,50,O3N1
2406,544.41587,12501474,67.7,544.4160035627001,0.00013356270005715487,37,54,O2N1
2408,545.36337,4269756,21.8,545.3636336377,0.0002636376999589629,36,49,O4
2410,545.39979,6944452,36.7,545.4000191465001,0.0002291465000325843,37,53,O3
2414,546.33749,15054748,81.9,546.3377532407001,0.0002632407000646708,38,44,O2N1
2415,546.3585099999999,4870049,25.1,546.3588826095,0.00037260950011841487,35,48,O4N1
2417,546.43135,26785714,147.4,546.4316536271001,0.0003036271001519708,37,56,O2N1
2421,547.41531,5447317,28.3,547.4156692109001,0.0003592109001147037,37,55,O3
2424,547.47279,3530914,17.6,547.4731840885,0.0003940885000019989,35,63,O4
2425,548.35321,117123440,651.3,548.3534033051001,0.00019330510008330748,38,46,O2N1
2426,548.37402,2921842,14.2,548.3745326739,0.0005126739000615999,35,50,O4N1
2427,548.41089,2939771,14.3,548.4109181827001,2.8182700134493643e-05,36,54,O3N1
2429,548.44718,11190659,60.4,548.4473036915001,0.00012369150010727026,37,58,O2N1
2431,549.3372,3576913,17.9,549.3374188889001,0.00021888890000809624,38,45,O3
2435,549.39445,5669470,29.6,549.3949337665,0.0004837664999968183,36,53,O4
2436,549.43114,4849255,25.0,549.4313192753001,0.00017927530007000314,37,57,O3
2438,549.48861,24365684,133.9,549.4888341529,0.00022415290004573762,35,65,O4
2440,550.3689099999999,101886784,566.3,550.3690533695001,0.00014336950016513583,38,48,O2N1
2441,550.38968,4037445,20.5,550.3901827383,0.0005027383000424379,35,52,O4N1
2446,551.3527799999999,6339621,33.3,551.3530689533001,0.00028895330012801423,38,47,O3
2450,551.4099,4160562,21.1,551.4105838309,0.0006838309000158915,36,55,O4
2452,551.5043099999999,34380872,189.7,551.5044842173,0.00017421730012756598,35,67,O4
2454,552.34802,9352460,50.1,552.3483179251001,0.00029792510008519457,37,46,O3N1
2457,552.3844799999999,72142104,400.4,552.3847034339001,0.0002234339001461194,38,50,O2N1
2462,553.33213,3230193,15.9,553.3323335089001,0.00020350890008558054,37,45,O4
2464,553.36845,8116729,43.2,553.3687190177001,0.00026901770002041303,38,49,O3
2471,553.51994,12115484,65.5,553.5201342817,0.00019428170003266132,35,69,O4
2472,554.36379,19773152,108.2,554.3639679895001,0.00017798950011638226,37,48,O3N1
2474,554.40015,178925296,996.1,554.4003534983001,0.0002034983000385182,38,52,O2N1
2479,555.38422,11585487,62.6,555.3843690821001,0.00014908210005160072,38,51,O3
2485,556.3430000000001,4912303,25.3,556.3432325451001,0.00023254510006154305,36,46,O4N1
2486,556.37943,23285942,127.8,556.3796180539001,0.000188053900160412,37,50,O3N1
2489,556.4158,72626368,403.1,556.4160035627001,0.00020356270010779554,38,54,O2N1
2490,557.36343,7857565,40.5,557.3636336377,0.0002036376999967615,37,49,O4
2493,557.39986,8982949,46.6,557.4000191465001,0.00015914650009563047,38,53,O3
2498,558.33754,6297216,32.1,558.3377532407001,0.00021324070007722185,39,44,O2N1
2500,558.35875,6605445,33.7,558.3588826095,0.0001326095000422356,36,48,O4N1
2505,558.43156,9599638,49.9,558.4316536271,9.362710000004881e-05,38,56,O2N1
2509,559.37922,4187508,20.6,559.3792837021,6.370209996475751e-05,37,51,O4
2511,559.41541,5315452,26.7,559.4156692109001,0.00025921090013980574,38,55,O3
2514,559.4727,10502537,54.8,559.4731840885,0.00048408850000214443,36,63,O4
2515,560.35318,26907736,143.6,560.3534033051001,0.0002233051001212516,39,46,O2N1
2516,560.37446,5136476,25.8,560.3745326739,7.267390003562468e-05,36,50,O4N1
2518,560.41112,2710629,12.6,560.4109181827001,0.00020181729985324637,37,54,O3N1
2519,560.4471,15856749,83.8,560.4473036915,0.0002036915000189765,38,58,O2N1
2524,561.39475,3614027,17.5,561.3949337665,0.00018376649995843763,37,53,O4
2525,561.4311,4347219,21.5,561.4313192753,0.00021927529996901285,38,57,O3
2528,561.48862,90748256,489.0,561.4888341529,0.0002141529000709852,36,65,O4
2529,562.36901,158021168,853.0,562.3690533695001,4.336950007655105e-05,39,48,O2N1
2530,562.4630000000001,7078469,36.3,562.4629537559,4.62441000763647e-05,38,60,O2N1
2532,562.52035,8829522,45.8,562.5204686335001,0.00011863350005114626,36,68,O3N1
2534,563.3528299999999,6047509,30.7,563.3530689533001,0.00023895330014056526,39,47,O3
2537,563.41044,3483938,16.8,563.4105838309,0.00014383090001501841,37,55,O4
2539,563.44704,2694443,12.6,563.4469693397,7.066030002533807e-05,38,59,O3
2541,563.5043400000001,627816256,3395.1,563.5044842173,0.00014421729997593502,36,67,O4
2545,564.34798,12677117,66.6,564.3483179251001,0.0003379251000978911,38,46,O3N1
2546,564.38465,108410888,584.6,564.3847034339001,5.34339001205808e-05,39,50,O2N1
2550,564.53611,7217193,37.0,564.5361186979001,8.697900057086372e-06,36,70,O3N1
2553,565.3686299999999,8955115,46.4,565.3687190177001,8.901770013380883e-05,39,49,O3
2560,565.52005,423278848,2288.4,565.5201342817,8.428170008301095e-05,36,69,O4
2562,566.36382,11573716,60.6,566.3639679895001,0.00014798950007843814,38,48,O3N1
2565,566.40024,53483996,287.4,566.4003534983001,0.00011349830003837269,39,52,O2N1
2572,567.38423,9511618,49.4,567.3843690821001,0.0001390821000768483,39,51,O3
2576,567.45711,7603923,39.1,567.4571400997,3.0099700097707682e-05,41,59,O1
2579,567.53553,64936676,349.3,567.5357843461001,0.00025434610006414005,36,71,O4
2580,568.3795299999999,17630122,93.4,568.3796180539001,8.805390018551407e-05,38,50,O3N1
2583,568.4159400000001,79190960,426.5,568.4160035627,6.356269989282737e-05,39,54,O2N1
2588,569.36401,4372111,21.6,569.3636336377,0.00037636230001680815,38,49,O4
2590,569.3999,7594136,39.1,569.4000191465001,0.00011914650008293393,39,53,O3
2595,570.3371900000001,3811698,18.6,570.3377532407001,0.0005632406999893647,40,44,O2N1
2596,570.3589900000001,4853111,24.2,570.3588826095,0.00010739050003394368,37,48,O4N1
2597,570.39482,12266879,64.3,570.3952681183001,0.00044811830014168663,38,52,O3N1
2601,570.43143,31128968,166.4,570.4316536271,0.00022362710001289088,39,56,O2N1
2603,571.3796,5193828,26.1,571.3792837021,0.0003162978999853294,38,51,O4
2605,571.4157299999999,5167725,25.9,571.4156692109001,6.0789099848079786e-05,39,55,O3
2609,572.3532299999999,17805126,94.3,572.3534033051001,0.00017330510013380263,40,46,O2N1
2610,572.37423,5119307,25.7,572.3745326739,0.0003026739000233647,37,50,O4N1
2612,572.4472400000001,6168412,31.3,572.4473036915,6.369149991769518e-05,39,58,O2N1
2616,573.5041200000001,5404753,27.2,573.5040902929001,2.9707099997722253e-05,41,65,O1
2617,574.36915,28524824,152.3,574.3690533695001,9.663049991104344e-05,40,48,O2N1
2618,574.39025,3079966,14.6,574.3901827383,6.726169999637932e-05,37,52,O4N1
2619,574.46326,7073583,36.2,574.4629537559,0.000306244099988362,39,60,O2N1
2626,576.3482700000001,8185570,40.9,576.3483179251001,4.792510003426287e-05,39,46,O3N1
2627,576.38464,92005096,480.4,576.3847034339001,6.343390009533323e-05,40,50,O2N1
2628,576.47855,3314688,15.4,576.4786038203,5.382029996781057e-05,39,62,O2N1
2630,577.36865,4989901,24.2,577.3687190177001,6.901770007061714e-05,40,49,O3
2635,577.51975,3350768,15.6,577.5201342817,0.0003842817000077048,37,69,O4
2636,578.36393,14282929,72.9,578.3639679895001,3.798950012878777e-05,39,48,O3N1
2638,578.40015,60273848,314.0,578.4003534983001,0.0002034983000385182,40,52,O2N1
2641,579.38411,6859164,34.0,579.3843690821001,0.00025908210011493793,40,51,O3
2645,579.53568,4048318,19.2,579.5357843461001,0.00010434610010179313,37,71,O4
2646,580.3428700000001,3229815,14.9,580.3432325451001,0.0003625451000743851,38,46,O4N1
2647,580.37911,9504383,47.8,580.3796180539001,0.0005080539001482975,39,50,O3N1
2649,580.41563,32290440,167.3,580.4160035627,0.0003735627000196473,40,54,O2N1
2654,581.40028,5873512,28.8,581.4000191465001,0.000260853499867153,40,53,O3
2663,582.3591,3754050,17.7,582.3588826095,0.00021739049998359405,38,48,O4N1
2664,582.39522,12309578,62.5,582.3952681183001,4.811830012840801e-05,39,52,O3N1
2665,582.43127,31885394,165.2,582.4316536271,0.0003836270999499902,40,56,O2N1
2669,583.37893,5410090,26.4,583.3792837021001,0.0003537021001420726,39,51,O4
2671,583.4159400000001,4222770,20.2,583.4156692109001,0.0002707891000000018,40,55,O3
2677,584.35356,4506118,21.6,584.3534033051001,0.00015669489994252217,41,46,O2N1
2678,584.37459,4343819,20.8,584.3745326739,5.732609997721738e-05,38,50,O4N1
2679,584.41116,7537171,37.5,584.4109181827,0.00024181729997962975,39,54,O3N1
2682,584.4471,15319579,78.3,584.4473036915,0.0002036915000189765,40,58,O2N1
2684,585.39425,4369137,20.9,585.3949337665001,0.000683766500060301,39,53,O4
2686,585.4316200000001,2695929,12.1,585.4313192753,0.0003007247000823554,40,57,O3
2691,586.36851,22641612,116.7,586.3690533695001,0.0005433695000647276,41,48,O2N1
2692,586.38958,4116945,19.6,586.3901827383,0.0006027383000173359,38,52,O4N1
2693,586.46369,3157986,14.6,586.4629537559,0.0007362441000395847,40,60,O2N1
2699,588.34895,2786695,12.6,588.3483179251001,0.0006320748998405179,40,46,O3N1
2700,588.38477,30098832,155.8,588.3847034339001,6.656609991750884e-05,41,50,O2N1
2701,588.40499,3595668,16.9,588.4058328027,0.0008428027000491056,38,54,O4N1
2702,588.4784400000001,3703204,17.4,588.4786038203,0.00016382029991746094,40,62,O2N1
2704,589.3679,3212394,14.8,589.3687190177001,0.0008190177001097254,41,49,O3
2707,590.36334,6564679,32.4,590.3639679895001,0.0006279895001171099,40,48,O3N1
2708,590.4008299999999,54300496,282.7,590.4003534983001,0.00047650169983626256,41,52,O2N1
2709,590.5508,3279728,15.2,590.5517687623001,0.0009687623000900203,38,72,O3N1
2712,591.3835,4082216,19.4,591.3843690821001,0.0008690821000527649,41,51,O3
2716,591.53611,8191050,40.9,591.5357843461001,0.0003256538999494296,38,71,O4
2718,592.37897,9563395,48.1,592.3796180539001,0.000648053900135892,40,50,O3N1
2720,592.4163,34576652,179.3,592.4160035627,0.00029643729999406787,41,54,O2N1
2723,592.5676900000001,9038637,45.4,592.5674188267001,0.00027117330000692164,38,74,O3N1
2726,593.39978,4962275,24.0,593.4000191465001,0.00023914650012102356,41,53,O3
2729,593.47347,11614707,58.9,593.4727901641,0.0006798358999731136,43,61,O1
2732,593.5522900000001,9955844,50.2,593.5514344105001,0.0008555895000199598,38,73,O4
2734,594.35948,4361909,21.2,594.3588826095001,0.0005973904998199941,39,48,O4N1
2735,594.39595,6340797,31.8,594.3952681183001,0.0006818816998475086,40,52,O3N1
2738,594.4325,18256580,95.4,594.4316536271,0.0008463729000141029,41,56,O2N1
2744,595.41606,3847578,18.5,595.4156692109001,0.0003907890999244046,41,55,O3
2749,595.48914,38556584,203.8,595.4884402285,0.0006997714999670279,43,63,O1
2751,595.56756,4987835,24.6,595.5670844749001,0.0004755250998869087,38,75,O4
2754,596.37499,4964457,24.5,596.3745326739001,0.00045732609987680917,39,50,O4N1
2755,596.41021,9243761,47.3,596.4109181827,0.0007081827000092744,40,54,O3N1
2756,596.44786,21357688,112.0,596.4473036915,0.0005563084999948842,41,58,O2N1
2762,597.39568,4548933,22.2,597.3949337665001,0.000746233499853588,40,53,O4
2764,597.43168,3653965,17.5,597.4313192753,0.0003607247000445568,41,57,O3
2768,598.36954,17167894,89.6,598.3690533695001,0.00048663049994956964,42,48,O2N1
2769,598.39098,3467546,16.5,598.3901827383002,0.0007972616998586091,39,52,O4N1
2770,598.42723,4951586,24.4,598.4265682471,0.0006617528999868227,40,56,O3N1
2771,598.4637,10292777,52.9,598.4629537559,0.0007462441000143372,41,60,O2N1
2775,599.41136,3980019,19.2,599.4105838309001,0.0007761690998222548,40,55,O4
2776,599.5206099999999,8396554,42.8,599.5197403573001,0.0008696426998540119,43,67,O1
2783,601.53597,6680756,33.6,601.5353904217001,0.00057957829994848,43,69,O1
2786,602.5296900000001,11618692,60.0,602.5306393935001,0.0009493935000364218,42,68,O1N1
2791,604.3802400000001,8934148,45.6,604.3796180539001,0.0006219460999545845,41,50,O3N1
2797,604.4166299999999,44497676,235.5,604.4160035627,0.0006264372999567058,42,54,O2N1
2804,606.39603,8875170,45.3,606.3952681183001,0.0007618816998729017,41,52,O3N1
2807,606.43243,28040362,147.6,606.4316536271,0.0007763728999634623,42,56,O2N1
2810,607.4166299999999,3837297,18.4,607.4156692109001,0.000960789099849535,42,55,O3
2817,607.48922,2922368,13.5,607.4884402285,0.000779771499992421,44,63,O1
2820,608.37541,4288051,20.8,608.3745326739001,0.0008773260998395926,40,50,O4N1
2821,608.41176,6875706,34.7,608.4109181827,0.0008418172999427043,41,54,O3N1
2824,608.44822,15384129,80.1,608.4473036915,0.0009163084999954663,42,58,O2N1
2828,609.39593,3055359,14.3,609.3949337665001,0.0009962334999045197,41,53,O4
2829,609.432,3665670,17.5,609.4313192753,0.0006807247000324423,42,57,O3
2836,609.50478,4107541,19.9,609.5040902929001,0.0006897070999229982,44,65,O1
2839,610.39096,4385733,21.4,610.3901827383002,0.0007772616997954174,40,52,O4N1
2841,610.42733,8187852,41.7,610.4265682471,0.0007617528999617207,41,56,O3N1
2842,610.46364,18210772,95.2,610.4629537559,0.0006862441000521358,42,60,O2N1
2851,611.4476099999999,3150998,14.8,611.4469693397,0.0006406602999504685,42,59,O3
2858,612.38533,27238734,143.4,612.3847034339001,0.0006265660998678868,43,50,O2N1
2859,612.40634,4573522,22.4,612.4058328027,0.0005071972999530772,40,54,O4N1
2861,612.4427599999999,4313433,21.0,612.4422183115,0.0005416884998794558,41,58,O3N1
2862,612.47923,8841568,45.1,612.4786038203,0.000626179700020657,42,62,O2N1
2869,613.4269400000001,3339800,15.8,613.4262338953,0.0007061047000433973,41,57,O4
2875,614.3648599999999,5571278,27.7,614.3639679895001,0.0008920104997969247,42,48,O3N1
2877,614.4009,35988180,190.1,614.4003534983001,0.0005465016998869032,43,52,O2N1
2878,614.42221,2884825,13.3,614.4214828671,0.0007271328998967874,40,56,O4N1
2882,615.38496,3602321,17.7,615.3843690821001,0.0005909178998990683,43,51,O3
2885,616.3803,8771662,46.1,616.3796180539001,0.0006819460999167859,42,50,O3N1
2888,616.41664,34219092,185.8,616.4160035627,0.0006364373000451451,43,54,O2N1
2893,617.40058,4232462,21.1,617.4000191465001,0.0005608534999055337,43,53,O3
2898,618.39599,9670088,51.0,618.3952681183001,0.0007218816998602051,42,52,O3N1
2900,618.43239,28792270,156.0,618.4316536271,0.0007363729000644526,43,56,O2N1
2903,618.58375,19428844,104.6,618.5830688911001,0.0006811088999256754,40,76,O3N1
2910,619.4893,13713043,73.2,619.4884402285,0.0008597714999041273,45,63,O1
2912,620.3755,3064629,14.7,620.3745326739001,0.0009673260998397382,41,50,O4N1
2913,620.4117200000001,6588220,34.1,620.4109181827,0.0008018173000436946,42,54,O3N1
2914,620.44794,17178434,92.2,620.4473036915,0.0006363085000202773,43,58,O2N1
2916,620.59956,8453982,44.3,620.5987189555001,0.0008410444999071842,40,78,O3N1
2920,621.43206,3498997,17.1,621.4313192753,0.0007407246999946437,43,57,O3
2922,621.50487,147810304,809.6,621.5040902929001,0.0007797070999231437,45,65,O1
2925,622.39047,4191906,20.9,622.3901827383002,0.00028726169989568007,41,52,O4N1
2932,623.4114900000001,2721112,12.8,623.4105838309001,0.0009061690999487837,42,55,O4
2934,623.4478799999999,3012958,14.4,623.4469693397,0.000910660299950905,43,59,O3
2938,623.52055,55486828,302.6,623.5197403573001,0.0008096426998918105,45,67,O1
2940,623.5992,2911097,13.9,623.5983846037001,0.0008153962999131181,40,79,O4
2943,624.40667,4316680,21.6,624.4058328027,0.0008371972999157151,41,54,O4N1
2945,624.44286,4523534,22.7,624.4422183115,0.0006416884999680406,42,58,O3N1
2946,624.4793,8946196,47.0,624.4786038203,0.0006961796999576109,43,62,O2N1
2951,625.4269099999999,3712186,18.3,625.4262338953,0.0006761046998917664,42,57,O4
2954,625.46321,2702016,12.7,625.4626194041,0.000590595900007429,43,61,O3
2960,626.4009900000001,24550242,132.7,626.4003534983001,0.0006365017000007356,44,52,O2N1
2961,626.42247,3013990,14.4,626.4214828671,0.0009871328999224716,41,56,O4N1
2963,626.49499,6464371,33.4,626.4942538847,0.0007361153000147169,43,64,O2N1
2967,627.44282,2989076,14.3,627.4418839597,0.00093604029996186,42,59,O4
2970,627.5518,12153895,64.6,627.5510404861001,0.0007595138998794937,45,71,O1
2973,628.38031,5777587,29.6,628.3796180539001,0.0006919460998915383,43,50,O3N1
2975,628.41659,24947898,134.9,628.4160035627,0.0005864373000576961,44,54,O2N1
2976,628.48836,3607749,17.7,628.4887745803001,0.00041458030011654046,46,62,N1
2982,629.40034,2706782,12.7,629.4000191465001,0.00032085349994304124,44,53,O3
2988,630.39594,9471490,49.9,630.3952681183001,0.0006718816998727561,43,52,O3N1
2990,630.43227,22908424,123.7,630.4316536271,0.0006163729000263629,44,56,O2N1
2991,630.56109,4837918,24.4,630.5619395223001,0.0008495223000863916,44,72,O1N1
2995,631.41598,3994281,19.8,631.4156692109001,0.0003107890998990115,44,55,O3
2998,632.37514,3545924,17.3,632.3745326739001,0.0006073260998391561,42,50,O4N1
2999,632.41147,7164746,37.2,632.4109181827,0.0005518172999927629,43,54,O3N1
3000,632.44782,18222928,97.9,632.4473036915,0.0005163084999821876,44,58,O2N1
3003,633.39554,2764775,13.0,633.3949337665001,0.0006062334998659935,43,53,O4
3006,633.43192,3994605,19.8,633.4313192753,0.0006007247000070493,44,57,O3
3009,634.39097,2726019,12.8,634.3901827383002,0.0007872616998838566,42,52,O4N1
3010,634.42563,3678345,18.1,634.4265682471,0.0009382471000662918,43,56,O3N1
3011,634.4635400000001,11843727,62.9,634.4629537559,0.0005862441000772378,44,60,O2N1
3018,636.44286,3744192,18.4,636.4422183115,0.0006416884999680406,43,58,O3N1
3019,636.47927,6763974,35.0,636.4786038203,0.0006661797000333536,44,62,O2N1
3024,637.4997599999999,12440160,68.3,637.4990049129,0.0007550870999466497,45,65,O2
3031,638.4588200000001,3666671,18.6,638.4578683759,0.0009516241000255832,43,60,O3N1
3032,638.4950200000001,4858612,25.3,638.4942538847,0.000766115300052661,44,64,O2N1
3045,640.41695,18248716,101.2,640.4160035627,0.0009464373000582782,45,54,O2N1
3047,640.5106,4984858,26.0,640.5099039491,0.000696050899932743,44,66,O2N1
3058,642.39596,4347172,22.4,642.3952681183001,0.000691881699822261,44,52,O3N1
3059,642.43254,15746345,87.0,642.4316536271,0.0008863729000267995,45,56,O2N1
3066,643.41567,2804401,13.7,643.4156692109001,7.89099885878386e-07,45,55,O3
3070,644.3753,2946611,14.5,644.3745326739001,0.0007673260998899423,43,50,O4N1
3071,644.41164,8257080,44.6,644.4109181827,0.0007218173000183015,44,54,O3N1
3072,644.44805,13997629,77.1,644.4473036915,0.0007463084999699277,45,58,O2N1
3076,645.4318900000001,3708608,18.8,645.4313192753,0.000570724700082792,45,57,O3
3081,646.3910400000001,3187518,15.8,646.3901827383002,0.0008572616999344973,43,52,O4N1
3082,646.42738,5584706,29.4,646.4265682471,0.0008117528999491697,44,56,O3N1
3083,646.46374,10411847,56.8,646.4629537559,0.0007862441000270337,45,60,O2N1
3091,648.4066799999999,3490367,17.6,648.4058328027,0.0008471972998904675,43,54,O4N1
3092,648.44156,4127811,21.2,648.4422183115,0.0006583115000466933,44,58,O3N1
3098,650.42123,3312950,16.6,650.4214828671,0.000252867100016374,43,56,O4N1
3100,650.49507,3678527,18.6,650.4942538847,0.00081611530004011,45,64,O2N1
3108,651.63025,3513798,17.7,651.6296847325001,0.0005652674999510054,42,83,O4
3113,652.51082,9499180,51.6,652.5099039491,0.0009160508999457306,45,66,O2N1
3118,653.49482,5794460,30.6,653.4939195329,0.0009004670999956943,45,65,O3
3122,654.43255,13912836,76.6,654.4316536271,0.0008963729000015519,46,56,O2N1
3136,656.41173,5155802,27.0,656.4109181827,0.000811817300018447,45,54,O3N1
3137,656.4482,10073053,54.9,656.4473036915,0.0008963085000459614,46,58,O2N1
3156,660.40664,2795880,13.6,660.4058328027,0.0008071972999914578,44,54,O4N1
3157,660.44298,4083051,20.9,660.4422183115,0.0007616885000061302,45,58,O3N1
3159,660.47954,5748079,30.3,660.4786038203,0.0009361797000337901,46,62,O2N1
3165,662.4952099999999,3847719,19.8,662.4942538847,0.0009561152999140177,46,64,O2N1
3204,672.44313,3602700,18.4,672.4422183115,0.0009116884999684771,46,58,O3N1
3235,680.54214,9319052,51.1,680.5412040779,0.0009359220999840545,47,70,O2N1
3241,682.4621400000001,4172490,21.6,682.4629537559,0.0008137558999123939,48,60,O2N1
3254,686.49385,2843434,14.0,686.4942538847,0.00040388470006291755,48,64,O2N1
3258,688.50916,2923337,14.6,688.5099039491,0.0007439491000695853,48,66,O2N1
3268,692.4680400000001,2814314,14.0,692.4684330603001,0.0003930602999844268,46,62,O4N1
3278,694.5568900000001,3599213,18.5,694.5568541423,3.585770002700883e-05,48,72,O2N1
3287,699.4784599999999,3507021,18.0,699.4782694685,0.00019053149992487306,49,63,O3
3301,706.55755,16020174,90.2,706.5568541423,0.0006958576999522847,49,72,O2N1
3309,708.5729200000001,50299548,288.0,708.5725042067,0.0004157933000215053,49,74,O2N1
3325,713.55156,4023044,20.9,713.5514344105001,0.0001255894999303564,48,73,O4
3332,715.56788,10260925,57.8,715.5670844749001,0.0007955250998747943,48,75,O4
3346,720.5731900000001,3986685,21.1,720.5725042067,0.0006857933000219418,50,74,O2N1
3375,733.55559,4217529,22.4,733.5565197905,0.000929790499981209,51,73,O3
3390,738.59807,4531658,24.3,738.5983250311001,0.0002550311000959482,54,76,N1
3393,739.56799,3712924,19.5,739.5670844749001,0.0009055250999381315,50,75,O4
3436,764.61358,3684771,19.8,764.6139750955001,0.00039509550015282,56,78,N1
3440,766.57875,4347495,23.8,766.5779835111001,0.0007664888998988317,51,76,O4N1
