m/z,I,S/N,em,dbe,error,C,H,Class
628.58327,3271408.421,9.9,628.582675,9,0.000595033,45,74,N1
614.56718,4297351.2,14.6,614.5670249,9,0.000155098,44,72,N1
600.55168,5594174.4,19.6,600.5513748,9,0.000305162,43,70,N1
586.53614,5284572,18.7,586.5357248,9,0.000415226,42,68,N1
572.52016,6103927.2,22.8,572.5200747,9,8.53E-05,41,66,N1
558.50474,7599496.8,28.9,558.5044246,9,0.000315355,40,64,N1
544.48877,9057418.8,36.2,544.4887746,9,4.58E-06,39,62,N1
530.47323,9589334.4,40,530.4731245,9,0.000105484,38,60,N1
516.45771,10494000,45.3,516.4574745,9,0.000235548,37,58,N1
502.44204,10784460,47.6,502.4418244,9,0.000215613,36,56,N1
488.42632,13784379.6,62.7,488.4261743,9,0.000145677,35,54,N1
474.41085,15021915.6,69.8,474.4105243,9,0.000325742,34,52,N1
460.39515,16644783.6,79,460.3948742,9,0.000275806,33,50,N1
446.37945,18448942.8,89.2,446.3792241,9,0.000225871,32,48,N1
432.36387,21724737.6,108,432.3635741,9,0.000295935,31,46,N1
418.34822,22407405.6,112.7,418.347924,9,0.000295999,30,44,N1
404.33242,24355490.4,124.1,404.3322739,9,0.000146064,29,42,N1
390.31695,28380105.6,148,390.3166239,9,0.000326128,28,40,N1
376.30128,26558104.8,142.3,376.3009738,9,0.000306,27,38,N1
362.28562,28877352,159.2,362.2853237,9,0.000296257,26,36,N1
348.26987,26158898.4,145.9,348.2696737,9,0.000196321,25,34,N1
334.25427,26402414.4,152.8,334.2540236,9,0.000246386,24,32,N1
320.23845,26776908,158.4,320.2383735,9,7.65E-05,23,30,N1
306.22287,26394993.6,158.9,306.2227235,9,0.000146515,22,28,N1
292.20712,22560201.6,138.8,292.2070734,9,4.66E-05,21,26,N1
278.19156,21128500.8,132.8,278.1914234,9,0.000137,20,24,N1
264.17591,19588960.8,126.4,264.1757733,9,0.000136708,19,22,N1
250.16024,21907711.2,144.2,250.1601232,9,0.000117,18,20,N1
236.14456,22449825.6,151,236.1444732,9,8.68E-05,17,18,N1
222.12892,23321196,159.3,222.1288231,9,9.69E-05,16,16,N1
208.1132,15644106,108.3,208.113173,9,2.70E-05,15,14,N1
612.55117,1909010,6.9,612.5513748,10,0.000204838,44,70,N1
556.48903,4041680,18.5,556.4887746,10,0.000255,40,62,N1
542.47329,4277729,19.7,542.4731245,10,0.000165484,39,60,N1
528.45771,4728221,22.8,528.4574745,10,0.000235548,38,58,N1
514.44195,4704929,23.4,514.4418244,10,0.000125613,37,56,N1
500.42634,6597674,34.4,500.4261743,10,0.000166,36,54,N1
486.41067,5740400,30.2,486.4105243,10,0.000145742,35,52,N1
472.39508,5855151,31.5,472.3948742,10,0.000205806,34,50,N1
458.37954,6594605,36.4,458.3792241,10,0.000315871,33,48,N1
444.36388,7558362,43.3,444.3635741,10,0.000305935,32,46,N1
430.34828,7242766,41.9,430.347924,10,0.000356,31,44,N1
416.33256,9144869,54.1,416.3322739,10,0.000286064,30,42,N1
402.31688,9282426,56.2,402.3166239,10,0.000256,29,40,N1
388.30111,9971817,61.1,388.3009738,10,0.000136193,28,38,N1
374.28564,11616632,73.6,374.2853237,10,0.000316,27,36,N1
360.2699,11558718,75.3,360.2696737,10,0.000226321,26,34,N1
346.25416,10887766,72.6,346.2540236,10,0.000136386,25,32,N1
332.23858,12507992,85.8,332.2383735,10,0.00020645,24,30,N1
318.2229,13501115,94.9,318.2227235,10,0.000176515,23,28,N1
304.20719,11866020,85.3,304.2070734,10,0.000116579,22,26,N1
290.19152,12159101,89.6,290.1914234,10,9.66E-05,21,24,N1
276.17587,9877418,73.9,276.1757733,10,9.67E-05,20,22,N1
262.1602,8261523,62.7,262.1601232,10,7.68E-05,19,20,N1
248.14451,4602354,34.6,248.1444732,10,3.68E-05,18,18,N1
234.12888,2168170,15.3,234.1288231,10,5.69E-05,17,16,N1
220.11324,1188773,7.4,220.113173,10,6.70E-05,16,14,N1
610.53536,1864031,6.7,610.5357248,11,0.000364774,44,68,N1
596.52059,2192637,8.2,596.5200747,11,0.000515291,43,66,N1
568.48891,2568430,10.6,568.4887746,11,0.00013542,41,62,N1
554.47333,2797494,12.2,554.4731245,11,0.000205484,40,60,N1
540.45754,3161091,14,540.4574745,11,6.55E-05,39,58,N1
526.44212,3145209,14.5,526.4418244,11,0.000296,38,56,N1
512.4262,4141852,20.4,512.4261743,11,2.57E-05,37,54,N1
498.41102,3392680,16.7,498.4105243,11,0.000495742,36,52,N1
484.39515,3669716,18.6,484.3948742,11,0.000275806,35,50,N1
470.37943,3337180,17,470.3792241,11,0.00020587,34,48,N1
456.36395,4236307,22.6,456.3635741,11,0.000375935,33,46,N1
442.34823,4530820,25,442.347924,11,0.000305999,32,44,N1
428.33247,4850058,27.3,428.3322739,11,0.000196064,31,42,N1
414.31686,5623680,32.4,414.3166239,11,0.000236128,30,40,N1
400.30134,6650048,39.6,400.3009738,11,0.000366192,29,38,N1
386.28565,6499755,39.6,386.2853237,11,0.000326257,28,36,N1
372.26994,6769354,42,372.2696737,11,0.000266321,27,34,N1
358.25425,7247032,46.4,358.2540236,11,0.000226386,26,32,N1
344.23855,5975564,38.8,344.2383735,11,0.00017645,25,30,N1
330.22291,7935330,53.6,330.2227235,11,0.000186515,24,28,N1
316.20724,7748885,53.9,316.2070734,11,0.000166579,23,26,N1
302.19153,7068693,49.9,302.1914234,11,0.000106643,22,24,N1
288.17582,4369609,30.6,288.1757733,11,4.67E-05,21,22,N1
274.16034,2707607,18.5,274.1601232,11,0.000216772,20,20,N1
260.14451,1422246,8.8,260.1444732,11,3.68E-05,19,18,N1
664.58304,2454840,9.1,664.582675,12,0.000365033,48,74,N1
650.56636,1953385,6.9,650.5670249,12,0.000664902,47,72,N1
636.5521,2437197,9.2,636.5513748,12,0.000725162,46,70,N1
622.5361,3320707,13.2,622.5357248,12,0.000375226,45,68,N1
608.52028,3738288,15.3,608.5200747,12,0.000205291,44,66,N1
594.50489,3310696,13.4,594.5044246,12,0.000465355,43,64,N1
580.48888,4956413,21.3,580.4887746,12,0.00010542,42,62,N1
566.47355,5484200,24.8,566.4731245,12,0.000425484,41,60,N1
552.45744,5851557,27.6,552.4574745,12,3.45E-05,40,58,N1
538.44199,6285358,31,538.4418244,12,0.000165613,39,56,N1
524.42618,6281819,31,524.4261743,12,5.68E-06,38,54,N1
510.41065,7717786,39.8,510.4105243,12,0.000125742,37,52,N1
496.39509,10162467,54.1,496.3948742,12,0.000215806,36,50,N1
482.37941,10965554,59.7,482.3792241,12,0.00018587,35,48,N1
468.36382,12254720,68.3,468.3635741,12,0.000245935,34,46,N1
454.34811,12910576,74.5,454.347924,12,0.000185999,33,44,N1
440.3325,15130663,88.8,440.3322739,12,0.000226064,32,42,N1
426.31682,17635072,105.1,426.3166239,12,0.000196128,31,40,N1
412.30125,17712342,108,412.3009738,12,0.000276192,30,38,N1
398.28543,17621508,108.6,398.2853237,12,0.000106257,29,36,N1
384.26993,21602028,136.9,384.2696737,12,0.000256321,28,34,N1
370.25434,23899168,153.9,370.2540236,12,0.000316386,27,32,N1
356.23845,23120440,152.9,356.2383735,12,7.65E-05,26,30,N1
342.22282,24707532,167.8,342.2227235,12,9.65E-05,25,28,N1
328.20718,31173496,220,328.2070734,12,0.000106579,24,26,N1
314.19157,31045492,223.3,314.1914234,12,0.000146643,23,24,N1
300.17592,41968772,310.4,300.1757733,12,0.000146708,22,22,N1
286.16027,54233356,411.1,286.1601232,12,0.000146772,21,20,N1
272.1446,68225904,529,272.1444732,12,0.000126837,20,18,N1
258.12893,80751136,639.2,258.1288231,12,0.000107,19,16,N1
244.11325,73983064,597,244.113173,12,7.70E-05,18,14,N1
230.09763,37645456,308.7,230.097523,12,0.00010703,17,12,N1
216.08195,7094770,57.2,216.0818729,12,7.71E-05,16,10,N1
634.5365,1756576,6.1,634.5357248,13,0.000775226,46,68,N1
620.52068,2228939,8.3,620.5200747,13,0.000605291,45,66,N1
606.50495,2862596,11.3,606.5044246,13,0.000525355,44,64,N1
592.48877,3444696,14.2,592.4887746,13,4.58E-06,43,62,N1
578.47317,2947217,11.9,578.4731245,13,4.55E-05,42,60,N1
550.44229,3301019,14.7,550.4418244,13,0.000465613,40,56,N1
536.42617,5017698,24.3,536.4261743,13,4.32E-06,39,54,N1
522.41064,4337859,21.4,522.4105243,13,0.000115742,38,52,N1
508.39514,4716057,24,508.3948742,13,0.000265806,37,50,N1
494.37967,5451677,28.6,494.3792241,13,0.000446,36,48,N1
480.36373,5411978,28.9,480.3635741,13,0.000155935,35,46,N1
466.34811,6685721,36.9,466.347924,13,0.000185999,34,44,N1
452.33258,13071812,75.5,452.3322739,13,0.000306064,33,42,N1
438.31688,8090052,46.5,438.3166239,13,0.000256128,32,40,N1
424.30127,9867378,57.9,424.3009738,13,0.000296193,31,38,N1
410.28551,9114154,54.5,410.2853237,13,0.000186257,30,36,N1
396.26984,11652934,71.1,396.2696737,13,0.000166321,29,34,N1
382.25427,12338224,77.2,382.2540236,13,0.000246386,28,32,N1
368.2386,13390203,86.4,368.2383735,13,0.00022645,27,30,N1
354.22279,15199168,101,354.2227235,13,6.65E-05,26,28,N1
340.20724,17317784,118.3,340.2070734,13,0.000166579,25,26,N1
326.19159,20445598,143.5,326.1914234,13,0.000166643,24,24,N1
312.17584,20440538,146.2,312.1757733,13,6.67E-05,23,22,N1
298.16025,20345582,149.2,298.1601232,13,0.000126772,22,20,N1
284.14461,16933696,126.7,284.1444732,13,0.000136837,21,18,N1
270.1289,8071735,60.4,270.1288231,13,7.69E-05,20,16,N1
256.11318,4196666,31.1,256.113173,13,6.97E-06,19,14,N1
590.47356,2989901,12.1,590.4731245,14,0.000435484,43,60,N1
576.45754,2831403,11.4,576.4574745,14,6.55E-05,42,58,N1
562.44193,3611185,15.7,562.4418244,14,0.000105613,41,56,N1
548.42639,3945882,18,548.4261743,14,0.000215677,40,54,N1
534.4104,3371167,15.7,534.4105243,14,0.000124258,39,52,N1
520.39481,3594032,17.4,520.3948742,14,6.42E-05,38,50,N1
506.37953,4498072,22.8,506.3792241,14,0.000305871,37,48,N1
492.36388,4448275,23,492.3635741,14,0.000305935,36,46,N1
478.34811,3986906,20.8,478.347924,14,0.000185999,35,44,N1
464.33245,4567591,24.5,464.3322739,14,0.000176064,34,42,N1
450.31691,4104591,22.2,450.3166239,14,0.000286128,33,40,N1
436.30119,5909337,33.3,436.3009738,14,0.000216193,32,38,N1
422.28544,6853598,40,422.2853237,14,0.000116257,31,36,N1
408.26983,7466874,44.3,408.2696737,14,0.000156321,30,34,N1
394.25423,9731207,59.6,394.2540236,14,0.000206386,29,32,N1
380.23864,9983350,62.1,380.2383735,14,0.00026645,28,30,N1
366.22304,12041948,77.5,366.2227235,14,0.000316515,27,28,N1
352.20728,12130641,80.2,352.2070734,14,0.000206579,26,26,N1
338.19149,11340144,76.7,338.1914234,14,6.66E-05,25,24,N1
324.17592,12188624,84.6,324.1757733,14,0.000146708,24,22,N1
310.16031,11834437,84.4,310.1601232,14,0.000186772,23,20,N1
296.1446,10100566,72.9,296.1444732,14,0.000126837,22,18,N1
282.12882,6531947,47.4,282.1288231,14,3.10E-06,21,16,N1
268.11328,2801769,19.5,268.113173,14,0.000106965,20,14,N1
630.50528,1892925,6.7,630.5044246,15,0.000855355,46,64,N1
616.4893,3299676,13.2,616.4887746,15,0.000525,45,62,N1
602.47369,2732726,10.7,602.4731245,15,0.000565484,44,60,N1
588.45779,3289798,13.5,588.4574745,15,0.000315548,43,58,N1
574.44211,3361739,14.4,574.4418244,15,0.000285613,42,56,N1
560.42639,4270081,18.9,560.4261743,15,0.000215677,41,54,N1
546.4103,3098785,13.7,546.4105243,15,0.000224258,40,52,N1
532.39555,2927846,13.4,532.3948742,15,0.000675806,39,50,N1
518.37933,4836257,24.1,518.3792241,15,0.00010587,38,48,N1
504.36376,5120793,26.2,504.3635741,15,0.000185935,37,46,N1
490.34829,6018182,31.8,490.347924,15,0.000365999,36,44,N1
476.33253,6015778,32.4,476.3322739,15,0.000256064,35,42,N1
462.31686,6852651,37.9,462.3166239,15,0.000236128,34,40,N1
448.30127,6559058,36.8,448.3009738,15,0.000296193,33,38,N1
434.28552,8936679,51.6,434.2853237,15,0.000196257,32,36,N1
420.26983,9980741,59.2,420.2696737,15,0.000156321,31,34,N1
406.25431,11215047,67.6,406.2540236,15,0.000286386,30,32,N1
392.23849,10738120,66,392.2383735,15,0.000116,29,30,N1
378.22296,13914814,87.4,378.2227235,15,0.000237,28,28,N1
364.20723,14386241,93,364.2070734,15,0.000156579,27,26,N1
350.19163,18133738,121,350.1914234,15,0.000206643,26,24,N1
336.17605,29172564,200.9,336.1757733,15,0.000276708,25,22,N1
322.16029,41260556,294.9,322.1601232,15,0.000166772,24,20,N1
308.14456,60115636,438.3,308.1444732,15,8.68E-05,23,18,N1
294.12899,69668792,520.9,294.1288231,15,0.000166901,22,16,N1
280.11327,38736776,295.1,280.113173,15,9.70E-05,21,14,N1
266.09756,11998852,91.6,266.097523,15,3.70E-05,20,12,N1
586.44239,2380356,9.3,586.4418244,16,0.000565613,43,56,N1
558.41062,2752472,11.5,558.4105243,16,9.57E-05,41,52,N1
544.39535,2570418,11,544.3948742,16,0.000475806,40,50,N1
530.37945,2895412,13.2,530.3792241,16,0.000226,39,48,N1
516.36393,2926614,13.8,516.3635741,16,0.000355935,38,46,N1
502.3482,4131736,20.8,502.347924,16,0.000275999,37,44,N1
488.3325,3876084,19.7,488.3322739,16,0.000226064,36,42,N1
474.31702,3948898,20.5,474.3166239,16,0.000396128,35,40,N1
460.30114,3833380,20.3,460.3009738,16,0.000166193,34,38,N1
446.28554,4993804,27.5,446.2853237,16,0.000216257,33,36,N1
432.26994,6116975,35,432.2696737,16,0.000266321,32,34,N1
418.25423,6451368,37.5,418.2540236,16,0.000206386,31,32,N1
404.23871,7339537,43.5,404.2383735,16,0.00033645,30,30,N1
390.22283,8928008,54.5,390.2227235,16,0.000106515,29,28,N1
376.20729,10105865,63.8,376.2070734,16,0.000216579,28,26,N1
362.1916,12466605,81.4,362.1914234,16,0.000177,27,24,N1
348.17606,15495310,104.3,348.1757733,16,0.000286708,26,22,N1
334.16036,15321411,105.7,334.1601232,16,0.000236772,25,20,N1
320.14455,11625558,81.4,320.1444732,16,7.68E-05,24,18,N1
306.12902,7718690,54.2,306.1288231,16,0.000196901,23,16,N1
292.11304,2072852,13.1,292.113173,16,0.000133035,22,14,N1
514.34831,3371151,16.2,514.347924,17,0.000385999,38,44,N1
500.33243,2542616,12,500.3322739,17,0.000156,37,42,N1
486.317,2601565,12.5,486.3166239,17,0.000376128,36,40,N1
472.30117,3680665,19,472.3009738,17,0.000196,35,38,N1
458.28546,4772884,25.8,458.2853237,17,0.000136257,34,36,N1
444.26975,4519614,25,444.2696737,17,7.63E-05,33,34,N1
430.25435,4854768,27.3,430.2540236,17,0.000326386,32,32,N1
416.23867,6147590,35.6,416.2383735,17,0.00029645,31,30,N1
402.22302,6571865,39.1,402.2227235,17,0.000296515,30,28,N1
388.20744,8391753,51.1,388.2070734,17,0.000366579,29,26,N1
374.19156,8529240,53.5,374.1914234,17,0.000136643,28,24,N1
360.17608,10402592,67.5,360.1757733,17,0.000306708,27,22,N1
346.16041,12088890,80.9,346.1601232,17,0.000286772,26,20,N1
332.14472,14260032,98.2,332.1444732,17,0.000246837,25,18,N1
318.12901,9650855,67.2,318.1288231,17,0.000186901,24,16,N1
304.11325,4889490,33.7,304.113173,17,7.70E-05,23,14,N1
290.09775,1718633,10.6,290.097523,17,0.000227,22,12,N1
512.33241,2304266,10.4,512.3322739,18,0.000136,38,42,N1
498.31693,2506902,11.8,498.3166239,18,0.000306128,37,40,N1
484.3014,2809281,13.7,484.3009738,18,0.000426193,36,38,N1
470.285,3061958,15.4,470.2853237,18,0.000324,35,36,N1
456.27002,3778298,19.9,456.2696737,18,0.000346,34,34,N1
442.25423,3652200,19.8,442.2540236,18,0.000206386,33,32,N1
428.23873,4149100,23,428.2383735,18,0.000356,32,30,N1
414.2229,5878112,34,414.2227235,18,0.000176515,31,28,N1
400.20726,6484639,38.6,400.2070734,18,0.000186579,30,26,N1
386.19156,7336330,45,386.1914234,18,0.000137,29,24,N1
372.17585,10343082,65.3,372.1757733,18,7.67E-05,28,22,N1
358.16026,13728921,89.8,358.1601232,18,0.000137,27,20,N1
344.14452,15558641,104.8,344.1444732,18,4.68E-05,26,18,N1
330.12893,12966218,89.1,330.1288231,18,0.000107,25,16,N1
316.11335,5490945,37.5,316.113173,18,0.000177,24,14,N1
510.3159,2113735,9.4,510.3166239,19,0.000723872,38,40,N1
482.28572,1524255,6.5,482.2853237,19,0.000396,36,36,N1
468.27005,2269674,11.1,468.2696737,19,0.000376321,35,34,N1
454.25419,2927318,15.2,454.2540236,19,0.000166,34,32,N1
440.2385,3186955,17,440.2383735,19,0.000126,33,30,N1
426.22276,3370978,18.3,426.2227235,19,3.65E-05,32,28,N1
412.20729,4598455,26.4,412.2070734,19,0.000217,31,26,N1
398.1918,4848099,28.3,398.1914234,19,0.000376643,30,24,N1
384.17607,5148364,30.9,384.1757733,19,0.000297,29,22,N1
370.16031,4558849,27.5,370.1601232,19,0.000187,28,20,N1
356.1447,3591706,21.8,356.1444732,19,0.000227,27,18,N1
342.1291,1741490,9.7,342.1288231,19,0.000277,26,16,N1
219.17548,1523036,10.3,219.1754389,4,4.11E-05,15,23,O1
221.0972,1011343,6,221.0971886,10,1.14E-05,16,13,O1
231.17548,1036086,6.1,231.1754389,5,4.11E-05,16,23,O1
235.11284,1124056,6.8,235.1128387,10,1.32E-06,17,15,O1
237.12848,1036440,6,237.1284887,9,8.75E-06,17,17,O1
245.09723,1689471,11.3,245.0971886,12,4.14E-05,18,13,O1
247.20675,1490911,9.6,247.2067391,4,1.09E-05,17,27,O1
259.11285,2106428,14.5,259.1128387,12,1.13E-05,19,15,O1
263.14422,1295326,7.9,263.1441388,10,8.12E-05,19,19,O1
273.12853,1231578,7.3,273.1284887,12,4.13E-05,20,17,O1
287.14424,1363443,8.2,287.1441388,12,0.000101188,21,19,O1
289.25374,1282428,7.5,289.2536893,4,5.07E-05,20,33,O1
303.26932,1455320,8.7,303.2693393,4,1.93E-05,21,35,O1
315.17534,1197975,6.7,315.1754389,12,9.89E-05,23,23,O1
317.28509,1761029,10.9,317.2849894,4,0.000100609,22,37,O1
331.30072,2686274,17.6,331.3006395,4,8.05E-05,23,39,O1
345.31617,1661400,9.8,345.3162895,4,0.00011952,24,41,O1
359.3321,1774973,10.3,359.3319396,4,0.000160416,25,43,O1
365.19147,1743283,10,365.191089,15,0.000380995,27,25,O1
367.2071,6265058,42.1,367.2067391,14,0.000360931,27,27,O1
369.22272,4492054,29.5,369.2223891,13,0.000330866,27,29,O1
373.34781,1438371,7.7,373.3475896,4,0.000220351,26,45,O1
387.3634,2583357,15.4,387.3632397,4,0.000160287,27,47,O1
397.25397,1378035,7,397.2536893,13,0.000280738,29,33,O1
401.3787,2131006,12.2,401.3788898,4,0.000189778,28,49,O1
415.39423,1331969,6.6,415.3945398,4,0.000309842,29,51,O1
421.25343,1332334,6.6,421.2536893,15,0.000259262,31,33,O1
429.40989,1567925,8.1,429.4101899,4,0.000299906,30,53,O1
443.42595,1677473,8.7,443.42584,4,0.000110029,31,55,O1
451.30113,1830167,9.6,451.3006395,14,0.000490544,33,39,O1
471.45745,1718078,8.6,471.4571401,4,0.0003099,33,59,O1
485.47278,1441644,6.8,485.4727902,4,1.02E-05,34,61,O1
499.48881,1398441,6.4,499.4884402,4,0.000369772,35,63,O1
573.50452,1705756,7.8,573.5040903,9,0.000429707,41,65,O1
589.44197,1467929,6.3,589.44149,15,0.000479965,43,57,O1
601.53557,2388234,11.6,601.5353904,9,0.000179578,43,69,O1
615.45619,1867922,8.5,615.4571401,16,0.0009501,45,59,O1
617.47289,2851460,14.2,617.4727902,15,9.98E-05,45,61,O1
667.48758,1465179,6.1,667.4884402,18,0.000860229,49,63,O1
222.09244,2156924,15.6,222.0924376,10,2.41E-06,15,12,O1N1
228.13952,1097383,6.6,228.1393878,7,0.000132216,15,18,O1N1
236.10809,1868115,13,236.1080877,10,2.35E-06,16,14,O1N1
250.12382,1840097,12.4,250.1237377,10,8.23E-05,17,16,O1N1
264.13947,1324397,8.1,264.1393878,10,8.22E-05,18,18,O1N1
272.10814,2023882,13.6,272.1080877,13,5.23E-05,19,14,O1N1
280.17061,1099144,6.2,280.1706879,9,7.79E-05,19,22,O1N1
286.12375,3980781,28.8,286.1237377,13,1.23E-05,20,16,O1N1
300.13944,2647073,18,300.1393878,13,5.22E-05,21,18,O1N1
302.15523,1280490,7.4,302.1550378,12,0.000192152,21,20,O1N1
310.12381,1342081,7.8,310.1237377,15,7.23E-05,22,16,O1N1
314.15512,2250663,14.7,314.1550378,13,8.22E-05,22,20,O1N1
316.17056,1228038,6.9,316.1706879,12,0.000127912,22,22,O1N1
326.1551,2047370,13,326.1550378,14,6.22E-05,23,20,O1N1
328.17074,1931453,12.1,328.1706879,13,5.21E-05,23,22,O1N1
332.1082,1219791,6.7,332.1080877,18,0.000112345,24,14,O1N1
336.13938,1353051,7.6,336.1393878,16,7.78E-06,24,18,O1N1
338.1551,1409995,8,338.1550378,15,6.22E-05,24,20,O1N1
340.17065,1887852,11.5,340.1706879,14,3.79E-05,24,22,O1N1
203.10773,22679856,8.3,203.1077533,6,2.33E-05,13,15,O2
205.1234,27363312,10.5,205.1234034,5,3.37E-06,13,17,O2
209.15469,29619774,11.5,209.1547035,3,1.35E-05,13,21,O2
211.07645,19222488,6.6,211.0764532,9,3.17E-06,14,11,O2
211.17038,51530382,21.8,211.1703536,2,2.64E-05,13,23,O2
213.09211,38954592,15.9,213.0921032,8,6.76E-06,14,13,O2
213.186,286445160,132.6,213.1860036,1,3.62E-06,13,25,O2
217.12344,31988214,12.5,217.1234034,6,3.66E-05,14,17,O2
219.13906,58574826,24.9,219.1390534,5,6.57E-06,14,19,O2
221.15475,38424528,15.5,221.1547035,4,4.65E-05,14,21,O2
223.07645,29201616,11.1,223.0764532,10,3.17E-06,15,11,O2
223.17034,73833138,31.9,223.1703536,3,1.36E-05,14,23,O2
225.18602,149549310,67,225.1860036,2,1.64E-05,14,25,O2
227.10776,30568806,11.7,227.1077533,8,6.70E-06,15,15,O2
227.20168,598707144,275.8,227.2016537,1,2.63E-05,14,27,O2
231.13902,40740012,16.3,231.1390534,6,3.34E-05,15,19,O2
233.15473,490651416,224.1,233.1547035,5,2.65E-05,15,21,O2
235.07642,38801808,15.3,235.0764532,11,3.32E-05,16,11,O2
235.17035,19761732,6.6,235.1703536,4,3.56E-06,15,23,O2
237.0922,27687294,10.2,237.0921032,10,9.68E-05,16,13,O2
237.18601,73986930,31.4,237.1860036,3,6.38E-06,15,25,O2
239.10781,32170734,12.2,239.1077533,9,5.67E-05,16,15,O2
239.2017,155025360,68.6,239.2016537,2,4.63E-05,15,27,O2
241.12337,34275078,13.1,241.1234034,8,3.34E-05,16,17,O2
241.21733,611058024,276.8,241.2173038,1,2.62E-05,15,29,O2
245.15474,50123934,20.3,245.1547035,6,3.65E-05,16,21,O2
247.1704,85076658,36.1,247.1703536,5,4.64E-05,16,23,O2
249.09208,34107534,12.9,249.0921032,11,2.32E-05,17,13,O2
249.18607,19803816,6.5,249.1860036,4,6.64E-05,16,25,O2
251.10781,19903572,6.5,251.1077533,10,5.67E-05,17,15,O2
251.20168,72866250,30.4,251.2016537,3,2.63E-05,16,27,O2
253.12345,28535184,10.4,253.1234034,9,4.66E-05,17,17,O2
253.21736,459633780,205.3,253.2173038,2,5.62E-05,16,29,O2
255.13913,25309872,8.9,255.1390534,8,7.66E-05,17,19,O2
257.15475,30609882,11.2,257.1547035,7,4.65E-05,17,21,O2
259.17038,60128892,24.4,259.1703536,6,2.64E-05,17,23,O2
261.18602,68213088,27.9,261.1860036,5,1.64E-05,17,25,O2
263.10781,24357096,8.3,263.1077533,11,5.67E-05,18,15,O2
263.20166,23051196,7.8,263.2016537,4,6.31E-06,17,27,O2
265.21738,82421154,34.1,265.2173038,3,7.62E-05,17,29,O2
267.13912,31085190,11.3,267.1390534,9,6.66E-05,18,19,O2
267.23297,177073956,76.2,267.2329538,2,1.62E-05,17,31,O2
269.1548,22824702,7.6,269.1547035,8,9.65E-05,18,21,O2
269.24865,649199736,285.1,269.2486039,1,4.61E-05,17,33,O2
271.17043,22063176,7.2,271.1703536,7,7.64E-05,18,23,O2
273.18606,50257818,19.6,273.1860036,6,5.64E-05,18,25,O2
275.20169,70738200,28.7,275.2016537,5,3.63E-05,18,27,O2
277.21731,57047508,22.5,277.2173038,4,6.25E-06,18,29,O2
279.13906,24168402,8.1,279.1390534,10,6.57E-06,19,19,O2
279.233,508340448,220.7,279.2329538,3,4.62E-05,18,31,O2
281.15477,28796022,10.1,281.1547035,9,6.65E-05,19,21,O2
283.17038,32264388,11.6,283.1703536,8,2.64E-05,19,23,O2
285.18614,24380604,8.1,285.1860036,7,0.000136375,19,25,O2
287.20169,58781844,23.1,287.2016537,6,3.63E-05,19,27,O2
289.21741,69481584,27.7,289.2173038,5,0.000106246,19,29,O2
291.23289,30548304,10.7,291.2329538,4,6.38E-05,19,31,O2
293.24867,70107516,27.8,293.2486039,3,6.61E-05,19,33,O2
295.17,22418496,7.2,295.1703536,9,0.000353561,20,23,O2
295.26431,160308468,66.9,295.2642539,2,5.61E-05,19,35,O2
297.18604,29016360,10,297.1860036,8,3.64E-05,20,25,O2
297.27994,664022016,283.4,297.279904,1,3.60E-05,19,37,O2
299.20183,24824502,8.2,299.2016537,7,0.000176311,20,27,O2
301.21738,45644778,17.1,301.2173038,6,7.62E-05,20,29,O2
303.23307,67024872,26.2,303.2329538,5,0.000116182,20,31,O2
305.24862,40361958,14.8,305.2486039,4,1.61E-05,20,33,O2
307.17041,31365936,10.9,307.1703536,10,5.64E-05,21,23,O2
307.26428,96232932,38.5,307.2642539,3,2.61E-05,20,35,O2
309.27994,179963910,74.2,309.279904,2,3.60E-05,20,37,O2
311.20172,32806350,11.5,311.2016537,8,6.63E-05,21,27,O2
311.29557,958074480,405.6,311.2955541,1,1.59E-05,20,39,O2
313.12386,23743728,7.6,313.1234034,14,0.000456633,22,17,O2
313.21724,24301476,7.8,313.2173038,7,6.38E-05,21,29,O2
315.13908,20579670,6.3,315.1390534,13,2.66E-05,22,19,O2
315.23298,51752970,19.5,315.2329538,6,2.62E-05,21,31,O2
317.24858,58752018,22.3,317.2486039,5,2.39E-05,21,33,O2
321.1861,31541166,10.8,321.1860036,10,9.64E-05,22,25,O2
321.28004,73257606,28.4,321.279904,3,0.000135989,21,37,O2
323.2018,23486544,7.4,323.2016537,9,0.000146311,22,27,O2
323.29565,146465082,58.8,323.2955541,2,9.59E-05,21,39,O2
325.21731,24807186,7.9,325.2173038,8,6.25E-06,22,29,O2
325.31127,809690400,336,325.3112041,1,6.59E-05,21,41,O2
327.23315,29146392,9.7,327.2329538,7,0.000196182,22,31,O2
329.2487,54878580,20.3,329.2486039,6,9.61E-05,22,33,O2
331.26438,64151352,24.1,331.2642539,5,0.000126053,22,35,O2
333.18621,22141728,6.7,333.1860036,11,0.000206375,23,25,O2
333.27999,38970450,13.7,333.279904,4,8.60E-05,22,37,O2
335.29566,71150274,26.8,335.2955541,3,0.000105924,22,39,O2
337.21736,21008142,6.2,337.2173038,9,5.62E-05,23,29,O2
337.31127,172496484,68.4,337.3112041,2,6.59E-05,22,41,O2
339.23292,44032464,15.7,339.2329538,8,3.38E-05,23,31,O2
339.32693,827503416,337.1,339.3268542,1,7.58E-05,22,43,O2
341.24872,32248242,10.8,341.2486039,7,0.000116117,23,33,O2
343.2643,45200034,16,343.2642539,6,4.61E-05,23,35,O2
345.28,71953056,26.8,345.279904,5,9.60E-05,23,37,O2
347.2956,31355784,10.3,347.2955541,4,4.59E-05,23,39,O2
349.31128,69546330,25.6,349.3112041,3,7.59E-05,23,41,O2
351.32684,163208178,63.3,351.3268542,2,1.42E-05,23,43,O2
353.24837,30593988,9.9,353.2486039,8,0.000233882,24,33,O2
353.34256,726333264,289.9,353.3425043,1,5.57E-05,23,45,O2
355.26403,26860374,8.4,355.2642539,7,0.000223947,24,35,O2
357.27996,41312430,14.1,357.279904,6,5.60E-05,24,37,O2
359.29557,62675478,22.6,359.2955541,5,1.59E-05,24,39,O2
361.31123,22411278,6.5,361.3112041,4,2.59E-05,24,41,O2
363.32684,69104790,24.9,363.3268542,3,1.42E-05,24,43,O2
365.24843,24795702,7.4,365.2486039,9,0.000173883,25,33,O2
365.34255,184545144,70.4,365.3425043,2,4.57E-05,24,45,O2
367.3582,665501400,259.9,367.3581543,1,4.57E-05,24,47,O2
369.27983,29842092,9.4,369.279904,7,7.40E-05,25,37,O2
371.2956,46118556,15.6,371.2955541,6,4.59E-05,25,39,O2
373.31132,66556098,23.6,373.3112041,5,0.00011586,25,41,O2
375.32644,28241676,8.7,375.3268542,4,0.000414205,25,43,O2
377.34232,55798668,19.4,377.3425043,3,0.000184269,25,45,O2
379.26442,29731878,9.1,379.2642539,9,0.000166053,26,35,O2
379.35821,168230394,62.5,379.3581543,2,5.57E-05,25,47,O2
381.18673,21760704,6,381.1860036,15,0.000726375,27,25,O2
381.2799,29926566,9.2,381.279904,8,4.01E-06,26,37,O2
381.37391,566113932,215.9,381.3738044,1,0.000105602,25,49,O2
383.2018,23821614,6.8,383.2016537,14,0.000146311,27,27,O2
383.29531,33664788,10.6,383.2955541,7,0.000244076,26,39,O2
385.31131,43702128,14.5,385.3112041,6,0.00010586,26,41,O2
387.32699,71014806,24.7,387.3268542,5,0.000135796,26,43,O2
389.34238,26213382,7.7,389.3425043,4,0.000124269,26,45,O2
391.3582,71413038,24.9,391.3581543,3,4.57E-05,26,47,O2
393.28003,28010682,8.3,393.279904,9,0.000125989,27,37,O2
393.37392,179324046,66,393.3738044,2,0.000115602,26,49,O2
395.29532,26709678,7.8,395.2955541,8,0.000234076,27,39,O2
395.38955,516123504,192.8,395.3894545,1,9.55E-05,26,51,O2
397.21743,30592098,9.2,397.2173038,14,0.000126246,28,29,O2
397.3111,40688694,13.1,397.3112041,7,0.00010414,27,41,O2
399.32697,40896558,13.1,399.3268542,6,0.000115795,27,43,O2
401.24869,25285752,7.2,401.2486039,12,8.61E-05,28,33,O2
401.34241,52094394,17.4,401.3425043,5,9.43E-05,27,45,O2
403.26414,25644276,7.4,403.2642539,11,0.000113947,28,35,O2
403.35814,30791862,9.3,403.3581543,4,1.43E-05,27,47,O2
405.3738,64199988,21.7,405.3738044,3,4.40E-06,27,49,O2
407.38953,149291334,53.6,407.3894545,2,7.55E-05,27,51,O2
409.31125,41445180,13.2,409.3112041,8,4.59E-05,28,41,O2
409.40511,389598444,143.7,409.4051045,1,5.47E-06,27,53,O2
411.23308,25754310,7.3,411.2329538,14,0.000126182,29,31,O2
411.32693,35744868,11.1,411.3268542,7,7.58E-05,28,43,O2
413.34255,36988704,11.5,413.3425043,6,4.57E-05,28,45,O2
415.26412,26534628,7.5,415.2642539,12,0.000133947,29,35,O2
415.35831,68594562,23.2,415.3581543,5,0.000155667,28,47,O2
419.38939,61921026,20.7,419.3894545,3,6.45E-05,28,51,O2
421.40511,130312242,46.1,421.4051045,2,5.47E-06,28,53,O2
423.42083,344463624,124.4,423.4207546,1,7.54E-05,28,55,O2
427.3584,36997200,11.3,427.3581543,6,0.000245667,29,47,O2
429.37388,73823274,24.8,429.3738044,5,7.56E-05,29,49,O2
431.38956,28986318,8.3,431.3894545,4,0.000105538,29,51,O2
433.40539,44191530,13.9,433.4051045,3,0.000285474,29,53,O2
435.42086,115107390,39.6,435.4207546,2,0.000105409,29,55,O2
437.43646,245429514,87.1,437.4364047,1,5.53E-05,29,57,O2
441.37386,46337688,14.6,441.3738044,6,5.56E-05,30,49,O2
443.38943,114271956,39.3,443.3894545,5,2.45E-05,30,51,O2
445.40519,31294152,9,445.4051045,4,8.55E-05,30,53,O2
447.42068,56097450,17.9,447.4207546,3,7.46E-05,30,55,O2
449.43644,106848342,36.2,449.4364047,2,3.53E-05,30,57,O2
451.45211,228820446,80.2,451.4520547,1,5.53E-05,30,59,O2
455.38948,101129004,34.2,455.3894545,6,2.55E-05,31,51,O2
457.40523,101680218,34,457.4051045,5,0.000125474,31,53,O2
459.32669,68062752,22,459.3268542,11,0.000164205,32,43,O2
459.42094,23377014,6,459.4207546,4,0.000185409,31,55,O2
461.43635,47942784,14.8,461.4364047,3,5.47E-05,31,57,O2
463.452,110494602,37.1,463.4520547,2,5.47E-05,31,59,O2
465.46774,172636272,59.3,465.4677048,1,3.52E-05,31,61,O2
469.4052,65431800,20.8,469.4051045,6,9.55E-05,32,53,O2
471.42077,60089310,18.9,471.4207546,5,1.54E-05,32,55,O2
475.4524,31110570,8.7,475.4520547,3,0.00034528,32,59,O2
477.46777,80635554,26.1,477.4677048,2,6.52E-05,32,61,O2
479.38968,29125170,8,479.3894545,8,0.000225538,33,51,O2
479.48348,130791816,43.8,479.4833548,1,0.000125152,32,63,O2
483.42097,42120720,12.4,483.4207546,6,0.000215409,33,55,O2
485.43636,58707720,18.1,485.4364047,5,4.47E-05,33,57,O2
489.46775,33774858,9.5,489.4677048,3,4.52E-05,33,61,O2
491.48334,80341542,25.7,491.4833548,2,1.48E-05,33,63,O2
493.49913,104909616,34.2,493.4990049,1,0.000125087,33,65,O2
495.3269,37326240,10.6,495.3268542,14,4.58E-05,35,43,O2
497.43605,45527076,13.4,497.4364047,6,0.000354655,34,57,O2
499.45186,40898898,11.8,499.4520547,5,0.00019472,34,59,O2
501.46754,30331026,8.1,501.4677048,4,0.000164784,34,61,O2
503.48296,44222436,12.9,503.4833548,3,0.000394849,34,63,O2
505.49917,82430262,26,505.4990049,2,0.000165087,34,65,O2
507.51449,114380442,37,507.514655,1,0.000164977,34,67,O2
511.45193,27297090,7,511.4520547,6,0.00012472,35,59,O2
513.46766,40739292,11.5,513.4677048,5,4.48E-05,35,61,O2
517.49902,40574772,11.5,517.4990049,3,1.51E-05,35,65,O2
519.51464,71755524,22,519.514655,2,1.50E-05,35,67,O2
521.53025,86259960,26.9,521.530305,1,5.50E-05,35,69,O2
525.46789,32624028,8.7,525.4677048,6,0.000185216,36,61,O2
527.48333,40331700,11.2,527.4833548,5,2.48E-05,36,63,O2
529.49899,25584624,6.3,529.4990049,4,1.49E-05,36,65,O2
531.51457,30827088,8.1,531.514655,3,8.50E-05,36,67,O2
533.53022,62961858,18.8,533.530305,2,8.50E-05,36,69,O2
535.54579,79484742,24.3,535.5459551,1,0.000165106,36,71,O2
539.48336,36129600,9.8,539.4833548,6,5.15E-06,37,63,O2
541.4985,34713612,9.2,541.4990049,5,0.000504913,37,65,O2
543.42045,25364610,6.1,543.4207546,11,0.000304591,38,55,O2
545.53033,36452844,9.8,545.530305,3,2.50E-05,37,69,O2
547.54597,77854428,23.5,547.5459551,2,1.49E-05,37,71,O2
549.56149,61503948,18.1,549.5616052,1,0.00011517,37,73,O2
553.49908,25180704,6.1,553.4990049,6,7.51E-05,38,65,O2
555.51445,31446234,8.1,555.514655,5,0.000204977,38,67,O2
561.56149,42298488,11.6,561.5616052,2,0.00011517,38,73,O2
563.57711,50812578,14.3,563.5772552,1,0.000145235,38,75,O2
569.53061,32108184,8.2,569.530305,5,0.000304958,39,69,O2
573.56149,30805200,7.8,573.5616052,3,0.00011517,39,73,O2
575.57737,45512046,12.4,575.5772552,2,0.000114765,39,75,O2
577.59303,44141508,12,577.5929053,1,0.000124701,39,77,O2
581.53009,30100968,7.5,581.530305,6,0.000215042,40,69,O2
589.5929,36998568,9.7,589.5929053,2,5.30E-06,40,77,O2
591.6083,48151782,13.3,591.6085554,1,0.000255364,40,79,O2
595.54601,25967232,6.1,595.5459551,6,5.49E-05,41,71,O2
601.59253,32224086,8.1,601.5929053,3,0.000375299,41,77,O2
603.60861,36786942,9.6,603.6085554,2,5.46E-05,41,79,O2
605.6241,42142194,11.3,605.6242054,1,0.000105428,41,81,O2
609.56214,27733716,6.7,609.5616052,6,0.000534829,42,73,O2
659.67072,29130696,7,659.6711556,2,0.000435621,45,87,O2
200.07169,1503264,10.4,200.0717021,8,1.21E-05,12,10,O2N1
214.08733,1062743,6.5,214.0873522,8,2.22E-05,13,12,O2N1
224.07176,1406620,9.3,224.0717021,10,5.79E-05,14,10,O2N1
238.08741,1611455,10.8,238.0873522,10,5.78E-05,15,12,O2N1
250.08732,1205395,7.3,250.0873522,11,3.22E-05,16,12,O2N1
264.10311,1272163,7.7,264.1030023,11,0.000107725,17,14,O2N1
266.11871,1262831,7.6,266.1186523,10,5.77E-05,17,16,O2N1
276.10301,1112786,6.3,276.1030023,12,7.73E-06,18,14,O2N1
290.11877,1621029,10.2,290.1186523,12,0.000117661,19,16,O2N1
302.11868,1163878,6.5,302.1186523,13,2.77E-05,20,16,O2N1
304.13428,1969581,12.7,304.1343024,12,2.24E-05,20,18,O2N1
306.15011,1142899,6.3,306.1499525,11,0.000157532,20,20,O2N1
308.16562,1460923,8.7,308.1656025,10,1.75E-05,20,22,O2N1
318.15008,1299562,7.4,318.1499525,12,0.000127532,21,20,O2N1
330.14992,1541247,9.1,330.1499525,13,3.25E-05,22,20,O2N1
332.1657,1232345,6.8,332.1656025,12,9.75E-05,22,22,O2N1
340.1344,1303524,7.2,340.1343024,15,9.76E-05,23,18,O2N1
342.1498,1232916,6.6,342.1499525,14,0.000152468,23,20,O2N1
346.18119,1303231,7.1,346.1812526,12,6.26E-05,23,24,O2N1
354.15017,1423926,7.9,354.1499525,15,0.000217532,24,20,O2N1
364.22835,1392682,7.5,364.2282028,10,0.00014721,24,30,O2N1
205.08702,1354028,9.1,205.0870179,6,2.14E-06,12,13,O3
207.10266,1460754,10,207.1026679,5,7.92E-06,12,15,O3
209.0249,1061560,6.5,209.0244176,11,0.000482399,13,5,O3
211.134,1075009,6.6,211.1339681,3,3.19E-05,12,19,O3
217.08698,1396692,9.3,217.0870179,7,3.79E-05,13,13,O3
221.11836,1848472,13.1,221.118318,5,4.20E-05,13,17,O3
225.0557,1589517,10.8,225.0557177,10,1.77E-05,14,9,O3
233.11836,1167133,7.2,233.118318,6,4.20E-05,14,17,O3
235.13395,3388322,25.6,235.1339681,5,1.81E-05,14,19,O3
239.07143,2003823,14,239.0713678,10,6.22E-05,15,11,O3
241.18099,1075908,6.3,241.1809182,2,7.18E-05,14,25,O3
247.13399,1123714,6.7,247.1339681,6,2.19E-05,15,19,O3
249.14965,5085414,39,249.1496181,5,3.19E-05,15,21,O3
253.0871,1304507,8.1,253.0870179,10,8.21E-05,16,13,O3
257.21222,1241816,7.5,257.2122184,1,1.63E-06,15,29,O3
263.16523,1755748,11.6,263.1652682,5,3.82E-05,16,23,O3
267.10273,1250659,7.5,267.1026679,10,6.21E-05,17,15,O3
269.21224,2072916,14,269.2122184,2,2.16E-05,16,29,O3
275.16516,1127397,6.4,275.1652682,6,0.00010818,17,23,O3
277.18102,2657683,18.6,277.1809182,5,0.000101755,17,25,O3
281.21221,1929068,12.7,281.2122184,3,8.37E-06,17,29,O3
289.18099,1627379,10.2,289.1809182,6,7.18E-05,18,25,O3
291.10227,1176409,6.7,291.1026679,12,0.000397923,19,15,O3
291.19657,2652900,18.2,291.1965683,5,1.69E-06,18,27,O3
293.21231,4997706,36.4,293.2122184,4,9.16E-05,18,29,O3
295.13408,1291036,7.6,295.1339681,10,0.000111948,19,19,O3
295.22795,9668902,72.8,295.2278684,3,8.16E-05,18,31,O3
297.2436,11232762,84.6,297.2435185,2,8.15E-05,18,33,O3
299.25919,1633481,10.2,299.2591686,1,2.14E-05,18,35,O3
305.21224,2788887,19,305.2122184,5,2.16E-05,19,29,O3
309.14946,1260510,7.2,309.1496181,10,0.000158116,20,21,O3
319.13442,2092000,13.4,319.1339681,12,0.000451948,21,19,O3
319.22797,2837739,19.1,319.2278684,5,0.000101562,20,31,O3
321.14936,1135450,6.2,321.1496181,11,0.000258116,21,21,O3
333.24353,2257179,14.4,333.2435185,5,1.15E-05,21,33,O3
343.22796,1162497,6.1,343.2278684,7,9.16E-05,22,31,O3
347.25921,2174875,13.5,347.2591686,5,4.14E-05,22,35,O3
359.25886,1204841,6.3,359.2591686,6,0.000308567,23,35,O3
363.29058,1348329,7.2,363.2904687,4,0.000111304,23,39,O3
365.21223,1283641,6.7,365.2122184,10,1.16E-05,24,29,O3
369.24342,1242907,6.4,369.2435185,8,9.85E-05,24,33,O3
375.29056,2458060,14.9,375.2904687,5,9.13E-05,24,39,O3
377.30645,1189643,6,377.3061188,4,0.00033124,24,41,O3
383.35321,1255626,6.4,383.353069,1,0.000141047,24,47,O3
387.29066,1449257,7.6,387.2904687,6,0.000191304,25,39,O3
389.30637,1909345,10.8,389.3061188,5,0.00025124,25,41,O3
413.3063,1265927,6.2,413.3061188,7,0.00018124,27,41,O3
417.33754,2655187,15.4,417.3374189,5,0.000121111,27,45,O3
431.35286,2403175,13.6,431.353069,5,0.000208953,28,47,O3
443.35303,1396114,6.8,443.353069,6,3.90E-05,29,47,O3
242.17617,1768879,12,242.1761672,2,2.78E-06,13,24,O3N1
250.14489,11396713,90.2,250.1448671,5,2.29E-05,14,20,O3N1
256.1919,1724162,11.4,256.1918173,2,8.27E-05,14,26,O3N1
276.16056,1756253,11.4,276.1605172,6,4.28E-05,16,22,O3N1
320.22315,3475046,23.9,320.2231174,5,3.26E-05,19,30,O3N1
332.1294,1291603,7.2,332.129217,13,0.000182977,21,18,O3N1
201.1132,2510694,19.1,201.1132326,2,3.26E-05,10,17,O4
205.05052,1111392,7,205.0506323,7,0.00011235,11,9,O4
215.12885,1690326,11.8,215.1288827,2,3.27E-05,11,19,O4
217.14434,1190444,7.5,217.1445327,1,0.000192736,11,21,O4
221.08195,2185928,15.9,221.0819325,6,1.75E-05,12,13,O4
229.14445,1160584,7.2,229.1445327,2,8.27E-05,12,21,O4
233.0819,1155468,7.1,233.0819325,7,3.25E-05,13,13,O4
235.09752,1100433,6.6,235.0975825,6,6.25E-05,13,15,O4
239.12892,4468360,34.4,239.1288827,4,3.73E-05,13,19,O4
241.14463,1251636,7.8,241.1445327,3,9.73E-05,13,21,O4
243.16011,1119826,6.7,243.1601828,2,7.28E-05,13,23,O4
253.14456,2202704,15.4,253.1445327,4,2.73E-05,14,21,O4
271.19152,1176329,6.9,271.1914829,2,3.71E-05,15,27,O4
277.14457,2244109,15.3,277.1445327,6,3.73E-05,16,21,O4
285.20718,1702001,10.9,285.207133,2,4.70E-05,16,29,O4
287.22284,3829117,27.5,287.2227831,1,5.69E-05,16,31,O4
291.16011,1124832,6.3,291.1601828,6,7.28E-05,17,23,O4
293.17587,16933958,129.4,293.1758329,5,3.71E-05,17,25,O4
299.22286,1586245,9.8,299.2227831,2,7.69E-05,17,31,O4
301.23851,3476623,24.3,301.2384331,1,7.69E-05,17,33,O4
307.19146,1126746,6.2,307.1914829,5,2.29E-05,18,27,O4
309.20719,3092900,21.2,309.207133,4,5.70E-05,18,29,O4
311.22284,5732721,41.5,311.2227831,3,5.69E-05,18,31,O4
313.2385,28681284,216.2,313.2384331,2,6.69E-05,18,33,O4
315.25408,14698783,109.6,315.2540832,1,3.19E-06,18,35,O4
321.20729,1904098,12,321.207133,5,0.000157006,19,29,O4
323.22283,1219051,6.7,323.2227831,4,4.69E-05,19,31,O4
325.23834,1267460,7.1,325.2384331,3,9.31E-05,19,33,O4
327.25407,2540847,16.7,327.2540832,2,1.32E-05,19,35,O4
329.26965,2770926,18.2,329.2697333,1,8.33E-05,19,37,O4
335.03429,11442279,82.9,335.0349823,19,0.000692285,22,7,O4
339.25409,1842860,11.2,339.2540832,3,6.81E-06,20,35,O4
341.26929,1281429,7,341.2697333,2,0.000443251,20,37,O4
343.28532,1908750,11.6,343.2853833,1,6.33E-05,20,39,O4
349.04984,9110597,63.6,349.0506323,19,0.00079235,23,9,O4
355.28534,1333849,7.2,355.2853833,2,4.33E-05,21,39,O4
357.30104,1685860,9.7,357.3010334,1,6.62E-06,21,41,O4
363.06547,14574187,101,363.0662824,19,0.000812414,24,11,O4
363.16059,3343749,21.4,363.1601828,12,0.000407199,23,23,O4
369.30091,1825324,10.6,369.3010334,2,0.00012338,22,41,O4
371.31687,2316644,13.9,371.3166834,1,0.000186555,22,43,O4
377.08117,14545355,99.7,377.0819325,19,0.000762479,25,13,O4
383.3163,1411264,7.4,383.3166834,2,0.000383445,23,43,O4
385.33248,1492350,8,385.3323335,1,0.000146491,23,45,O4
391.09682,64516440,440.4,391.0975825,19,0.000762543,26,15,O4
397.33214,1557512,8.3,397.3323335,2,0.000193509,24,45,O4
399.34793,1360421,6.9,399.3479836,1,5.36E-05,24,47,O4
405.11236,15228935,100.4,405.1132326,19,0.000872607,27,17,O4
405.30085,1235767,6,405.3010334,5,0.00018338,25,41,O4
411.3481,2631207,15.4,411.3479836,2,0.000116427,25,47,O4
413.36376,1968661,10.9,413.3636336,1,0.000126362,25,49,O4
419.12808,66817404,444.3,419.1288827,19,0.000802672,28,19,O4
419.31648,1727656,9.2,419.3166834,5,0.000203445,26,43,O4
425.36347,2476834,14.1,425.3636336,2,0.000163638,26,49,O4
427.37933,2642668,15.2,427.3792837,1,4.63E-05,26,51,O4
433.14381,12909043,83.2,433.1445327,19,0.000722736,29,21,O4
433.33243,1303581,6.3,433.3323335,5,9.65E-05,27,45,O4
437.36338,1293965,6.2,437.3636336,3,0.000253638,27,49,O4
439.37954,1891905,10.1,439.3792837,2,0.000256298,27,51,O4
441.39494,2679793,15.3,441.3949338,1,6.23E-06,27,53,O4
447.15937,18294198,116.4,447.1601828,19,0.000812801,30,23,O4
447.34786,1508957,7.5,447.3479836,5,0.000123573,28,47,O4
453.39512,2134218,11.5,453.3949338,2,0.000186234,28,53,O4
455.41051,2878570,16.4,455.4105838,1,7.38E-05,28,55,O4
461.17502,14911755,93.4,461.1758329,19,0.000812865,31,25,O4
467.4105,2301445,12.5,467.4105838,2,8.38E-05,29,55,O4
469.33257,1516685,7.3,469.3323335,8,0.000236491,30,45,O4
469.42609,3879328,22.3,469.4262339,1,0.000143895,29,57,O4
475.1907,14941240,92.4,475.1914829,19,0.000782929,32,27,O4
475.37918,1837918,9.4,475.3792837,5,0.000103702,30,51,O4
481.42621,2382897,12.6,481.4262339,2,2.39E-05,30,57,O4
483.44194,4865741,28.2,483.441884,1,5.60E-05,30,59,O4
485.36394,1317205,6,485.3636336,7,0.000306362,31,49,O4
489.20637,12291944,74.6,489.207133,19,0.000762994,33,29,O4
495.44209,2504295,13.2,495.441884,2,0.00020604,31,59,O4
497.45737,5130246,29.4,497.457534,1,0.000164024,31,61,O4
503.22203,12212908,73.1,503.2227831,19,0.000753058,34,31,O4
503.41034,1553363,7.3,503.4105838,5,0.000243831,32,55,O4
509.45776,4246457,23.6,509.457534,2,0.000225976,32,61,O4
511.47314,7607645,44.1,511.4731841,1,4.41E-05,32,63,O4
517.23772,10659348,62.6,517.2384331,19,0.000713123,35,33,O4
517.4264,1837371,8.9,517.4262339,5,0.000166105,33,57,O4
523.4733,3713335,20.3,523.4731841,2,0.000115911,33,63,O4
525.489,5155554,28.8,525.4888342,1,0.000165847,33,65,O4
531.25337,10193328,59,531.2540832,19,0.000713187,36,35,O4
537.48889,8438511,48.5,537.4888342,2,5.58E-05,34,65,O4
539.50435,11833508,68.9,539.5044842,1,0.000134217,34,67,O4
545.26891,8939917,50.9,545.2697333,19,0.000823251,37,37,O4
545.45754,2126262,10.4,545.457534,5,5.98E-06,35,61,O4
551.50442,4537566,24.7,551.5044842,2,6.42E-05,35,67,O4
553.52026,5705877,31.6,553.5201343,1,0.000125718,35,69,O4
559.28458,7477620,41.6,559.2853833,19,0.000803316,38,39,O4
561.48868,2009932,9.6,561.4888342,4,0.000154153,36,65,O4
563.50435,4712698,25.4,563.5044842,3,0.000134217,36,67,O4
565.52012,8420005,47.2,565.5201343,2,1.43E-05,36,69,O4
567.53575,8586316,48.1,567.5357843,1,3.43E-05,36,71,O4
573.30029,5511411,30.1,573.3010334,19,0.00074338,39,41,O4
579.53532,3769808,19.6,579.5357843,2,0.000464346,37,71,O4
581.55129,5212504,28,581.5514344,1,0.000144411,37,73,O4
587.31586,5331862,28.6,587.3166834,19,0.000823445,40,43,O4
593.55129,3283949,16.8,593.5514344,2,0.000144411,38,73,O4
595.56703,5079364,27.1,595.5670845,1,5.45E-05,38,75,O4
601.33169,4653291,24.6,601.3323335,19,0.000643509,41,45,O4
607.56726,4039815,21.1,607.5670845,2,0.000175525,39,75,O4
609.58275,5865885,31.6,609.5827345,1,1.55E-05,39,77,O4
615.34722,2573444,12.6,615.3479836,19,0.000763573,42,47,O4
621.58296,3419994,17.5,621.5827345,2,0.000225461,40,77,O4
623.59841,4878389,25.8,623.5983846,1,2.54E-05,40,79,O4
629.36336,2624645,12.9,629.3636336,19,0.000273638,43,49,O4
635.5978,3082195,15.5,635.5983846,2,0.000584604,41,79,O4
637.61398,3567497,18.3,637.6140347,1,5.47E-05,41,81,O4
647.59773,1616097,7,647.5983846,3,0.000654604,42,79,O4
649.61375,2290568,10.9,649.6140347,2,0.000284668,42,81,O4
651.62949,3930158,20.3,651.6296847,1,0.000194733,42,83,O4
663.62938,2449424,11.8,663.6296847,2,0.000304733,43,83,O4
665.64558,3769531,19.3,665.6453348,1,0.000245203,43,85,O4
677.64536,3385088,17.1,677.6453348,2,2.52E-05,44,85,O4
679.6616,2846151,14,679.6609849,1,0.000615139,44,87,O4
691.66164,2237111,10.5,691.6609849,2,0.000655139,45,87,O4
693.67673,2540436,12.2,693.6766349,1,9.51E-05,45,89,O4
703.66102,1930732,8.7,703.6609849,3,3.51E-05,46,87,O4
705.67684,1485772,6.2,705.6766349,2,0.000205074,46,89,O4
719.69183,2075311,9.6,719.692285,2,0.00045499,47,91,O4
721.70783,2179708,10.1,721.7079351,1,0.000105055,47,93,O4
723.62922,1526586,6.4,723.6296847,7,0.000464733,48,83,O4
733.70723,1817038,8.1,733.7079351,2,0.000705055,48,93,O4
735.72334,1913458,8.6,735.7235851,1,0.000245119,48,95,O4
747.72385,2092950,9.8,747.7235851,2,0.000264881,49,95,O4
214.10896,1021167,6.1,214.1084816,3,0.000478421,10,16,O4N1
244.06162,1174287,7.1,244.0615314,9,8.86E-05,13,10,O4N1
256.1555,1129718,6.6,256.1554318,3,6.82E-05,13,22,O4N1
258.07727,1267955,7.7,258.0771815,9,8.85E-05,14,12,O4N1
270.17125,1317867,8,270.1710818,3,0.000168163,14,24,O4N1
272.09292,1356358,8.3,272.0928315,9,8.85E-05,15,14,O4N1
284.18676,1373027,8.3,284.1867319,3,2.81E-05,15,26,O4N1
290.13991,1503463,9.3,290.1397817,7,0.000128292,16,20,O4N1
294.17111,1208052,6.9,294.1710818,5,2.82E-05,16,24,O4N1
296.18692,1198092,6.8,296.1867319,4,0.000188099,16,26,O4N1
298.20246,2345309,15.7,298.202382,3,7.80E-05,16,28,O4N1
306.17112,1183925,6.6,306.1710818,6,3.82E-05,17,24,O4N1
310.20257,2350089,15.5,310.202382,4,0.000188035,17,28,O4N1
312.125,1188431,6.6,312.1241316,10,0.000868357,18,18,O4N1
312.21816,3465689,24,312.218032,3,0.00012797,17,30,O4N1
316.15561,1138308,6.2,316.1554318,8,0.000178228,18,22,O4N1
324.21823,2603124,17.1,324.218032,4,0.00019797,18,30,O4N1
326.13989,1244808,6.9,326.1397817,10,0.000108292,19,20,O4N1
326.23373,6754454,48.4,326.2336821,3,4.79E-05,18,32,O4N1
328.15542,1258427,7,328.1554318,9,1.18E-05,19,22,O4N1
330.17126,1709058,10.3,330.1710818,8,0.000178163,19,24,O4N1
332.18707,1224733,6.7,332.1867319,7,0.000338099,19,26,O4N1
334.20258,1385803,7.9,334.202382,6,0.000198034,19,28,O4N1
336.21787,1342154,7.5,336.218032,5,0.00016203,19,30,O4N1
338.23382,3302875,22,338.2336821,4,0.000137906,19,32,O4N1
340.24947,9391228,66.9,340.2493322,3,0.000137841,19,34,O4N1
342.17116,1651993,9.7,342.1710818,9,7.82E-05,20,24,O4N1
344.18688,1284823,7,344.1867319,8,0.000148099,20,26,O4N1
346.20243,1173668,6.2,346.202382,7,4.80E-05,20,28,O4N1
348.21809,2101374,13,348.218032,6,5.80E-05,20,30,O4N1
350.23379,2351461,14.6,350.2336821,5,0.000107906,20,32,O4N1
352.15558,1354559,7.4,352.1554318,11,0.000148228,21,22,O4N1
352.24938,5072727,34.4,352.2493322,4,4.78E-05,20,34,O4N1
354.17142,1290172,7,354.1710818,10,0.000338163,21,24,O4N1
354.26508,13106515,92.5,354.2649822,3,9.78E-05,20,36,O4N1
358.20248,1798993,10.5,358.202382,8,9.80E-05,21,28,O4N1
362.23356,1550729,8.7,362.2336821,6,0.000122094,21,32,O4N1
364.24943,2357552,14.4,364.2493322,5,9.78E-05,21,34,O4N1
366.26497,6035420,40.4,366.2649822,4,1.22E-05,21,36,O4N1
368.28072,15900685,110.4,368.2806323,3,8.77E-05,21,38,O4N1
372.21826,2300515,13.8,372.218032,8,0.00022797,22,30,O4N1
374.23378,1823007,10.4,374.2336821,7,9.79E-05,22,32,O4N1
376.24933,2622174,16,376.2493322,6,2.16E-06,22,34,O4N1
378.26502,3262237,20.3,378.2649822,5,3.78E-05,22,36,O4N1
380.28074,6460765,42.5,380.2806323,4,0.000107712,22,38,O4N1
382.20208,1214594,6.1,382.202382,10,0.000301965,23,28,O4N1
382.29628,17878940,121.7,382.2962824,3,2.35E-06,22,40,O4N1
384.21802,2078145,12.1,384.218032,9,1.20E-05,23,30,O4N1
386.23359,2380541,14.2,386.2336821,8,9.21E-05,23,32,O4N1
388.24956,1637943,8.9,388.2493322,7,0.000227841,23,34,O4N1
390.26486,2124654,12.2,390.2649822,6,0.000122223,23,36,O4N1
392.28073,3373472,20.8,392.2806323,5,9.77E-05,23,38,O4N1
394.20229,1219507,6,394.202382,11,9.20E-05,24,28,O4N1
394.29644,8390861,55.2,394.2962824,4,0.000157648,23,40,O4N1
396.21794,11510490,76,396.218032,10,9.20E-05,24,30,O4N1
396.31206,21184244,141.8,396.3119324,3,0.000127584,23,42,O4N1
398.23337,1407739,7.3,398.2336821,9,0.000312094,24,32,O4N1
400.24945,2389524,13.9,400.2493322,8,0.000117841,24,34,O4N1
402.17085,1371918,7,402.1710818,14,0.000231837,25,24,O4N1
402.26453,1712678,9.3,402.2649822,7,0.000452223,24,36,O4N1
404.18684,1253913,6.1,404.1867319,13,0.000108099,25,26,O4N1
404.28054,2078897,11.7,404.2806323,6,9.23E-05,24,38,O4N1
406.29649,4090678,25.3,406.2962824,5,0.000207648,24,40,O4N1
408.21793,1488412,7.7,408.218032,11,0.00010203,25,30,O4N1
408.31203,8920883,57.8,408.3119324,4,9.76E-05,24,42,O4N1
410.23354,2504979,14.6,410.2336821,10,0.000142094,25,32,O4N1
410.32765,29566250,197.1,410.3275825,3,6.75E-05,24,44,O4N1
412.24929,2146309,12.1,412.2493322,9,4.22E-05,25,34,O4N1
414.26488,3230961,19.3,414.2649822,8,0.000102223,25,36,O4N1
416.28035,2117590,11.8,416.2806323,7,0.000282287,25,38,O4N1
418.29632,3291831,19.7,418.2962824,6,3.76E-05,25,40,O4N1
420.312,4567698,28.2,420.3119324,5,6.76E-05,25,42,O4N1
422.2333,1752914,9.4,422.2336821,11,0.000382094,26,32,O4N1
422.32761,15249512,99.6,422.3275825,4,2.75E-05,25,44,O4N1
424.24905,2759203,16,424.2493322,10,0.000282159,26,34,O4N1
424.34335,44040760,289.3,424.3432325,3,0.000117455,25,46,O4N1
426.26497,2595056,14.9,426.2649822,9,1.22E-05,26,36,O4N1
428.28069,3888568,23.4,428.2806323,8,5.77E-05,26,38,O4N1
430.29612,3067260,18,430.2962824,7,0.000162352,26,40,O4N1
432.31203,3511099,20.9,432.3119324,6,9.76E-05,26,42,O4N1
434.23364,1574883,8,434.2336821,12,4.21E-05,27,32,O4N1
434.32773,5669624,34.9,434.3275825,5,0.000147519,26,44,O4N1
436.24972,1600411,8.2,436.2493322,11,0.000387841,27,34,O4N1
436.34331,14900400,95.4,436.3432325,4,7.75E-05,26,46,O4N1
438.26506,2494544,14,438.2649822,10,7.78E-05,27,36,O4N1
438.35894,45366884,295.2,438.3588826,3,5.74E-05,26,48,O4N1
440.28064,2910210,16.8,440.2806323,9,7.71E-06,27,38,O4N1
442.29645,3594161,21.3,442.2962824,8,0.000167648,27,40,O4N1
444.31197,3278173,19.2,444.3119324,7,3.76E-05,27,42,O4N1
446.32771,4144391,24.6,446.3275825,6,0.000127519,27,44,O4N1
448.34328,6167214,37.7,448.3432325,5,4.75E-05,27,46,O4N1
450.26485,2100544,11.3,450.2649822,11,0.000132223,28,36,O4N1
450.35885,13768787,87.1,450.3588826,4,3.26E-05,27,48,O4N1
452.28066,2190819,11.9,452.2806323,10,2.77E-05,28,38,O4N1
452.37463,36760056,236.3,452.3745327,3,9.73E-05,27,50,O4N1
454.29616,2620804,14.7,454.2962824,9,0.000122352,28,40,O4N1
456.31188,4404516,26,456.3119324,8,5.24E-05,28,42,O4N1
458.3274,3432131,19.7,458.3275825,7,0.000182481,28,44,O4N1
460.3432,4335200,25.5,460.3432325,6,3.25E-05,28,46,O4N1
462.26482,1505258,7.4,462.2649822,12,0.000162223,29,36,O4N1
462.35889,5990909,36.2,462.3588826,5,7.39E-06,28,48,O4N1
464.28046,2119302,11.3,464.2806323,11,0.000172287,29,38,O4N1
464.37457,13767577,86.1,464.3745327,4,3.73E-05,28,50,O4N1
466.29624,2391073,13,466.2962824,10,4.24E-05,29,40,O4N1
466.39027,32154932,204,466.3901827,3,8.73E-05,28,52,O4N1
468.31192,2470333,13.4,468.3119324,9,1.24E-05,29,42,O4N1
470.32754,4652120,27.2,470.3275825,8,4.25E-05,29,44,O4N1
472.24932,1431520,6.8,472.2493322,14,1.22E-05,30,34,O4N1
472.34323,3594995,20.5,472.3432325,7,2.55E-06,29,46,O4N1
474.35894,3501710,19.9,474.3588826,6,5.74E-05,29,48,O4N1
476.28036,1419286,6.7,476.2806323,12,0.000272288,30,38,O4N1
476.37452,6463786,38.7,476.3745327,5,1.27E-05,29,50,O4N1
478.29605,1766065,8.9,478.2962824,11,0.000232352,30,40,O4N1
478.39017,14466757,89.4,478.3901827,4,1.27E-05,29,52,O4N1
480.31168,2518349,13.7,480.3119324,10,0.000252416,30,42,O4N1
480.40588,31207520,195.5,480.4058328,3,4.72E-05,29,54,O4N1
482.32742,3203561,17.8,482.3275825,9,0.000162481,30,44,O4N1
484.34306,4333445,24.8,484.3432325,8,0.000172545,30,46,O4N1
486.35877,3755297,21.2,486.3588826,7,0.000112609,30,48,O4N1
488.37443,4196542,24,488.3745327,6,0.000102674,30,50,O4N1
490.2963,1668551,8.2,490.2962824,12,1.76E-05,31,40,O4N1
490.39021,7373915,43.9,490.3901827,5,2.73E-05,30,52,O4N1
492.31205,1972708,10.1,492.3119324,11,0.000117584,31,42,O4N1
492.40587,15473144,94.5,492.4058328,4,3.72E-05,30,54,O4N1
494.32753,2154370,11.2,494.3275825,10,5.25E-05,31,44,O4N1
494.42151,33315734,206.1,494.4214829,3,2.71E-05,30,56,O4N1
496.34311,3290913,18.1,496.3432325,9,0.000122545,31,46,O4N1
498.35896,4543168,25.8,498.3588826,8,7.74E-05,31,48,O4N1
500.37452,4296287,24.3,500.3745327,7,1.27E-05,31,50,O4N1
502.29593,1383148,6.3,502.2962824,13,0.000352352,32,40,O4N1
502.39017,5268992,30.3,502.3901827,6,1.27E-05,31,52,O4N1
504.40574,6843297,40,504.4058328,5,9.28E-05,31,54,O4N1
506.32747,2548015,13.5,506.3275825,11,0.000112481,32,44,O4N1
506.42156,16293186,98.3,506.4214829,4,7.71E-05,31,56,O4N1
508.34329,3444946,19,508.3432325,10,5.75E-05,32,46,O4N1
508.43716,30090980,183.4,508.4371329,3,2.71E-05,31,58,O4N1
510.35894,3457653,18.8,510.3588826,9,5.74E-05,32,48,O4N1
512.37478,4763162,26.7,512.3745327,8,0.000247326,32,50,O4N1
514.2964,1532843,7.1,514.2962824,14,0.000117648,33,40,O4N1
514.39001,4411327,24.6,514.3901827,7,0.000172738,32,52,O4N1
516.40585,4325221,24.1,516.4058328,6,1.72E-05,32,54,O4N1
518.32791,1922041,9.5,518.3275825,12,0.000327519,33,44,O4N1
518.42145,7241485,41.8,518.4214829,5,3.29E-05,32,56,O4N1
520.34313,2409633,12.4,520.3432325,11,0.000102545,33,46,O4N1
520.43718,15509685,92.1,520.4371329,4,4.71E-05,32,58,O4N1
522.35869,4098123,22.7,522.3588826,10,0.00019261,33,48,O4N1
522.4528,29823582,179.2,522.452783,3,1.70E-05,32,60,O4N1
524.37443,3334902,17.8,524.3745327,9,0.000102674,33,50,O4N1
526.39006,5271458,29.5,526.3901827,8,0.000122738,33,52,O4N1
528.3116,1432379,6.4,528.3119324,14,0.000332416,34,42,O4N1
528.40569,5624655,31.6,528.4058328,7,0.000142803,33,54,O4N1
530.32768,1794026,8.6,530.3275825,13,9.75E-05,34,44,O4N1
530.42151,4480254,24.7,530.4214829,6,2.71E-05,33,56,O4N1
532.43712,6564526,37.2,532.4371329,5,1.29E-05,33,58,O4N1
534.35852,2672203,13.8,534.3588826,11,0.00036261,34,48,O4N1
534.45285,15180895,89,534.452783,4,6.70E-05,33,60,O4N1
536.37421,3377662,18.1,536.3745327,10,0.000322674,34,50,O4N1
536.46845,28204562,167.2,536.4684331,3,1.69E-05,33,62,O4N1
538.39011,3903923,21.2,538.3901827,9,7.27E-05,34,52,O4N1
540.31251,1620052,7.4,540.3119324,15,0.000577584,35,42,O4N1
540.4057,6322537,35.3,540.4058328,8,0.000132803,34,54,O4N1
542.32769,1963787,9.4,542.3275825,14,0.000107519,35,44,O4N1
542.42147,5758752,32,542.4214829,7,1.29E-05,34,56,O4N1
544.34311,1465795,6.5,544.3432325,13,0.000122545,35,46,O4N1
544.43714,5522647,30.6,544.4371329,6,7.07E-06,34,58,O4N1
546.35889,2572411,13.1,546.3588826,12,7.39E-06,35,48,O4N1
546.45265,7644816,43.2,546.452783,5,0.000132996,34,60,O4N1
548.37455,3185715,16.7,548.3745327,11,1.73E-05,35,50,O4N1
548.46843,18053192,105,548.4684331,4,3.06E-06,34,62,O4N1
550.39016,4515819,24.6,550.3901827,10,2.27E-05,35,52,O4N1
550.48408,30816768,180.8,550.4840831,3,3.12E-06,34,64,O4N1
552.40555,4554146,24.8,552.4058328,9,0.000282803,35,54,O4N1
554.32729,1435972,6.3,554.3275825,15,0.000292481,36,44,O4N1
554.42148,6474073,36.2,554.4214829,8,2.87E-06,35,56,O4N1
556.34338,1819897,8.6,556.3432325,14,0.000147455,36,46,O4N1
556.43701,7527181,42.5,556.4371329,7,0.000122932,35,58,O4N1
558.35887,2176684,10.6,558.3588826,13,1.26E-05,36,48,O4N1
558.4529,5316801,29,558.452783,6,0.000117004,35,60,O4N1
560.37462,2871902,14.6,560.3745327,12,8.73E-05,36,50,O4N1
560.46844,8523378,47.8,560.4684331,5,6.94E-06,35,62,O4N1
562.39043,2534413,12.6,562.3901827,11,0.000247262,36,52,O4N1
562.48414,16677921,95.6,562.4840831,4,5.69E-05,35,64,O4N1
564.40568,4276153,22.9,564.4058328,10,0.000152803,36,54,O4N1
564.49973,28247500,163.4,564.4997332,3,3.19E-06,35,66,O4N1
566.4216,4596579,24.7,566.4214829,9,0.000117133,36,56,O4N1
568.43705,8045833,45,568.4371329,8,8.29E-05,36,58,O4N1
570.45299,6707883,37.1,570.452783,7,0.000207004,36,60,O4N1
572.3748,1940534,9.2,572.3745327,13,0.000267326,37,50,O4N1
572.46849,4557385,24.5,572.4684331,6,5.69E-05,36,62,O4N1
574.39033,2434000,12,574.3901827,12,0.000147262,37,52,O4N1
574.48407,7933411,44.3,574.4840831,5,1.31E-05,36,64,O4N1
576.4059,2897253,14.6,576.4058328,11,6.72E-05,37,54,O4N1
576.49988,15587192,88,576.4997332,4,0.000146811,36,66,O4N1
578.42185,3000821,15.2,578.4214829,10,0.000367133,37,56,O4N1
578.51546,21827848,124.1,578.5153833,3,7.67E-05,36,68,O4N1
580.4371,5153408,27.6,580.4371329,9,3.29E-05,37,58,O4N1
582.35934,1601011,7.1,582.3588826,15,0.000457391,38,48,O4N1
582.45312,7275525,39.9,582.452783,8,0.000337004,37,60,O4N1
584.37448,1463666,6.3,584.3745327,14,5.27E-05,38,50,O4N1
584.46845,6148484,33.4,584.4684331,7,1.69E-05,37,62,O4N1
586.48392,4248317,22.4,586.4840831,6,0.000163125,37,64,O4N1
588.40618,1881693,8.7,588.4058328,12,0.000347197,38,54,O4N1
588.49987,7043183,38.5,588.4997332,5,0.000136811,37,66,O4N1
590.42169,3261384,16.7,590.4214829,11,0.000207133,38,56,O4N1
590.51536,14098905,79.4,590.5153833,4,2.33E-05,37,68,O4N1
592.43717,3748140,19.5,592.4371329,10,3.71E-05,38,58,O4N1
592.5311,18785084,106.5,592.5310333,3,6.67E-05,37,70,O4N1
594.45296,4481672,23.6,594.452783,9,0.000177004,38,60,O4N1
596.46854,6364635,34.5,596.4684331,8,0.00010694,38,62,O4N1
598.48423,5695270,30.6,598.4840831,7,0.000146875,38,64,O4N1
600.49993,4836456,25.7,600.4997332,6,0.000196811,38,66,O4N1
602.42191,2372883,11.5,602.4214829,12,0.000427133,39,56,O4N1
602.51543,8153505,44.8,602.5153833,5,4.67E-05,38,68,O4N1
604.43724,3184835,16.1,604.4371329,11,0.000107069,39,58,O4N1
604.53106,13994704,78.5,604.5310333,4,2.67E-05,38,70,O4N1
606.45283,3254761,16.5,606.452783,10,4.70E-05,39,60,O4N1
606.54676,19936246,112.8,606.5466834,3,7.66E-05,38,72,O4N1
608.46873,3848453,20,608.4684331,9,0.00029694,39,62,O4N1
610.48432,5328918,28.5,610.4840831,8,0.000236875,39,64,O4N1
612.49961,4904223,26.1,612.4997332,7,0.000123189,39,66,O4N1
614.4217,1961490,9.1,614.4214829,13,0.000217133,40,56,O4N1
614.51552,4037150,21.1,614.5153833,6,0.000136746,39,68,O4N1
616.4375,1550089,6.7,616.4371329,12,0.000367068,40,58,O4N1
616.53101,8287508,45.5,616.5310333,5,2.33E-05,39,70,O4N1
618.4531,2853879,14.2,618.452783,11,0.000317004,40,60,O4N1
618.54684,12839426,71.7,618.5466834,4,0.000156618,39,72,O4N1
620.46875,2863838,14.3,620.4684331,10,0.00031694,40,62,O4N1
620.56244,16239336,91.2,620.5623334,3,0.000106553,39,74,O4N1
622.48405,3925949,20.4,622.4840831,9,3.31E-05,40,64,O4N1
624.49994,6059157,32.6,624.4997332,8,0.000206811,40,66,O4N1
626.42196,1462621,6.2,626.4214829,14,0.000477133,41,56,O4N1
626.51544,4659559,24.6,626.5153833,7,5.67E-05,40,68,O4N1
628.53105,4225586,22.1,628.5310333,6,1.67E-05,40,70,O4N1
630.4523,2307823,11,630.452783,12,0.000482996,41,60,O4N1
630.54697,6004472,32.3,630.5466834,5,0.000286618,40,72,O4N1
632.46904,2381232,11.5,632.4684331,11,0.00060694,41,62,O4N1
632.56245,10502073,58.2,632.5623334,4,0.000116553,40,74,O4N1
634.48383,3212909,16.3,634.4840831,10,0.000253125,41,64,O4N1
634.5779,14108789,79,634.5779835,3,8.35E-05,40,76,O4N1
636.50013,3137829,15.8,636.4997332,9,0.000396811,41,66,O4N1
638.51577,4268505,22.3,638.5153833,8,0.000386746,41,68,O4N1
640.53131,4022922,20.9,640.5310333,7,0.000276682,41,70,O4N1
642.45302,1691951,7.5,642.452783,13,0.000237004,42,60,O4N1
642.54689,2990647,14.9,642.5466834,6,0.000206618,41,72,O4N1
644.56234,5303267,28.2,644.5623334,5,6.55E-06,41,74,O4N1
646.48356,2017668,9.3,646.4840831,11,0.000523125,42,64,O4N1
646.57813,9831564,54.2,646.5779835,4,0.000146489,41,76,O4N1
648.50028,2433836,11.7,648.4997332,10,0.000546811,42,66,O4N1
648.59397,11619635,64.5,648.5936336,3,0.000336424,41,78,O4N1
650.51499,3503570,17.9,650.5153833,9,0.000393254,42,68,O4N1
652.53062,4210808,21.9,652.5310333,8,0.000413318,42,70,O4N1
654.54652,3585053,18.3,654.5466834,7,0.000163382,42,72,O4N1
656.56283,3445187,17.5,656.5623334,6,0.000496553,42,74,O4N1
658.48394,1996130,9.2,658.4840831,12,0.000143125,43,64,O4N1
658.5781,5548138,29.6,658.5779835,5,0.000116489,42,76,O4N1
660.50023,2167049,10.2,660.4997332,11,0.000496811,43,66,O4N1
660.59365,9439505,52,660.5936336,4,1.64E-05,42,78,O4N1
662.51609,1867185,8.4,662.5153833,10,0.000706747,43,68,O4N1
662.60917,12513721,69.3,662.6092836,3,0.00011364,42,80,O4N1
664.53137,3386460,17.1,664.5310333,9,0.000336682,43,70,O4N1
666.5466,4798217,25.2,666.5466834,8,8.34E-05,43,72,O4N1
668.46878,2399409,11.5,668.4684331,14,0.00034694,44,62,O4N1
668.56246,3565497,18.1,668.5623334,7,0.000126553,43,74,O4N1
670.57822,3348076,16.9,670.5779835,6,0.000236489,43,76,O4N1
672.59352,4810019,25.3,672.5936336,5,0.000113576,43,78,O4N1
674.51593,2340821,11.1,674.5153833,11,0.000546746,44,68,O4N1
674.60948,7979486,43.4,674.6092836,4,0.00019636,43,80,O4N1
676.53071,2418324,11.6,676.5310333,10,0.000323318,44,70,O4N1
676.62476,10850973,59.8,676.6249337,3,0.000173704,43,82,O4N1
678.5468,2800216,13.8,678.5466834,9,0.000116618,44,72,O4N1
680.56227,4318241,22.4,680.5623334,8,6.34E-05,44,74,O4N1
682.57839,4039919,20.8,682.5779835,7,0.000406489,44,76,O4N1
684.59362,3067328,15.3,684.5936336,6,1.36E-05,44,78,O4N1
686.60914,4931221,25.9,686.6092836,5,0.00014364,44,80,O4N1
688.53128,1917283,8.7,688.5310333,11,0.000246682,45,70,O4N1
688.625,7783277,42,688.6249337,4,6.63E-05,44,82,O4N1
690.54677,3097149,15.4,690.5466834,10,8.66E-05,45,72,O4N1
690.64063,9542727,52,690.6405838,3,4.62E-05,44,84,O4N1
692.56202,3408153,17.1,692.5623334,9,0.000313447,45,74,O4N1
694.57764,2888184,14.2,694.5779835,8,0.000343511,45,76,O4N1
696.5938,3136728,15.6,696.5936336,7,0.000166424,45,78,O4N1
698.60914,2768312,13.5,698.6092836,6,0.00014364,45,80,O4N1
700.62426,4051609,20.8,700.6249337,5,0.000673704,45,82,O4N1
702.54697,1483376,6.2,702.5466834,11,0.000286618,46,72,O4N1
702.63982,7063930,37.9,702.6405838,4,0.000763769,45,84,O4N1
704.56164,2584656,12.4,704.5623334,10,0.000693447,46,74,O4N1
704.65607,8214107,44.5,704.6562338,3,0.000163833,45,86,O4N1
706.57767,2158896,10,706.5779835,9,0.000313511,46,76,O4N1
708.59367,2981391,14.7,708.5936336,8,3.64E-05,46,78,O4N1
710.60919,3413228,17.2,710.6092836,7,9.36E-05,46,80,O4N1
712.62415,2955719,14.6,712.6249337,6,0.000783704,46,82,O4N1
714.64008,4302495,22.2,714.6405838,5,0.000503769,46,84,O4N1
716.56169,2334059,11,716.5623334,11,0.000643447,47,74,O4N1
716.65575,5994357,31.9,716.6562338,4,0.000483833,46,86,O4N1
718.57823,2559293,12.3,718.5779835,10,0.000246489,47,76,O4N1
718.67137,7530567,40.6,718.6718839,3,0.000513898,46,88,O4N1
720.59393,2522891,12.1,720.5936336,9,0.000296424,47,78,O4N1
722.60842,2736085,13.3,722.6092836,8,0.00086364,47,80,O4N1
724.62487,2833307,13.9,724.6249337,7,6.37E-05,47,82,O4N1
726.63995,2174043,10.1,726.6405838,6,0.000633769,47,84,O4N1
728.56259,1588749,6.8,728.5623334,12,0.000256553,48,74,O4N1
728.65674,3641366,18.5,728.6562338,5,0.000506167,47,86,O4N1
730.57739,2001090,9.1,730.5779835,11,0.000593511,48,76,O4N1
730.67165,6240458,33.3,730.6718839,4,0.000233898,47,88,O4N1
732.59296,1883760,8.5,732.5936336,10,0.000673576,48,78,O4N1
732.68746,6189945,33,732.687534,3,7.40E-05,47,90,O4N1
734.60916,2766360,13.5,734.6092836,9,0.00012364,48,80,O4N1
736.62493,3270841,16.4,736.6249337,8,3.70E-06,48,82,O4N1
738.64037,2953553,14.5,738.6405838,7,0.000213769,48,84,O4N1
740.65611,2728930,13.3,740.6562338,6,0.000123833,48,86,O4N1
742.67172,4716650,24.6,742.6718839,5,0.000163898,48,88,O4N1
744.59374,2061539,9.5,744.5936336,11,0.000106424,49,78,O4N1
744.6876,5414633,28.9,744.687534,4,6.60E-05,48,90,O4N1
746.60867,2070361,9.6,746.6092836,10,0.00061364,49,80,O4N1
746.70351,6905182,37.5,746.703184,3,0.000325974,48,92,O4N1
748.62417,2481605,12,748.6249337,9,0.000763704,49,82,O4N1
750.64061,3529256,18,750.6405838,8,2.62E-05,49,84,O4N1
752.56214,1778812,7.9,752.5623334,14,0.000193447,50,74,O4N1
752.65631,3290752,16.7,752.6562338,7,7.62E-05,49,86,O4N1
754.67089,2762448,13.6,754.6718839,6,0.000993898,49,88,O4N1
756.59417,1853715,8.4,756.5936336,12,0.000536424,50,78,O4N1
756.68786,3281942,16.6,756.687534,5,0.000326038,49,90,O4N1
758.6085,1780817,8,758.6092836,11,0.00078364,50,80,O4N1
758.7033,4988756,26.4,758.703184,4,0.000115974,49,92,O4N1
760.62529,2527110,12.3,760.6249337,10,0.000356296,50,82,O4N1
760.71872,6421384,34.7,760.7188341,3,0.000114091,49,94,O4N1
762.64006,3344306,17,762.6405838,9,0.000523769,50,84,O4N1
764.65606,4433366,23.2,764.6562338,8,0.000173833,50,86,O4N1
766.67146,3491313,17.8,766.6718839,7,0.000423898,50,88,O4N1
768.68655,3852804,19.9,768.687534,6,0.000983962,50,90,O4N1
770.70243,4987920,26.4,770.703184,5,0.000754026,50,92,O4N1
772.62435,1575955,6.8,772.6249337,11,0.000583704,51,82,O4N1
772.71825,6736403,36.5,772.7188341,4,0.000584091,50,94,O4N1
774.63985,2221583,10.5,774.6405838,10,0.000733769,51,84,O4N1
774.73391,7405583,40.4,774.7344842,3,0.000574155,50,96,O4N1
778.67169,3440625,17.8,778.6718839,8,0.000193898,51,88,O4N1
780.68764,3388888,17.5,780.687534,7,0.000106038,51,90,O4N1
784.7184,3921552,20.6,784.7188341,5,0.000434091,51,94,O4N1
786.6411,1764708,8,786.6405838,11,0.000516231,52,84,O4N1
786.73415,5846882,31.8,786.7344842,4,0.000334155,51,96,O4N1
788.65569,2064688,9.7,788.6562338,10,0.000543833,52,86,O4N1
788.74999,5084461,27.4,788.7501342,3,0.00014422,51,98,O4N1
790.67137,1926389,8.9,790.6718839,9,0.000513898,52,88,O4N1
792.68714,2407093,11.7,792.687534,8,0.000393962,52,90,O4N1
796.62418,1690663,7.5,796.6249337,13,0.000753704,53,82,O4N1
796.71894,1756963,7.9,796.7188341,6,0.000105909,52,94,O4N1
225.07123,1207220,7.6,225.0709739,14,0.00025613,18,9,
291.1183,1351099,8,291.1179241,16,0.000375937,23,15,
323.18091,1136261,6.1,323.1805243,14,0.000385679,25,23,
325.19654,2606078,17.2,325.1961744,13,0.000365615,25,25,
329.13399,3581783,24.3,329.1335741,18,0.000415873,26,17,
331.1497,12069288,87.6,331.1492242,17,0.000475808,26,19,
339.21215,1540900,9,339.2118244,13,0.000325551,26,27,
345.16524,2213813,13.8,345.1648743,17,0.000365744,27,21,
347.18101,3357833,22.2,347.1805243,16,0.00048568,27,23,
349.19661,6039657,41.4,349.1961744,15,0.000435615,27,25,
351.21219,21896788,156.2,351.2118244,14,0.000365551,27,27,
353.22789,17172556,122,353.2274745,13,0.000415486,27,29,
355.14983,1156918,6,355.1492242,19,0.000605808,28,19,
361.1966,1755248,10.2,361.1961744,16,0.000425615,28,25,
367.24337,2076908,12.4,367.2431246,13,0.000245422,28,31,
395.27477,1982425,11.2,395.2744247,13,0.000345293,30,35,
407.27425,1337390,6.7,407.2744247,14,0.000174707,31,35,
417.44596,1266669,6.1,417.4465754,2,0.000615415,30,57,
491.36928,1614627,7.8,491.3683251,14,0.000954907,37,47,
501.35362,1365161,6.2,501.352675,16,0.000944971,38,45,
503.36888,1982154,10,503.3683251,15,0.000554907,38,47,
519.40038,2942426,15.7,519.3996252,14,0.000754778,39,51,
525.35346,1451077,6.5,525.352675,18,0.000784971,40,45,
529.38442,1481888,6.7,529.3839752,16,0.000444842,40,49,
533.41572,2419584,12.3,533.4152753,14,0.000444713,40,53,
541.38484,1752126,8.2,541.3839752,17,0.000864842,41,49,
545.41574,2010285,9.7,545.4152753,15,0.000464713,41,53,
547.43171,2301029,11.4,547.4309254,14,0.000784649,41,55,
649.47693,2031229,9.4,649.4778755,19,0.000945544,49,61,
