em,0,1
"201.0921032,O2,7,13",2.364275451901366e-19,2.3592191825931416e-16
"201.0921032385,O2,7,13",-3.8786008180726714e-25,-4.449805194976668e-23
"203.1077533,O2,6,13",0.0006122858037745694,0.00037679702309580175
"203.10775330290002,O2,6,13",-0.0009582846198579438,0.000549742397175281
"205.1234033673,O2,5,13",-0.0013834687439518794,0.0017134623836181032
"205.1234034,O2,5,13",0.0018199746867348155,0.001117047003454347
"207.1390534,O2,4,13",0.00022750622468093232,0.00015677969003549788
"207.13905343169998,O2,4,13",-0.00019012516306194505,0.00041253285956365687
"209.0608031097,O2,10,14",-2.9811406202741813e-06,-7.594758384656872e-05
"209.1547034961,O2,3,13",-0.0033606708373275485,0.006628927279593949
"209.15470349999998,O2,3,13",0.004600656193641165,0.002830723979939642
"211.0764531741,O2,9,14",-0.0010063031221604682,-0.004706114911350476
"211.07645319999997,O2,9,14",3.547043255749382e-05,1.9775352502310805e-05
"211.1703535605,O2,2,13",-0.009030938143377812,0.01596870827265146
"211.1703536,O2,2,13",0.011541598297977643,0.00695658713087991
"213.09210319999997,O2,8,14",0.002246775244381531,0.0013452028317112966
"213.0921032385,O2,8,14",-0.0014088029427587001,-0.0016234993032503532
"213.1860036,O2,1,13",0.05730025199389721,0.03378917107266448
"213.18600362490002,O2,1,13",-0.03556651212711991,0.055213884151516124
"215.10775330000004,O2,7,14",0.00013797268166956873,0.00010039762515864587
"215.10775330290002,O2,7,14",-0.0002189159362155095,0.00034252546487895406
"217.0295029809,O2,13,15",-1.564271921540466e-05,3.131986761773618e-05
"217.02950299999998,O2,13,15",2.2215461654758766e-05,1.2385487109928374e-05
"217.1234033673,O2,6,14",-0.00238672341484169,0.0018239270622555787
"217.1234034,O2,6,14",0.0029856357427247623,0.0018172255419033974
"219.1390534,O2,5,14",0.005845192007408139,0.0034851383864655584
"219.13905343169998,O2,5,14",-0.00356714142722139,0.00462592391675046
"221.0608031097,O2,11,15",-6.71523437130558e-05,0.0001401928941568331
"221.1547034961,O2,4,14",-0.0035827269910247493,0.005250196375027939
"221.1547035,O2,4,14",0.0048164655625127,0.0029127543960046107
"223.0764531741,O2,10,15",-0.00030427747441898266,-0.0012132283617498608
"223.07645319999997,O2,10,15",0.0006063301266689895,0.0003488293997220099
"223.1703535605,O2,3,14",-0.0102873942509223,0.020203082501587297
"223.1703536,O2,3,14",0.014618887231486213,0.008842222794328471
"225.09210319999997,O2,9,15",0.0004743285735595242,0.0002997754119448504
"225.0921032385,O2,9,15",-0.00246576066670861,-0.006918718568786618
"225.1860036,O2,2,14",0.04155546433437363,0.02477661718539125
"225.18600362490002,O2,2,14",-0.030519891134648043,0.01758704472890571
"227.10775330000004,O2,8,15",0.0013878424126185084,0.0008150087193178503
"227.10775330290002,O2,8,15",-0.002082475977976356,-0.0056769861728985125
"227.2016536893,O2,1,14",-0.12226199340797914,-0.0032410976137612923
"227.2016537,O2,1,14",0.169638366436287,0.100154395029277
"229.1234033673,O2,7,15",-0.0007650209761371857,0.000495490313805449
"229.1234034,O2,7,15",0.0006469263687060693,0.00042099907119816046
"231.1390534,O2,6,15",0.003950583748089018,0.0024243428886665855
"231.13905343169998,O2,6,15",-0.0029035212984299444,0.004056915719076069
"233.1547034961,O2,5,15",-0.010054790271227172,0.0018277264777065787
"233.1547035,O2,5,15",0.039686703658268006,0.022852940285089544
"235.0764531741,O2,11,16",-0.0004274085194535529,0.000436780405346767
"235.07645319999997,O2,11,16",0.0015772117253650148,0.0009318917555910508
"235.1703535605,O2,4,15",-0.005319727521463783,0.009704042911526071
"235.1703536,O2,4,15",0.005718091138719347,0.0036943688198765004
"237.09210319999997,O2,10,16",0.0010664499952693755,0.0006411512383546914
"237.0921032385,O2,10,16",-0.0012824803178744214,-0.003907013718489014
"237.1860036,O2,3,15",0.021318776708763938,0.013275827980338203
"237.18600362490002,O2,3,15",-0.016370698570800774,0.032198017359137146
"239.10775330000004,O2,9,16",0.0018915216246495636,0.0011323885279457073
"239.10775330290002,O2,9,16",-0.003665829076805049,-0.0074930615128874604
"239.2016536893,O2,2,15",-0.02722029396176557,0.03772586645718688
"239.2016537,O2,2,15",0.0362905986695655,0.02164004515939985
"241.1234033673,O2,8,16",-0.002802500870653525,-0.005416766637531053
"241.1234034,O2,8,16",0.0018785355052162377,0.0011286700663802995
"241.21730375369998,O2,1,15",-0.095529114490663,0.07890513286675511
"241.21730380000002,O2,1,15",0.1400959956072479,0.0820406200745956
"243.1390534,O2,7,16",0.0015107686593782415,0.0009817112000116038
"243.13905343169998,O2,7,16",-0.001911599434724596,0.0019202797802584464
"245.1547034961,O2,6,16",-0.004202661674734011,0.0062990924139306684
"245.1547035,O2,6,16",0.006448832225694149,0.003937307528585573
"247.0764531741,O2,12,17",-5.400339347697094e-05,-0.0004943108547315316
"247.1703535605,O2,5,16",-0.00603688360409654,0.008976543695634404
"247.1703536,O2,5,16",0.01018075232535133,0.006171350921595398
"249.09210319999997,O2,11,17",0.0017054017029932444,0.0010349078335503408
"249.0921032385,O2,11,17",-0.0007382311131945334,0.00047629570233048333
"249.1860036,O2,4,16",0.01212703169460507,0.007855707559701544
"249.18600362490002,O2,4,16",-0.009541772064459003,0.019830586081454285
"251.10775330000004,O2,10,17",0.0003486970684387651,0.0002347009908739829
"251.10775330290002,O2,10,17",-0.002048361360009171,-0.005325411545272473
"251.2016536893,O2,3,16",-0.02506888582973271,0.04871120616837832
"251.2016537,O2,3,16",0.032088730169655424,0.020196055499309733
"253.1234033673,O2,9,17",-0.003978781615045826,-0.00507528258081362
"253.1234034,O2,9,17",0.0026499077640246504,0.0016157631144166447
"253.21730375369998,O2,2,16",-0.15533992114677445,-0.13891924633219602
"253.21730380000002,O2,2,16",0.1896675272996882,0.11285011760094193
"255.1390534,O2,8,17",0.0017950665053713523,0.001121997680824962
"255.13905343169998,O2,8,17",-0.0033409722585029155,-0.004942581063629217
"257.1547034961,O2,7,17",-0.003357213253349046,0.004235631730739382
"257.15470350000004,O2,7,17",0.004036002176234952,0.0025400101546628356
"259.0764531741,O2,13,18",-0.0002727204587688059,-0.0012302837241982758
"259.1703535605,O2,6,17",-0.0064241966818601335,0.010512241445348769
"259.1703536,O2,6,17",0.009159913219199347,0.005658197684233853
"261.09210319999994,O2,12,18",2.173848350450224e-05,1.5962447124127715e-05
"261.0921032385,O2,12,18",-0.00071932092884046,-0.0024451478540070434
"261.1860036,O2,5,17",0.010816623389075236,0.006676702678141781
"261.1860036249,O2,5,17",-0.007488692343214603,0.012491075045464813
"263.1077533,O2,11,18",0.0008673559977449564,0.0005340202925010685
"263.1077533029,O2,11,18",-0.0008491725434328228,-0.0008121586170487844
"263.20165368930003,O2,4,17",-0.012082526612760727,0.024625529371513823
"263.2016537,O2,4,17",0.015452087386871765,0.010016529623885224
"265.1234033673,O2,10,18",-0.002710663134012022,-0.003747608025543887
"265.1234034,O2,10,18",0.0014950544203673635,0.0009702892773075204
"265.2173037537,O2,3,17",-0.027196382432349495,0.05443625596202015
"265.2173038,O2,3,17",0.036328708671911264,0.023151951108518365
"267.1390534,O2,9,18",0.0027464434318034713,0.0017269100629318424
"267.1390534317,O2,9,18",-0.003833811338669898,-0.0029619888264629107
"267.2329538,O2,2,17",0.05569128797321657,0.03361464602170962
"267.2329538181,O2,2,17",-0.046631751126023586,0.012025947726309827
"269.1547034961,O2,8,18",-0.0040527879878357615,-0.0031991197434349367
"269.15470350000004,O2,8,18",0.002689576082421013,0.0017072438694391478
"269.2486038825,O2,1,17",-0.13060856141928556,0.08907062563566827
"269.2486039,O2,1,17",0.16992852516192294,0.10146191976666562
"271.0764531741,O2,14,19",-1.221837624800093e-05,2.550811235157722e-05
"271.1703535605,O2,7,18",-0.004621351292554235,0.0065925187899322285
"271.17035360000006,O2,7,18",0.005310029911984772,0.003448971184517139
"273.09210319999994,O2,13,19",0.00023326410688059968,0.0001494732870058613
"273.0921032385,O2,13,19",-0.0011800461550193879,-0.004268398876573623
"273.18600360000005,O2,6,18",0.011111797420368849,0.006921425712305588
"273.1860036249,O2,6,18",-0.00842053253525328,0.01442930263952315
"275.1077533,O2,12,19",0.0006906417768224709,0.00045910749564664004
"275.1077533029,O2,12,19",-0.0017853454958020772,-0.002820134934387509
"275.20165368930003,O2,5,18",-0.015356596933492462,0.00838459454696717
"275.2016537,O2,5,18",0.018084593607660165,0.011107008958671356
"277.1234033673,O2,11,19",-0.0013109868276769867,-0.0018574932895348108
"277.1234034,O2,11,19",0.0005529281623450669,0.0003719708964251446
"277.2173037537,O2,4,18",-0.023575504264916926,0.012312367717521101
"277.2173038,O2,4,18",0.02838020353187452,0.01777017241163732
"279.1390534,O2,10,19",0.001895947555512662,0.0012136627964065025
"279.1390534317,O2,10,19",-0.003012240166829084,-0.0019617139546844057
"279.2329538,O2,3,18",0.17305818476718948,0.10110098736152735
"279.2329538181,O2,3,18",-0.17854544006633485,-0.3302444699025816
"281.1547034961,O2,9,19",-0.004530646664345069,-0.002022477120737085
"281.15470350000004,O2,9,19",0.003429299622447973,0.0021549892190400157
"283.1703535605,O2,8,19",-0.006001568294379187,-0.0013419547492300003
"283.17035360000006,O2,8,19",0.00513288644547823,0.0032410835660499574
"285.09210319999994,O2,14,20",8.986068014954951e-05,6.59841959595875e-05
"285.0921032385,O2,14,20",-0.00026101882378824125,-0.0008257167274533844
"285.18600360000005,O2,7,19",0.009318573928549817,0.006016658477538163
"285.1860036249,O2,7,19",-0.007201131651929368,0.010702635671855806
"287.1077533,O2,13,20",0.0005702955838293189,0.00037101210572179275
"287.1077533029,O2,13,20",-0.003526029927266991,-0.01541172128858586
"287.20165368930003,O2,6,19",-0.010608674995496078,0.01860377200623745
"287.2016537,O2,6,19",0.014766986161584107,0.009258858601897443
"289.1234033673,O2,12,20",-0.0025579042438948975,-0.0056793997685516346
"289.1234034,O2,12,20",0.0009255233488777089,0.0006157141383361
"289.2173037537,O2,5,19",-0.012847529141877482,0.022051517754108362
"289.2173038,O2,5,19",0.017756944287210277,0.011214711187787092
"291.1390534,O2,11,20",0.0009142352423287892,0.0006142945223889817
"291.1390534317,O2,11,20",-0.0022503894388006714,-0.002474268403320669
"291.2329538,O2,4,19",0.025209540687585377,0.016459989202303158
"291.2329538181,O2,4,19",-0.018290354008170712,0.03675845639986048
"293.1547034961,O2,10,20",-0.004438460897170507,-0.0008376736860111405
"293.15470350000004,O2,10,20",0.0030057543115269538,0.0019406543561257266
"293.2486038825,O2,3,19",-0.03100919843297328,0.06151836343905481
"293.2486039,O2,3,19",0.04277894711787874,0.027497514999356546
"295.1703535605,O2,9,20",-0.0049765915125640605,-0.0018327393769744964
"295.17035360000006,O2,9,20",0.0031906005217141055,0.0020899857732431066
"295.26425389999997,O2,2,19",0.04991624311693153,0.030685280809011825
"295.2642539469,O2,2,19",-0.0428663329386333,0.05022126636591263
"297.0921032385,O2,15,21",-2.159674556417513e-05,-0.0004819847586052539
"297.18600360000005,O2,8,20",0.006262235918156405,0.0039637494673639365
"297.1860036249,O2,8,20",-0.0072324858033071685,0.001426459341880128
"297.279904,O2,1,19",0.17906914007667202,0.10648256914176502
"297.2799040113,O2,1,19",-0.14011628080529182,0.19602361221003411
"299.1077533,O2,14,21",0.00015776850758694632,0.00011584853468217296
"299.1077533029,O2,14,21",-0.0008117203377630226,-0.002522263124340214
"299.20165368930003,O2,7,20",-0.009492322743406492,0.011143119690897344
"299.2016537,O2,7,20",0.011060747090396065,0.007073687476817159
"301.1234033673,O2,13,21",-0.005257863946003923,-0.020426313823255556
"301.1234034,O2,13,21",0.0005541709853586023,0.00038016449665752376
"301.2173037537,O2,6,20",-0.012247193167586892,0.017730590602353415
"301.2173038,O2,6,20",0.015310904261829713,0.009679230405944176
"303.1390534,O2,12,21",0.0012908483175395414,0.0008501162923279186
"303.1390534317,O2,12,21",-0.003067977763903913,-0.006513877862802803
"303.2329538,O2,5,20",0.02210730424211881,0.014030963115282609
"303.2329538181,O2,5,20",-0.017165062722050334,0.02693976868870578
"305.1547034961,O2,11,21",-0.0026208875335386856,-0.0016575600193561321
"305.15470350000004,O2,11,21",0.0018548030283442177,0.001208041623324751
"305.2486038825,O2,4,20",-0.022613725575286014,0.04415153651526062
"305.2486039,O2,4,20",0.03291555501152836,0.021451365959707456
"307.1703535605,O2,10,21",-0.005990593497559246,0.0019125721200616778
"307.17035360000006,O2,10,21",0.005735834444511682,0.0036253529448483
"307.26425389999997,O2,3,20",0.05953107139231851,0.03820733036942494
"307.2642539469,O2,3,20",-0.04172883091745694,0.0742923738758272
"309.0921032385,O2,16,22",-9.217944713610744e-05,-0.0012220125550260704
"309.18600360000005,O2,9,21",0.004936058373121298,0.003193356285886109
"309.1860036249,O2,9,21",-0.006335873300837257,0.0005212901706915772
"309.279904,O2,2,20",0.07631808255137795,0.04701132202800434
"309.2799040113,O2,2,20",-0.07506935153479347,0.019438507695135415
"311.1077533029,O2,15,22",-0.0003714516568574612,-0.0026482152188800306
"311.20165368930003,O2,8,21",-0.0073769123041704104,0.005468186331037924
"311.2016537,O2,8,21",0.007711414740335651,0.0049147520100272435
"311.2955540757,O2,1,20",-0.23980339106627155,0.24483686119267323
"311.2955541,O2,1,20",0.27325957560140446,0.1634338162862233
"313.1234033673,O2,14,22",-0.0012579411724586355,-0.004349529425866419
"313.1234034,O2,14,22",0.0004617632948602366,0.00028921603017582773
"313.2173037537,O2,7,21",-0.008462327410986138,0.012847981108213419
"313.2173038,O2,7,21",0.010922876432563355,0.007042046203694235
"315.1390534,O2,13,22",0.001179130131390426,0.0007470194182470289
"315.1390534317,O2,13,22",-0.006005951071346084,-0.021299987628003468
"315.2329538,O2,6,21",0.015813420250105552,0.010021607454406794
"315.2329538181,O2,6,21",-0.011038947142991532,0.020104037160059814
"317.1547034961,O2,12,22",-0.002647940685376069,-0.005830728557931516
"317.15470350000004,O2,12,22",0.0011691597447110046,0.0007734344072116182
"317.2486038825,O2,5,21",-0.015111801625445943,0.02479271110854699
"317.2486039,O2,5,21",0.019238696563879082,0.01226602236837046
"319.1703535605,O2,11,22",-0.002426287586326269,-0.0004891041430242585
"319.17035360000006,O2,11,22",0.0016230136969587147,0.0010684664255434407
"319.26425389999997,O2,4,21",0.026640541050361632,0.017517539856078568
"319.2642539469,O2,4,21",-0.018857093002107715,0.037540736546180724
"321.18600360000005,O2,10,22",0.005374567288568112,0.0034398293232906626
"321.1860036249,O2,10,22",-0.005372867031052525,0.002986699432834538
"321.279904,O2,3,21",0.058044019397688454,0.03757516428363792
"321.2799040113,O2,3,21",-0.03964947248232414,0.0794043134771708
"323.1077533029,O2,16,23",-0.000522414987911864,-0.003674153707964176
"323.20165368930003,O2,9,22",-0.006301410878811886,0.0028650342119040054
"323.2016537,O2,9,22",0.005846926067980298,0.003757715531195997
"323.2955540757,O2,2,21",-0.0455129276388253,0.07708410584715904
"323.2955541,O2,2,21",0.05528014034501326,0.0346226002665151
"325.1234033673,O2,15,23",-0.001049393362606377,-0.004515178311835786
"325.1234034,O2,15,23",7.83326920021442e-05,5.751925859574531e-05
"325.2173037537,O2,8,22",-0.008535676540566977,0.007580721998138284
"325.2173038,O2,8,22",0.00864858188104543,0.005565896354965087
"325.3112041,O2,1,21",0.21455914744709406,0.12966166299363416
"325.31120414009996,O2,1,21",-0.1721184835166286,0.2633758377894451
"327.1390534,O2,14,23",0.00035473506848320187,0.00023548947899016708
"327.1390534317,O2,14,23",-0.001892397416817853,-0.005304477077720522
"327.2329538,O2,7,22",0.01229689814374594,0.007910495543389302
"327.2329538181,O2,7,22",-0.009408772407263368,0.01534645903159601
"329.1547034961,O2,13,23",-0.006363733750945899,-0.020157806555942837
"329.15470350000004,O2,13,23",0.0012859398974260066,0.0008395467122306848
"329.2486038825,O2,6,22",-0.013693311656501665,0.02509936288305418
"329.2486039,O2,6,22",0.01904905270601439,0.012082689491071214
"331.1703535605,O2,12,23",-0.0033261735432708584,-0.005472095654670462
"331.17035360000006,O2,12,23",0.0016554399804258255,0.0010977961538896504
"331.26425389999997,O2,5,22",0.02599406787124503,0.016508662239654404
"331.2642539469,O2,5,22",-0.019908181451049462,0.03369341745878497
"333.0921032385,O2,18,24",-1.0283452709911896e-05,-0.0002209954568561617
"333.18600360000005,O2,11,23",0.002464785805122217,0.0016126096648565104
"333.1860036249,O2,11,23",-0.0028438550526134333,0.0006839673368306306
"333.279904,O2,4,22",0.027159879638645974,0.01780107863031139
"333.2799040113,O2,4,22",-0.01904094279729461,0.038160943929714336
"335.1077533029,O2,17,24",-7.31860489942243e-05,-0.0008957016600582322
"335.20165368930003,O2,10,23",-0.004483586731985043,0.0021574919094390606
"335.2016537,O2,10,23",0.004168959932100678,0.002685800095103704
"335.2955540757,O2,3,22",-0.0342072740341797,0.06812440026767205
"335.2955541,O2,3,22",0.04987754618317504,0.03226794117220673
"337.1234033673,O2,16,24",-0.0011007091985589749,-0.005691478794606056
"337.2173037537,O2,9,23",-0.006312389064681173,0.00437985624449115
"337.2173038,O2,9,23",0.005834439409966238,0.003787137939066091
"337.3112041,O2,2,22",0.06258713282258938,0.03885431681180863
"337.31120414009996,O2,2,22",-0.05648799897655315,0.04281645012562499
"339.1390534,O2,15,24",0.00013386255136744524,9.216421381380647e-05
"339.1390534317,O2,15,24",-0.0010259109643519066,-0.0041387059988010596
"339.2329538,O2,8,23",0.009500389337238473,0.006006149929953361
"339.2329538181,O2,8,23",-0.0086265713858931,0.006139682169272241
"339.3268542,O2,1,22",0.20770510982448842,0.12581462673634994
"339.3268542045,O2,1,22",-0.1802546706813331,0.24737881410953674
"341.1547034961,O2,14,24",-0.002101552364926993,-0.005597418894565057
"341.15470350000004,O2,14,24",0.0003762928150173236,0.00026271200478782136
"341.2486038825,O2,7,23",-0.008025197586021745,0.013138644197192767
"341.2486039,O2,7,23",0.010952339111876444,0.0070320177575501465
"343.1703535605,O2,13,24",-0.006077944895691155,-0.01627317495950951
"343.17035360000006,O2,13,24",0.0016212979943154358,0.0010603984423294707
"343.26425389999997,O2,6,23",0.016190851177175843,0.010284458090082129
"343.2642539469,O2,6,23",-0.01222237594776173,0.022427848354599437
"345.18600360000005,O2,12,24",0.0018636891391853978,0.001226415884604941
"345.18600362489997,O2,12,24",-0.003298416864813987,-0.0046295432790136115
"345.279904,O2,5,23",0.024717767062898993,0.015723618027893578
"345.27990401129995,O2,5,23",-0.01936948567211323,0.033652650947375594
"347.1077533029,O2,18,25",-5.994640757035542e-05,-0.0008847074422905246
"347.20165368930003,O2,11,24",-0.0029863964924649977,0.0013365356297900448
"347.2016537,O2,11,24",0.0023678664920356077,0.0015651776007216834
"347.2955540757,O2,4,23",-0.016791006991568536,0.03358456095980054
"347.2955541,O2,4,23",0.023095235485138983,0.01519332082587974
"349.12340336730006,O2,17,25",-0.00041699853681228795,-0.002492431642066329
"349.21730375370004,O2,10,24",-0.005008705672730835,0.003669229609943367
"349.2173038,O2,10,24",0.0045987657240865384,0.002980277720453402
"349.3112041,O2,3,23",0.04255097902754071,0.027543091612574958
"349.3112041401,O2,3,23",-0.030751273707298146,0.06054101235432326
"351.1390534,O2,16,25",7.860046909222366e-05,5.7715885818640647e-05
"351.1390534317,O2,16,25",-0.001566853650259374,-0.006894722143203574
"351.2329538,O2,9,24",0.00537453673613953,0.003500821976935196
"351.2329538181,O2,9,24",-0.005985902135126947,0.004490794789565425
"351.3268542,O2,2,23",0.04890106066624972,0.030575871921752026
"351.32685420449997,O2,2,23",-0.04200500145909273,0.07351954567809256
"353.1547034961,O2,15,25",-0.0013869413563187742,-0.0051978432163036015
"353.15470350000004,O2,15,25",4.527601595469556e-05,3.324592584934957e-05
"353.2486038825,O2,8,24",-0.008010008018544583,0.009162955892149098
"353.2486039,O2,8,24",0.009002700820736967,0.0058205223465783934
"353.3425042689001,O2,1,23",-0.13565414876504447,0.19567952326509655
"353.34250430000003,O2,1,23",0.16310600410763865,0.09846236055217243
"355.1703535605,O2,14,25",-0.0023124873997241485,-0.0054077569252782495
"355.17035360000006,O2,14,25",0.0006804330147700806,0.0004576337365910783
"355.26425389999997,O2,7,24",0.011128337556932773,0.0072215770297776385
"355.2642539469,O2,7,24",-0.008389553034417484,0.01428599649644233
"357.18600360000005,O2,13,25",0.0017105006366407076,0.0011242321899166937
"357.18600362489997,O2,13,25",-0.005770935548745054,-0.011732046850160292
"357.279904,O2,6,24",0.016977057532220445,0.010866267415710871
"357.27990401129995,O2,6,24",-0.01251223185796473,0.02374565373866296
"359.1077533029,O2,19,26",-1.1753057832099703e-07,-3.3663775625235204e-06
"359.20165368930003,O2,12,25",-0.0031588570321021635,-0.003185749566058367
"359.2016537,O2,12,25",0.0017411336213011847,0.0011702636175271247
"359.2955540757,O2,5,24",-0.018447126067608965,0.031675528395007466
"359.2955541,O2,5,24",0.02286614975416278,0.01463535794036727
"361.12340336730006,O2,18,26",-0.0002679987119870431,-0.0016830469736799688
"361.21730375370004,O2,11,25",-0.0030143742887017615,0.0017257128625540687
"361.2173038,O2,11,25",0.002808894077352549,0.001836661765071285
"361.3112041,O2,4,24",0.023211998458416438,0.015243185043972339
"361.3112041401,O2,4,24",-0.01705279234352158,0.03379424964274882
"363.1390534317,O2,17,26",-0.0008696250490694902,-0.00402852143887363
"363.2329538,O2,10,25",0.003865045785422957,0.0025260517038044944
"363.2329538181,O2,10,25",-0.004343306353169663,0.003205068170942496
"363.3268542,O2,3,24",0.039631566877490684,0.025766442991340024
"363.32685420449997,O2,3,24",-0.029164946403702152,0.05718851368148254
"365.1547034961,O2,16,26",-0.0018063596055500238,-0.007196208829210581
"365.15470350000004,O2,16,26",5.7760034704698726e-05,4.241287114947931e-05
"365.2486038825,O2,9,25",-0.005638383433611293,0.0047686942692118746
"365.2486039,O2,9,25",0.0059604463961589,0.0038351004047417567
"365.3425042689,O2,2,24",-0.05125618460577272,0.08819967272436159
"365.34250430000003,O2,2,24",0.061521684497607254,0.03856566212326282
"367.1703535605,O2,15,26",-0.001894012274332978,-0.00577385734646916
"367.17035360000006,O2,15,26",0.00025780311949126933,0.0001726119346161066
"367.26425389999997,O2,8,25",0.008548304521525515,0.005519053932281633
"367.2642539469,O2,8,25",-0.007948301035772438,0.008693478361551725
"367.3581543,O2,1,24",0.16027987749419706,0.09678349659126607
"367.35815433330004,O2,1,24",-0.13732426306664614,0.17117965525214776
"369.18600360000005,O2,14,26",0.0008247797736446906,0.0005723602960572671
"369.18600362489997,O2,14,26",-0.0028982905200729703,-0.005103704097853758
"369.279904,O2,7,25",0.011478919284019909,0.007409151466905656
"369.27990401129995,O2,7,25",-0.008605708424402737,0.014544899068309402
"371.20165368930003,O2,13,26",-0.004808316813745842,-0.009347693738115158
"371.2016537,O2,13,26",0.0015678290978124005,0.0010450096233697917
"371.2955540757,O2,6,25",-0.0127377981957173,0.023331066749966135
"371.2955541,O2,6,25",0.01724564612541867,0.011060508576845294
"373.12340336730006,O2,19,27",-2.6080388168418484e-05,-0.0005726850234038917
"373.21730375370004,O2,12,26",-0.002926919786663312,-0.000991331871768977
"373.2173038,O2,12,26",0.0020299163926048476,0.0013480620843703416
"373.3112041,O2,5,25",0.022443766567525156,0.014358863105814699
"373.3112041401,O2,5,25",-0.017184144881024627,0.030321658299650434
"375.1390534,O2,18,27",6.27154599948308e-05,4.605161228590291e-05
"375.1390534317,O2,18,27",-0.0006319559030845783,-0.0024812512488962242
"375.2329538,O2,11,26",0.003103798788319236,0.0020584270690106347
"375.2329538181,O2,11,26",-0.0030909339487753523,0.0024731237104180614
"375.3268542,O2,4,25",0.020559754944804883,0.013497502507743182
"375.32685420449997,O2,4,25",-0.014970511365159261,0.02921466742271794
"377.1547034961,O2,17,27",-0.0011464550904246706,-0.004865435902608519
"377.15470350000004,O2,17,27",7.455150244751767e-05,5.474275220699334e-05
"377.2486038825,O2,10,26",-0.00440103220673236,0.00427257389879204
"377.2486039,O2,10,26",0.004620862493071383,0.0029967367563202905
"377.3425042689,O2,3,25",-0.02835998739811392,0.055910589362072306
"377.34250430000003,O2,3,25",0.039921498913230456,0.02588845797212304
"379.1703535605,O2,16,27",-0.0015752228243510443,-0.005965264738180598
"379.17035360000006,O2,16,27",0.0001534633813264009,0.00011137156833547844
"379.26425389999997,O2,9,26",0.006887115662396185,0.004411790897999378
"379.2642539469,O2,9,26",-0.00607860112420972,0.005995691029034186
"379.3581543,O2,2,25",0.0663680243893143,0.04187607007601292
"379.35815433330004,O2,2,25",-0.05356171148273664,0.09733836704149951
"381.18600360000005,O2,15,27",0.0007170117382826566,0.00045998634793846776
"381.18600362489997,O2,15,27",-0.0022519590750456502,-0.004662813353899499
"381.279904,O2,8,26",0.008388339365609999,0.005406679805148195
"381.27990401129995,O2,8,26",-0.0072551990142922206,0.008055061779235668
"381.3738043977,O2,1,25",-0.11842383981705207,0.16237276174936985
"381.3738044,O2,1,25",0.14269149410925291,0.08672173063867744
"383.20165368930003,O2,14,27",-0.003071219447131692,-0.0052898975711069786
"383.2016537,O2,14,27",0.0012127825341364119,0.0007930873716431882
"383.2955540757,O2,7,26",-0.008226723734041649,0.013758411028724596
"383.2955541,O2,7,26",0.011588357828162721,0.007418847365639155
"385.21730375370004,O2,13,27",-0.004512743413406115,-0.005277922359675576
"385.2173038,O2,13,27",0.0023454216176798217,0.0015595108119827149
"385.3112041,O2,6,26",0.01654913004590675,0.010580487055124458
"385.3112041401,O2,6,26",-0.011840084291034378,0.0217934463455282
"387.1390534317,O2,19,28",-0.00027183450639201755,-0.0013055898366660073
"387.2329538,O2,12,27",0.002916355006461957,0.001885808888787948
"387.2329538181,O2,12,27",-0.0034900527123983326,0.0003650281664547704
"387.3268542,O2,5,26",0.024261671062180332,0.015504793243003473
"387.32685420449997,O2,5,26",-0.018088227690454005,0.03169514098489968
"389.1547034961,O2,18,28",-0.0005046768552186676,-0.002717914750167457
"389.2486038825,O2,11,27",-0.003391700509829628,0.002977752058710082
"389.2486039,O2,11,27",0.003693155798870402,0.0023956344307903316
"389.3425042689,O2,4,26",-0.014786811397660029,0.029100482170632578
"389.34250430000003,O2,4,26",0.020641324961556268,0.013554960730797564
"391.1703535605,O2,17,28",-0.0013882734566895414,-0.0054913278667044615
"391.26425389999997,O2,10,27",0.0052495749045786775,0.0033961488274625315
"391.2642539469,O2,10,27",-0.005046946101223746,0.005050984642016204
"391.3581543,O2,3,26",0.046162702927217136,0.029908040446160758
"391.35815433330004,O2,3,26",-0.03215995792655952,0.061855761654495536
"393.18600360000005,O2,16,28",0.000188310865050179,0.0001325437558233532
"393.18600362489997,O2,16,28",-0.0018621102518690666,-0.005600501065334012
"393.279904,O2,9,27",0.006886960905669329,0.004406080420974303
"393.27990401129995,O2,9,27",-0.006149467797245195,0.005908165186648327
"393.3738043977,O2,2,26",-0.054759467706770724,0.09835678554576766
"393.3738044,O2,2,26",0.0683345485666073,0.04323907407813878
"395.20165368930003,O2,15,28",-0.0019694146532147597,-0.00389988905864048
"395.2016537,O2,15,28",0.0004921055822332155,0.00034628932503888866
"395.2955540757,O2,8,27",-0.007425224341470388,0.00894698817681097
"395.2955541,O2,8,27",0.008478568767725134,0.005445931364243069
"395.3894544621,O2,1,26",-0.10543179703824955,0.14096316615308263
"395.3894545,O2,1,26",0.1288961428853748,0.07845667448882293
"397.21730375370004,O2,14,28",-0.0026340196663530253,-0.003597943117011496
"397.2173038,O2,14,28",0.001983117238049949,0.001271121186690384
"397.3112041,O2,7,27",0.01224321428136389,0.007853518501666809
"397.3112041401,O2,7,27",-0.008640060406301353,0.014243279263428655
"399.2329538,O2,13,28",0.002446724216524256,0.0016302200512154019
"399.2329538181,O2,13,28",-0.00401630449855505,-0.002712694118300195
"399.3268542,O2,6,27",0.01707010051846919,0.010947280123533885
"399.32685420449997,O2,6,27",-0.012528900793945467,0.023235020967395572
"401.1547034961,O2,19,29",-0.0004069545872311402,-0.001877423511128828
"401.2486038825,O2,12,28",-0.003396009387789144,0.0018317187041089183
"401.2486039,O2,12,28",0.0037357383327280185,0.0024109998797688446
"401.3425042689,O2,5,27",-0.01672178830081357,0.028787510700605073
"401.34250430000003,O2,5,27",0.021158787412379237,0.013503365464358666
"403.1703535605,O2,18,29",-0.0007292733115695352,-0.0026947075886277054
"403.17035360000006,O2,18,29",7.284053224715859e-05,5.348639633706646e-05
"403.26425389999997,O2,11,28",0.004087348471117713,0.0026344309033438703
"403.2642539469,O2,11,28",-0.004303126221299879,0.0011087546213857649
"403.3581543,O2,4,27",0.02081001532563756,0.013608013750463065
"403.35815433330004,O2,4,27",-0.014859107651697664,0.029427573321505647
"405.18600362489997,O2,17,29",-0.0011299412648481137,-0.004715398330169556
"405.279904,O2,10,28",0.005788907311384115,0.0037035953409356396
"405.27990401129995,O2,10,28",-0.00501030158878236,0.005590712965608557
"405.3738043977,O2,3,27",-0.030126828425880704,0.06028605559580526
"405.3738044,O2,3,27",0.04379435211398357,0.028450558167487944
"407.20165368930003,O2,16,29",-0.0014629361914092357,-0.003787659028995958
"407.2016537,O2,16,29",0.00019539346716497582,0.000142228375411323
"407.2955540757,O2,9,28",-0.005467848587611896,0.00609581568217516
"407.2955541,O2,9,28",0.006064625184771421,0.0039304143638884395
"407.3894544621,O2,2,27",-0.0478643546907672,0.08784706161839172
"407.3894545,O2,2,27",0.06084980419904154,0.03858603926503013
"409.21730375370004,O2,15,29",-0.0015180371531368845,-0.0026456042812277774
"409.2173038,O2,15,29",0.0004387401873795376,0.00030630469040653275
"409.3112041,O2,8,28",0.01094567855670663,0.006882833750101557
"409.3112041401,O2,8,28",-0.00859511577218077,0.010146090601092252
"409.4051045,O2,1,27",0.0970730514190956,0.059381257187026845
"409.4051045265,O2,1,27",-0.08041897746810443,0.11671707040861276
"411.2329538,O2,14,29",0.0016406632753920558,0.0010519776844711453
"411.2329538181,O2,14,29",-0.002540179035576833,-0.0030115663967909094
"411.3268542,O2,7,28",0.012096423031342875,0.007738099720756282
"411.32685420449997,O2,7,28",-0.008714382166670817,0.014828804461610938
"413.2486038825,O2,13,29",-0.003115940825954683,-0.001146783282442453
"413.2486039,O2,13,29",0.0020079483916315994,0.0013095725945100783
"413.3425042689,O2,6,28",-0.013444874932852883,0.025152969854389938
"413.34250430000003,O2,6,28",0.01741594293178967,0.01110790839982821
"415.1703535605,O2,19,30",-0.0002670840622079984,-0.0013481100147165529
"415.26425389999997,O2,12,29",0.0065547312253078326,0.004247408073618397
"415.2642539469,O2,12,29",-0.009331119852935499,-0.006341539039978531
"415.3581543,O2,5,28",0.030588673972952146,0.018994222209254202
"415.35815433330004,O2,5,28",-0.022650664597366105,0.04003708515866368
"417.18600360000005,O2,18,30",8.241500168947164e-05,6.051687581751618e-05
"417.18600362489997,O2,18,30",-0.0007165197122722812,-0.00256983965201502
"417.279904,O2,11,29",0.0034129821903359048,0.002240091659493952
"417.27990401129995,O2,11,29",-0.003090867888335645,0.003341182765571593
"417.3738043977,O2,4,28",-0.013471657769227676,0.026662594727017902
"417.3738044,O2,4,28",0.01793337548309154,0.011784510869202335
"419.20165368930003,O2,17,30",-0.0012200519475596583,-0.004403044960724398
"419.2955540757,O2,10,29",-0.004445281679354994,0.005926155074295418
"419.2955541,O2,10,29",0.005539330059046541,0.00353366668394695
"419.3894544621,O2,3,28",-0.02683174712361674,0.054196186431437116
"419.3894545,O2,3,28",0.037951685416348815,0.024648180773642756
"421.21730375370004,O2,16,30",-0.0010977609773496766,-0.0029305612562822753
"421.21730379999997,O2,16,30",0.00010103591070886666,7.41901053950866e-05
"421.3112041,O2,9,29",0.006229743885199539,0.004013360073745065
"421.3112041401,O2,9,29",-0.005500285505733089,0.006440380759886129
"421.4051045,O2,2,28",0.050324709039159185,0.03177173668734021
"421.4051045265,O2,2,28",-0.04083177560578845,0.07506094384352616
"423.23295379999996,O2,15,30",0.0006949255009607633,0.00046943467938075024
"423.2329538181,O2,15,30",-0.0015546278415746538,-0.0017879916879863162
"423.32685419999996,O2,8,29",0.009648042132033128,0.006115288721485315
"423.32685420449997,O2,8,29",-0.008804224477062386,0.012483407074267155
"423.42075459089995,O2,1,28",-0.07115718896851485,0.09961918640662959
"423.4207546,O2,1,28",0.08654652213189228,0.05293935109554996
"425.2486038825,O2,14,30",-0.0020880240313140915,-0.0016265935387776622
"425.2486039,O2,14,30",0.0009633046842771342,0.0006510949351746133
"425.3425042689,O2,7,29",-0.008844500207723382,0.015035298404257252
"425.34250430000003,O2,7,29",0.010761653735222268,0.0069607316663778205
"425.4364046553,O2,0,28",-3.987190505463306e-06,-7.772243291129019e-05
"427.26425389999997,O2,13,30",0.0015061617335719504,0.0009970363709724546
"427.2642539469,O2,13,30",-0.0028727012078159906,-0.0018488856579369757
"427.3581543000001,O2,6,29",0.016968051969900075,0.01091064702615404
"427.35815433330004,O2,6,29",-0.012905294155227261,0.024683994932773862
"429.18600362489997,O2,19,31",-0.0004895674616935445,-0.0017489798439183054
"429.279904,O2,12,30",0.0029431009939821957,0.0019130609415145404
"429.27990401129995,O2,12,30",-0.0030065499872067047,0.0005751470685239808
"429.3738043977,O2,5,29",-0.03215095127489349,0.05907307784288815
"429.3738044,O2,5,29",0.04354128976147372,0.026964757692088143
"431.20165368930003,O2,18,31",-0.0007577407951892429,-0.0026603853936932637
"431.2955540757,O2,11,30",-0.002406852841617843,0.0030657476092421075
"431.2955541,O2,11,30",0.0024864456328002977,0.0016402203708705027
"431.3894544621,O2,4,29",-0.013894472279929238,0.028014942964284355
"431.3894545,O2,4,29",0.01915139150537181,0.012583729043701046
"433.21730375370004,O2,17,31",-0.0008652725975470974,-0.002766019100092051
"433.3112041,O2,10,30",0.004854551255961181,0.003120771358781458
"433.3112041401,O2,10,30",-0.004364426435698398,0.005889582261206284
"433.4051045,O2,3,29",0.03527712026890494,0.02301657101945286
"433.4051045265,O2,3,29",-0.026485165283194945,0.053365457942370825
"435.23295379999996,O2,16,31",7.014830285885524e-05,5.150950732142216e-05
"435.2329538181,O2,16,31",-0.000853396102111904,-0.0022657127657514306
"435.32685419999996,O2,9,30",0.005729440917737709,0.0037185029575104137
"435.32685420449997,O2,9,30",-0.005619806642468267,0.007398873417985928
"435.42075459089995,O2,2,29",-0.037989144616528164,0.07039828444679104
"435.4207546,O2,2,29",0.045604705978931626,0.028859791410957226
"437.2486038825,O2,15,31",-0.0015737205531493857,-0.0017697081512963089
"437.2486039,O2,15,31",0.0006093197264599489,0.0004150793939649437
"437.3425042689,O2,8,30",-0.009595195233156955,0.014475007106802384
"437.34250430000003,O2,8,30",0.010014586121893463,0.0063168300856389645
"437.4364046553,O2,1,29",-0.056049418096885656,0.08370794047649667
"437.4364047,O2,1,29",0.06636415526082293,0.04071641509885281
"439.26425389999997,O2,14,31",0.001480692696008734,0.0009533751256303654
"439.2642539469,O2,14,31",-0.0024110142480680613,-0.0014138789014092044
"439.3581543000001,O2,7,30",0.012192794326453756,0.007827143666443421
"439.35815433330004,O2,7,30",-0.009775924814391499,0.01729592421373489
"441.279904,O2,13,31",0.001548460183644453,0.001026218869094013
"441.27990401129995,O2,13,31",-0.002358899736795489,-0.0006572866219938165
"441.3738043977,O2,6,30",-0.019146418903450736,0.03658794990494285
"441.3738044,O2,6,30",0.025349728735477448,0.015857286585818465
"443.20165368930003,O2,19,32",-0.0002977918283136771,-0.0014144954005047483
"443.2955540757,O2,12,31",-0.0019289418145300274,0.0012379582551207927
"443.2955541,O2,12,31",0.0017241212514395566,0.001143636767945662
"443.3894544621,O2,5,30",-0.0414545431823573,0.07799509621300521
"443.3894545,O2,5,30",0.05728668187085384,0.03556504115825938
"445.21730375370004,O2,18,32",-0.0004673665102039516,-0.001794838535256953
"445.3112041,O2,11,31",0.0026046792400833277,0.0017181169951121322
"445.3112041401,O2,11,31",-0.0024938989940796433,0.0027979373000997544
"445.4051045,O2,4,30",0.01690292958732801,0.011092842712918223
"445.4051045265,O2,4,30",-0.012724160340424354,0.02618288870560544
"447.23295379999996,O2,17,32",5.400849980302317e-05,3.965814000689922e-05
"447.2329538181,O2,17,32",-0.0008269416650380294,-0.0021754222036534706
"447.32685419999996,O2,10,31",0.0038691061510206575,0.0025124618515447294
"447.32685420449997,O2,10,31",-0.0036316360284620115,0.005133083657453268
"447.42075459089995,O2,3,30",-0.02394657940479615,0.048441178703613356
"447.4207546,O2,3,30",0.03129904271395678,0.02037009412386607
"449.2486038825,O2,16,32",-0.0007844777059438913,-0.001545582644641079
"449.2486039,O2,16,32",0.00011030262091707187,8.099459898740429e-05
"449.3425042689,O2,9,31",-0.005117846890162628,0.006506997221176874
"449.34250430000003,O2,9,31",0.004999192098554336,0.00326050247788007
"449.4364046553,O2,2,30",-0.0349586811069952,0.06501282806223684
"449.4364047,O2,2,30",0.04145408618976379,0.0262278184304384
"451.26425389999997,O2,15,32",0.00034490755227963455,0.00024995224770522803
"451.2642539469,O2,15,32",-0.0011183998434259011,-0.001378673530964323
"451.3581543000001,O2,8,31",0.008629362630249278,0.005500029864057372
"451.35815433330004,O2,8,31",-0.008323813521703078,0.0132709670997499
"451.4520547,O2,1,30",0.058782814723055646,0.035979264821562426
"451.4520547197,O2,1,30",-0.04979088436343752,0.07203953950464309
"453.279904,O2,14,32",0.0006751272648460894,0.0004724223265065834
"453.27990401129995,O2,14,32",-0.0012554943836789454,-0.0007791038143212883
"453.3738043977,O2,7,31",-0.007961664127691687,0.014829331425098558
"453.3738044,O2,7,31",0.009355374018332772,0.006066107679322972
"455.2955540757,O2,13,32",-0.0020191269810664837,-0.0003817571313757615
"455.2955541,O2,13,32",0.001256754078691222,0.0008464105979147699
"455.3894544621,O2,6,31",-0.030037117661427963,0.05849674166034113
"455.3894545,O2,6,31",0.040699553106782485,0.025432467206555176
"457.21730375370004,O2,19,33",-0.0002443050443388075,-0.001042506096448078
"457.3112041,O2,12,32",0.0014638069032093647,0.000988239920692641
"457.3112041401,O2,12,32",-0.0021388859663947473,0.000587033268939996
"457.4051045,O2,5,31",0.04747360788343104,0.030214550838373287
"457.4051045265,O2,5,31",-0.03541603230479512,0.06902465942209089
"459.2329538181,O2,18,33",-0.00042498391145476223,-0.001459657594943235
"459.32685419999996,O2,11,32",0.008059856406444422,0.004919393245862504
"459.32685420449997,O2,11,32",-0.017931144070170987,-0.04035552885577748
"459.42075459089995,O2,4,31",-0.012051873869966222,0.024175417060092012
"459.4207546,O2,4,31",0.015198183710088879,0.010042032682476106
"461.2486038825,O2,17,33",-0.0006108765543503958,-0.0016982747818136351
"461.3425042689,O2,10,32",-0.004226619539586743,0.003761045829098583
"461.34250430000003,O2,10,32",0.0038018094054810105,0.002489206651835694
"461.4364046553,O2,3,31",-0.021393665115316002,0.044131200123601416
"461.4364047,O2,3,31",0.027437209468791468,0.017921928490425357
"463.26425389999997,O2,16,33",0.00012144893450137217,8.917927484952185e-05
"463.2642539469,O2,16,33",-0.0006467180890367046,-0.0013263119109942687
"463.3581543000001,O2,9,32",0.00474400601046826,0.0031039890880588347
"463.35815433330004,O2,9,32",-0.004592351817841113,0.0063720746588971896
"463.4520547,O2,2,31",0.03453296188342299,0.021794593988140595
"463.4520547197,O2,2,31",-0.029188948675636234,0.054748339754566284
"465.279904,O2,15,33",0.0006856101618524423,0.00045141889365537163
"465.27990401129995,O2,15,33",-0.0012326460487731435,-0.001272587158004575
"465.3738043977,O2,8,32",-0.0074551225910412374,0.011383577574448788
"465.3738044,O2,8,32",0.007885799721209024,0.005056589533976063
"465.4677047841,O2,1,31",-0.036713614253813795,0.05752158142408385
"465.46770480000004,O2,1,31",0.044859626894537805,0.02750592354150662
"467.2955540757,O2,14,33",-0.0018373828797437618,-0.00046561489313686627
"467.2955541,O2,14,33",0.000979799056583522,0.0006357016740724826
"467.3894544621,O2,7,32",-0.007879425243761881,0.014704435727307905
"467.3894545,O2,7,32",0.009376504480810422,0.006101652939323234
"469.3112041,O2,13,33",0.0010381916430770616,0.0007017456535421588
"469.3112041401,O2,13,33",-0.0018019876995265464,-0.00010206890090001305
"469.4051045,O2,6,32",0.03199689234830173,0.020333528402022176
"469.4051045265,O2,6,32",-0.0235447641387998,0.047503324240498294
"471.2329538181,O2,19,34",-0.0003488088237084432,-0.0012587807015689938
"471.32685419999996,O2,12,33",0.0017292907948387804,0.0011479141233881856
"471.32685420449997,O2,12,33",-0.001881994092843729,0.0007958772212531076
"471.42075459089995,O2,5,32",-0.025658532905629517,0.05080869365161787
"471.4207546,O2,5,32",0.034539344547536724,0.02243448855311876
"473.2486038825,O2,18,34",-0.0002932134535379911,-0.0009485522937666799
"473.3425042689,O2,11,33",-0.002086155300996632,0.002715623126158159
"473.34250430000003,O2,11,33",0.0018857786803369609,0.0012645833255131532
"473.4364046553,O2,4,32",-0.01084992748008216,0.022247105098206384
"473.4364047,O2,4,32",0.013270948212226616,0.008836297078477051
"475.2642539469,O2,17,34",-0.00038780235100694554,-0.0013078269210275105
"475.3581543000001,O2,10,33",0.0035633934841081292,0.0023139335395290553
"475.35815433330004,O2,10,33",-0.003246100081175927,0.004843771492134957
"475.4520547,O2,3,32",0.024376313931814206,0.01593508043407305
"475.4520547197,O2,3,32",-0.01950128995575924,0.03944882209138366
"477.279904,O2,16,34",0.00010977960726179264,8.061055297904948e-05
"477.27990401129995,O2,16,34",-0.00047906726523518534,-0.0007225667592214859
"477.3738043977,O2,9,33",-0.004550696320213687,0.006393190837603023
"477.3738044,O2,9,33",0.004686246626141442,0.0030467527591824116
"477.4677047841,O2,2,32",-0.027736829022483124,0.05078357838227172
"477.46770480000004,O2,2,32",0.031854775302217066,0.0202078504377667
"479.2955540757,O2,15,34",-0.0007208147643868491,-0.0008289030984877596
"479.2955541,O2,15,34",0.00019194738294082929,0.0001394640304602887
"479.3894544621,O2,8,33",-0.006589298250614638,0.010221388667691591
"479.3894545,O2,8,33",0.0073717408271835256,0.004696531375910556
"479.48335480000003,O2,1,32",0.03615876995368007,0.022287999640830034
"479.48335484849997,O2,1,32",-0.03143670265124262,0.0464801936188637
"481.3112041,O2,14,34",0.00043434440859776974,0.0003100400748519217
"481.3112041401,O2,14,34",-0.000980683403133367,-0.0002979359047748775
"481.4051045,O2,7,33",0.00883663216049716,0.005827597218892753
"481.4051045265,O2,7,33",-0.007572498170995652,0.014278431717724848
"483.32685419999996,O2,13,34",0.0009916125933142614,0.0006666350155819858
"483.32685420449997,O2,13,34",-0.0016609609257525622,3.437935682183942e-06
"483.42075459089995,O2,6,33",-0.019278053366149437,0.0396256349581985
"483.4207546,O2,6,33",0.023785673647329447,0.015384542959799836
"485.2486038825,O2,19,35",-0.00021456118350014528,-0.0006668741775135088
"485.3425042689,O2,12,34",-0.0018172030055039572,0.001467848660416871
"485.34250430000003,O2,12,34",0.001525841778842018,0.001016577979585886
"485.4364046553,O2,5,33",-0.02280252900914066,0.045678955531897915
"485.4364047,O2,5,33",0.030156845323543194,0.019715230328478626
"487.2642539469,O2,18,35",-0.00024444372808234713,-0.0007558417430767534
"487.3581543000001,O2,11,34",0.0023554210400755556,0.0015594340437886198
"487.35815433330004,O2,11,34",-0.0024256290785466712,0.0033326021319706077
"487.4520547,O2,4,33",0.01277066469648641,0.008503858655176118
"487.4520547197,O2,4,33",-0.009763473148696319,0.02053862071325857
"489.27990401129995,O2,17,35",-0.00013364734759315703,-0.0005868729725826126
"489.3738043977,O2,10,34",-0.0033258712617644163,0.004882275541436829
"489.3738044,O2,10,34",0.0036219510914381726,0.002388356414382452
"489.4677047841,O2,3,33",-0.018458759254565492,0.03784570685374525
"489.46770480000004,O2,3,33",0.02432390553352815,0.015858452870858082
"491.2955540757,O2,16,35",-0.0007207951697799708,-0.0006821039369881849
"491.2955541,O2,16,35",0.00016778764928793686,0.00012320553452064287
"491.3894544621,O2,9,34",-0.004923507249434303,0.0075106123480630175
"491.3894545,O2,9,34",0.005392421747726163,0.0034932633784052866
"491.48335480000003,O2,2,33",0.028862296423756907,0.018374128558293998
"491.48335484849997,O2,2,33",-0.023747384774503454,0.04470304372831328
"493.3112041,O2,15,35",0.0003661470999230197,0.00025863459966529376
"493.3112041401,O2,15,35",-0.0007141653444714193,-0.0005745747426345223
"493.4051045,O2,8,34",0.0070762624214251715,0.004537814538794402
"493.4051045265,O2,8,34",-0.006635202884059474,0.010212603784717604
"493.4990049,O2,1,33",0.03006632108686481,0.01855299445153538
"493.49900491290003,O2,1,33",-0.025106694917960047,0.03786744072734413
"495.32685419999996,O2,14,35",0.0030535805921015602,0.0018323677973157333
"495.32685420449997,O2,14,35",-0.0025036443050387236,-0.00019851378710785233
"495.42075459089995,O2,7,34",-0.007825668506517707,0.014114975856357131
"495.4207546,O2,7,34",0.00964451677761068,0.006330137502733405
"497.3425042689,O2,13,35",-0.0018429728057445776,0.0001398391253014049
"497.34250430000003,O2,13,35",0.001292189667955461,0.0008724454063443306
"497.4364046553,O2,6,34",-0.018119424372911735,0.03706533799927388
"497.4364047,O2,6,34",0.02494138788160404,0.0161863134807004
"499.2642539469,O2,19,36",-0.00022131859946801453,-0.0006134162326706245
"499.3581543000001,O2,12,35",0.00205410987202053,0.0013680513044588716
"499.35815433330004,O2,12,35",-0.0022810391879066645,0.001983343960605928
"499.4520547,O2,5,34",0.026108881608365178,0.017091781982563985
"499.4520547197,O2,5,34",-0.019877238432180398,0.039752810355465636
"501.27990401129995,O2,18,36",-0.0002460232703378656,-0.0006859257304134815
"501.3738043977,O2,11,35",-0.002438361917142061,0.0034032783069922984
"501.3738044,O2,11,35",0.002572925090325242,0.0017117712156412416
"501.4677047841,O2,4,34",-0.010909982801465812,0.022572675271167388
"501.46770480000004,O2,4,34",0.015096268097992489,0.009868263950370935
"503.2955540757,O2,17,36",-0.00039815025979291624,-0.0009844211468935694
"503.3894544621,O2,10,35",-0.0037142661488624275,0.00547454145747976
"503.3894545,O2,10,35",0.004308415887130352,0.002809418829680511
"503.48335480000003,O2,3,34",0.02598616401722213,0.016810532948815845
"503.48335484849997,O2,3,34",-0.01962729277057715,0.039464855531381425
"505.3112041401,O2,16,36",-0.0004134166983541322,-0.0005394780928704414
"505.4051045,O2,9,35",0.005282762827327186,0.0034311837456703627
"505.4051045265,O2,9,35",-0.00478848998484082,0.007457793591085392
"505.4990049,O2,2,34",0.028832620855492274,0.01827737147283187
"505.49900491290003,O2,2,34",-0.02346919021015316,0.04478725181651537
"507.32685419999996,O2,15,36",0.0004224384730831458,0.0002988028299701175
"507.32685420449997,O2,15,36",-0.0007632102840616433,-0.0004537718291898394
"507.42075459089995,O2,8,35",-0.0064642976962304005,0.01017201920831011
"507.4207546,O2,8,35",0.006695726263101873,0.004351655519656571
"507.51465497730004,O2,1,34",-0.023507186399759555,0.03743306103687587
"507.514655,O2,1,34",0.030385367074017386,0.01865586367545698
"509.3425042689,O2,14,36",-0.0010905423750079805,0.00026788641834306885
"509.34250430000003,O2,14,36",0.0008378636957327583,0.0005665715405109693
"509.4364046553,O2,7,35",-0.007248864220512281,0.01396198501275581
"509.4364047,O2,7,35",0.009364416932105872,0.006175775124998972
"511.3581543000001,O2,13,36",0.0013453866279171842,0.0009011907703475385
"511.35815433330004,O2,13,36",-0.0016736104796817761,0.0007257698878573273
"511.4520547,O2,6,35",0.02435032527410698,0.015975307753371425
"511.4520547197,O2,6,35",-0.018116382673842288,0.03831627985114603
"513.2799040113,O2,19,37",-0.00014469520006426056,-0.0004315225726432331
"513.3738043976999,O2,12,36",-0.002190784674149075,0.0017369919933550694
"513.3738043999999,O2,12,36",0.002169259530931784,0.0014199088808369929
"513.4677047841001,O2,5,35",-0.01636029556375397,0.032896559344661756
"513.4677048000001,O2,5,35",0.022675591969156014,0.014730918559584779
"515.3894544620999,O2,11,36",-0.003522365968075354,0.0006361886474806728
"515.3894544999999,O2,11,36",0.0025544123183594354,0.0016875310694837676
"515.4833548,O2,4,35",0.01294977552209372,0.00853243499965985
"515.4833548485,O2,4,35",-0.009297483152662477,0.019466335301884095
"517.3112041,O2,17,37",7.930052545168764e-05,5.822993329667833e-05
"517.3112041401,O2,17,37",-0.0004373801677235762,-0.0006794992139738891
"517.4051045,O2,10,36",0.004305414496418997,0.0028091337386254244
"517.4051045265,O2,10,36",-0.003609425962064406,0.00585385806115722
"517.4990048999999,O2,3,35",0.02402082274744675,0.015594763251857127
"517.4990049129,O2,3,35",-0.017322325938922214,0.03547494181703925
"519.3268542,O2,16,37",8.244716444739855e-05,6.054049275117527e-05
"519.3268542045,O2,16,37",-0.0004011878900894068,-0.0006015559727335105
"519.4207545909001,O2,9,36",-0.00430158961238687,0.006933496736650642
"519.4207546,O2,9,36",0.004970438383089314,0.0032683595956057567
"519.5146549773,O2,2,35",-0.021185541620539317,0.041034810677142375
"519.514655,O2,2,35",0.026300030905140586,0.016687723744402846
"521.3425042689,O2,15,37",-0.0006795099213386988,-0.00020095980386450275
"521.3425043000001,O2,15,37",0.0002512274784835514,0.0001745183078303006
"521.4364046553002,O2,8,36",-0.00602174580823731,0.009223411461168195
"521.4364047,O2,8,36",0.006725558267290605,0.0043667903005529625
"521.530305,O2,1,35",0.02417402331436595,0.014883606335859043
"521.5303050417,O2,1,35",-0.018627208707763146,0.03163118329940807
"523.3581543,O2,14,37",0.0005985328709865546,0.0004181819034369022
"523.3581543333,O2,14,37",-0.0009763316660806311,0.00029203180589755225
"523.4520547000001,O2,7,36",0.009151741437122836,0.005989960857273153
"523.4520547197001,O2,7,36",-0.007007902578235115,0.013035103516516046
"525.3738043976999,O2,13,37",-0.0015944031052609043,0.0006343218037895541
"525.3738043999999,O2,13,37",0.0013152274552041562,0.000877263910483062
"525.4677047841001,O2,6,36",-0.016398510683954377,0.03434593180070605
"525.4677048000001,O2,6,36",0.022455513116945904,0.014707691011417012
"527.2955540757,O2,19,38",-2.9784051605233746e-05,-0.00018344960437037677
"527.3894544620999,O2,12,37",-0.0018858393892495448,0.0014804445359246864
"527.3894544999999,O2,12,37",0.0018208839295106478,0.0012085530175454705
"527.4833548,O2,5,36",0.019784245732825383,0.01290307070223343
"527.4833548485,O2,5,36",-0.014252953949088563,0.029071993686208362
"529.3112041401,O2,18,38",-5.764666036799952e-05,-0.00019325480545448636
"529.4051045,O2,11,37",0.002097283802075826,0.0014116387417349306
"529.4051045265,O2,11,37",-0.002008463383158958,0.002906662241763681
"529.4990048999999,O2,4,36",0.011241963845920846,0.007438879503479646
"529.4990049129,O2,4,36",-0.008306237517430265,0.017690214991578898
"531.3268542,O2,17,38",9.262652979567623e-05,6.801514391970819e-05
"531.3268542045,O2,17,38",-0.0004491378563047682,-0.0007189802281358233
"531.4207545909001,O2,10,37",-0.0033346615220332296,0.005249639950710443
"531.4207546,O2,10,37",0.004094625667061815,0.0026689753011889406
"531.5146549773,O2,3,36",-0.014983956057952148,0.031769521845721106
"531.514655,O2,3,36",0.019641905462367343,0.01284107231228645
"533.3425042689,O2,16,38",-0.0003856567441472926,-0.0002732321030265329
"533.3425043000001,O2,16,38",8.034340430291915e-05,5.883793944893528e-05
"533.4364046553002,O2,9,37",-0.004493219737684767,0.007217036124998089
"533.4364047,O2,9,37",0.004914777477219766,0.0031986349650294146
"533.530305,O2,2,36",0.022329600378755796,0.014233145429744229
"533.5303050417,O2,2,36",-0.018053398911310088,0.03503111326760635
"535.3581543,O2,15,38",0.000312307166107215,0.00022932540921909804
"535.3581543333,O2,15,38",-0.0005726977764914616,-2.6576451006790895e-05
"535.4520547000001,O2,8,37",0.0062175509861389765,0.004044295604534817
"535.4520547197001,O2,8,37",-0.005651411943548449,0.009121101193500751
"535.5459551,O2,1,36",0.019763837525761604,0.012281353469943598
"535.5459551061,O2,1,36",-0.015478493285978268,0.02589305716389684
"537.3738043976999,O2,14,38",-0.0011585115789981646,-7.438943182078419e-05
"537.3738043999999,O2,14,38",0.0005765056358620674,0.0003987396140001897
"537.4677047841001,O2,7,37",-0.007109111523369061,0.01371592195447005
"537.4677048,O2,7,37",0.008978318762804941,0.005952496800932248
"539.3894544620999,O2,13,38",-0.0015627802539287482,0.0010479483561918498
"539.3894544999999,O2,13,38",0.0012673289262649593,0.0008525309658167877
"539.4833547999999,O2,6,37",0.020998389792768708,0.013792890080396317
"539.4833548485,O2,6,37",-0.014961415835160025,0.031976667548992734
"541.3112041401,O2,19,39",-0.0001391332721297948,-0.00024995240085529824
"541.4051045,O2,12,38",0.0016736961348351356,0.0011229502652575073
"541.4051045265,O2,12,38",-0.002006448280259743,0.0011425588787437775
"541.4990048999999,O2,5,37",0.015457102102936736,0.010141999598060237
"541.4990049129,O2,5,37",-0.011830087632597156,0.024692323939873948
"543.3268542045,O2,18,39",-9.204118720872008e-05,-0.00030855910150339247
"543.4207545909001,O2,11,38",-0.0020066580297999864,0.0030546638319337216
"543.4207546,O2,11,38",0.0024605455675826334,0.0016217473938708513
"543.5146549773,O2,4,37",-0.007721494313300344,0.01645822531134018
"543.514655,O2,4,37",0.01013418709429148,0.006733253006163992
"545.3425042689,O2,17,39",-0.00020360421083331622,-0.00047855461357179636
"545.4364046553,O2,10,38",-0.003001131603548976,0.005456623258060252
"545.4364047,O2,10,38",0.003510951659044526,0.0023221784774340496
"545.530305,O2,3,37",0.018960212668800443,0.01241885701606389
"545.5303050417,O2,3,37",-0.01425169818469953,0.03033875466732893
"547.3581542999999,O2,16,39",0.0001998293209486921,0.00014449960335418682
"547.3581543333,O2,16,39",-0.00036404485954396194,-0.00011126881616083235
"547.4520547000001,O2,9,38",0.0047035347497961484,0.0030871650903804334
"547.4520547197,O2,9,38",-0.004054269621964784,0.007667401392004579
"547.5459551,O2,2,37",0.02216104181115428,0.014119357318333992
"547.5459551061,O2,2,37",-0.01775202304331584,0.03443107360850828
"549.3738043976999,O2,15,39",-0.0006985764344799427,4.653291146192125e-05
"549.3738043999999,O2,15,39",0.0003700964442088901,0.00026227817581295877
"549.4677047841001,O2,8,38",-0.0054359203602308715,0.008758352766871109
"549.4677048,O2,8,38",0.005719643939791208,0.0037170011435965025
"549.5616051705,O2,1,37",-0.01293162033010462,0.02285055093565631
"549.5616052,O2,1,37",0.016085693241380174,0.010005013970573948
"551.3894544620999,O2,14,39",-0.0010115247351550293,0.00016911955912620645
"551.3894544999999,O2,14,39",0.0005442675665747282,0.0003806327483686942
"551.4833547999999,O2,7,38",0.00979566552667678,0.00650289335534031
"551.4833548485,O2,7,38",-0.008298422951918471,0.01534650437785292
"553.4051045,O2,13,39",0.001279866704765848,0.0008325514026819947
"553.4051045265,O2,13,39",-0.0016010685019354324,0.0010803110124068356
"553.4990048999999,O2,6,38",0.018156789716137916,0.01199321546582597
"553.4990049129,O2,6,38",-0.014159067313975076,0.030342994590005064
"555.3268542045,O2,19,40",-4.651661767632289e-05,-0.00015594242306582492
"555.4207545909001,O2,12,39",-0.002006704157512282,0.0015884804836073959
"555.4207546,O2,12,39",0.001646820810830636,0.0011009486922913825
"555.5146549773,O2,5,38",-0.009904862299947064,0.020584295580919024
"555.514655,O2,5,38",0.012553134750312115,0.008248093746486324
"557.3425042689,O2,18,40",-0.00019202498289793693,-9.671445990610717e-05
"557.3425043,O2,18,40",0.00011151403562045624,8.188413404370939e-05
"557.4364046553,O2,11,39",-0.0020210255414988528,0.0032657010574820918
"557.4364047,O2,11,39",0.002098812490256641,0.0014076231637911844
"557.530305,O2,4,38",0.008249271625694067,0.005522382481257018
"557.5303050417,O2,4,38",-0.006669492039622917,0.014140506220714192
"559.3581543333,O2,17,40",-0.00023275209328698287,-0.0006134134943980067
"559.4520547000001,O2,10,39",0.0037799407978289026,0.0024854834145046963
"559.4520547197,O2,10,39",-0.0031498663118883627,0.005853080103156236
"559.5459551,O2,3,38",0.015076304082041539,0.0099058243007325
"559.5459551061,O2,3,38",-0.012112588074830049,0.02559079902531645
"561.3738043976999,O2,16,40",-0.00038667261385029033,-0.0005189882758136156
"561.3738043999999,O2,16,40",0.00011653481917554988,8.557086738935759e-05
"561.4677047841001,O2,9,39",-0.0042177402760576735,0.007055662066602528
"561.4677048,O2,9,39",0.004501645281839394,0.0029552524416684095
"561.5616051705,O2,2,38",-0.015122877412412415,0.02917205266319781
"561.5616052,O2,2,38",0.017417366554435914,0.011167989896107707
"563.3894544620999,O2,15,40",-0.0006035237758887149,0.00013260106181125857
"563.3894544999999,O2,15,40",0.0003887952684622106,0.00028098475147665057
"563.4833547999999,O2,8,39",0.0052864681605909606,0.0034820387811064237
"563.4833548485,O2,8,39",-0.004910637066663909,0.008107649404628854
"563.5772552,O2,1,38",0.012613174083359322,0.007797332232291834
"563.5772552349,O2,1,38",-0.010075046327272002,0.01811631996779615
"565.4051045,O2,14,40",0.0007132977835166669,0.0004874094623684167
"565.4051045265,O2,14,40",-0.0009148583919447774,0.0005072813555050045
"565.4990048999999,O2,7,39",0.010946134308406722,0.007284211251488908
"565.4990049129,O2,7,39",-0.008468699484518503,0.01674759395812154
"567.4207545909001,O2,13,40",-0.001583522181876588,0.0005748009448160095
"567.4207546,O2,13,40",0.0012118464842179593,0.0008113508793908836
"567.5146549773,O2,6,39",-0.011813649404839803,0.025346275527639815
"567.514655,O2,6,39",0.015780070616001958,0.010435288902722118
"569.4364046553,O2,12,40",-0.0018591118177501461,0.0018456308622363093
"569.4364047,O2,12,40",0.0016773659994277538,0.0010882253837240004
"569.530305,O2,5,39",0.010277872474835732,0.006685806675611843
"569.5303050417,O2,5,39",-0.0079947451181507,0.01649818783739765
"571.3581543333,O2,18,41",-0.00020649008748427732,-0.000463807378281031
"571.4520547000001,O2,11,40",0.001994283903995268,0.0013166881053354948
"571.4520547197,O2,11,40",-0.0018277591282736777,0.00260462074424159
"571.5459551,O2,4,39",0.008205473345827994,0.005465838950622094
"571.5459551061,O2,4,39",-0.006540615414116324,0.014004668379038585
"573.3738043976999,O2,17,41",-0.00010598041805907511,-0.00019039342302538506
"573.4677047841001,O2,10,40",-0.00292803636864162,0.005550626323599245
"573.4677048,O2,10,40",0.0033801292292986143,0.002227618115931972
"573.5616051705,O2,3,39",-0.011468631853740875,0.024422701320742396
"573.5616052,O2,3,39",0.014578236594212392,0.009501503653206057
"575.3894544620999,O2,16,41",-0.00015292068743193656,0.0003416009731034819
"575.3894544999999,O2,16,41",0.00017414230208347603,0.0001278717206057935
"575.4833547999999,O2,9,40",0.004503973375771958,0.0029655544930371047
"575.4833548485,O2,9,40",-0.004181871173841096,0.0074451956447032916
"575.5772552,O2,2,39",0.0155783569170594,0.009919343243117017
"575.5772552349,O2,2,39",-0.013024704012599501,0.025339849659288868
"577.4051045,O2,15,41",0.00022701389265445925,0.0001666950345082126
"577.4051045265,O2,15,41",-0.0003099450297324892,0.0002061000804647907
"577.4990048999999,O2,8,40",0.005272933360175878,0.003438222941802359
"577.4990049129,O2,8,40",-0.004888587382497791,0.008306826564448234
"577.5929052993,O2,1,39",-0.01029228623175462,0.018826537004009568
"577.5929053,O2,1,39",0.012311168586775082,0.007600056249666282
"579.4207545909001,O2,14,41",-0.0008103136212023785,0.0001839256780490134
"579.4207546,O2,14,41",0.00036577214480839086,0.0002685844447140709
"579.5146549773,O2,7,40",-0.008088824988597771,0.016051628894981292
"579.514655,O2,7,40",0.010522522737893402,0.006972307858666947
"581.4364046553,O2,13,41",-0.0013706644965516413,0.0008840741092090776
"581.4364047,O2,13,41",0.0011149939577571031,0.0007379332746224707
"581.530305,O2,6,40",0.013139124454631765,0.008645351704928151
"581.5303050417,O2,6,40",-0.009690902717838646,0.020773837982319066
"583.4520547000001,O2,12,41",0.001516007350139,0.0010272133095385475
"583.4520547197,O2,12,41",-0.0018148475418839967,0.0016725886199073826
"583.5459551,O2,5,40",0.0075441266873402,0.004986760685417717
"583.5459551061,O2,5,40",-0.0063947445560399,0.013340731523195828
"585.3738043976999,O2,18,42",-8.283179752978284e-05,-0.0002807081149243886
"585.4677047841001,O2,11,41",-0.002036014650031068,0.00311712703380411
"585.4677048,O2,11,41",0.002259803478407449,0.001452395168974827
"585.5616051705,O2,4,40",-0.00593921698079999,0.012798275072445417
"585.5616052,O2,4,40",0.007753443114170963,0.005163517149123496
"587.4833547999999,O2,10,41",0.0037161061407255244,0.002394924472402402
"587.4833548485,O2,10,41",-0.003070169431657458,0.00538515926363178
"587.5772552,O2,3,40",0.012944104186660563,0.00856008132799633
"587.5772552349,O2,3,40",-0.01076686602155091,0.022844919377572593
"589.4051045,O2,16,42",0.00019094129414122283,0.00014020712672576898
"589.4051045265,O2,16,42",-0.00039891607073757723,-8.526035258666865e-05
"589.4990048999999,O2,9,41",0.004271569694557786,0.002768206082084681
"589.4990049129,O2,9,41",-0.0037874199975130463,0.007277683658517566
"589.5929052993,O2,2,40",-0.012094028704683808,0.02460006868516127
"589.5929053,O2,2,40",0.014183506420143287,0.009117189385118945
"591.4207545909001,O2,15,42",-0.00026920789756722864,0.0005985282220406505
"591.4207546,O2,15,42",0.00022553071740015116,0.00016560594719594425
"591.5146549773,O2,8,41",-0.004654104732092958,0.008184784364593618
"591.514655,O2,8,41",0.00549107346642614,0.003504025301848737
"591.6085553637,O2,1,40",-0.008982377122304225,0.01697566097261152
"591.6085554,O2,1,40",0.011654090477332464,0.007254174449651871
"593.4364046553,O2,14,42",-0.000878243312285909,0.0006340697311276263
"593.4364047,O2,14,42",0.0006661473318745781,0.0004453787390376758
"593.530305,O2,7,41",0.012246363337199466,0.008095381616028003
"593.5303050417,O2,7,41",-0.009834796329891982,0.019708244782074454
"595.4520547000001,O2,13,42",0.0009584036687619688,0.00063270242952369
"595.4520547197,O2,13,42",-0.0012852776472832457,0.0007894687086199522
"595.5459551,O2,6,41",0.013092382887913217,0.008617880721311328
"595.5459551061,O2,6,41",-0.010430988394402058,0.022101463696515635
"597.4677047841001,O2,12,42",-0.001272713862211973,0.0016646855663259446
"597.4677048,O2,12,42",0.0012912994374645206,0.0008536213254587351
"597.5616051705,O2,5,41",-0.0074365719948425325,0.015394996693561067
"597.5616052,O2,5,41",0.009244835050368298,0.005965083211275446
"599.4833547999999,O2,11,42",0.0021797275373134604,0.001462617965392241
"599.4833548485,O2,11,42",-0.0018932453244452471,0.0031179708660746507
"599.5772552,O2,4,41",0.009394260200795377,0.006132245271494683
"599.5772552349,O2,4,41",-0.007108759707867876,0.014915485832981986
"601.4990048999999,O2,10,42",0.0030703316434712758,0.002066392648865565
"601.4990049129,O2,10,42",-0.0025479222815716464,0.005049013627584429
"601.5929052993,O2,3,41",-0.013127913826740629,0.02737404127866617
"601.5929053,O2,3,41",0.017188803964035514,0.011159335678881417
"603.4207545909001,O2,16,43",-0.0004020000904773491,-5.6976269677161344e-05
"603.4207546,O2,16,43",0.00022627488690007467,0.0001661523867068446
"603.5146549773,O2,9,42",-0.0037149976060914746,0.006940464961902855
"603.514655,O2,9,42",0.00454492957932962,0.0029596045628808073
"603.6085553637,O2,2,41",-0.011462039264585215,0.023730215043803893
"603.6085554,O2,2,41",0.014087738477699355,0.009096219193459256
"605.4364046553,O2,15,43",-0.0006044240123343971,-3.6899164329398166e-05
"605.4364047,O2,15,43",0.0003173282447334823,0.0002330123592338624
"605.530305,O2,8,42",0.004938187727488596,0.0032636900590955757
"605.5303050417,O2,8,42",-0.004520123445612637,0.007765628092534371
"605.6242053999999,O2,1,41",0.009879306932248127,0.006219788945781042
"605.6242054281,O2,1,41",-0.007600800869936424,0.013779063917642585
"607.4520547000001,O2,14,43",0.000597596322942383,0.00040928265263517584
"607.4520547197,O2,14,43",-0.0006738254720321525,-1.0898625737987197e-05
"607.5459551,O2,7,42",0.011324172129117675,0.007543430002469743
"607.5459551061,O2,7,42",-0.008609600921510516,0.016844142087408507
"609.4677047841001,O2,13,43",-0.001520747235021517,0.000784669743844761
"609.4677048,O2,13,43",0.0012221305295326914,0.0008094826225301172
"609.5616051705,O2,6,42",-0.008298348361099278,0.017800339436906076
"609.5616052,O2,6,42",0.01149777035969469,0.007581399693082904
"611.3894544620999,O2,19,44",-0.00027650265602162556,-1.049626258040337e-05
"611.4833547999999,O2,12,43",0.001377837188188812,0.0009188948503596196
"611.4833548485,O2,12,43",-0.001547355340838485,0.0011910261873540036
"611.5772552,O2,5,42",0.006997440698917075,0.0046496574764688554
"611.5772552349,O2,5,42",-0.005727942209373394,0.012034422166993549
"613.4051045,O2,18,44",0.0005677995011621322,0.000316510051142407
"613.4051045265,O2,18,44",-0.0017950099283081042,-0.0013318626301486126
"613.4990048999999,O2,11,43",0.0015038249425319288,0.0010371188177737175
"613.4990049129,O2,11,43",-0.001326587707673485,0.002272988245952872
"613.5929052993,O2,4,42",-0.006179056713442506,0.01333822343924495
"613.5929053,O2,4,42",0.007730652074588427,0.005226227845821366
"615.5146549773,O2,10,43",-0.0027157654228097566,0.004721628524631431
"615.514655,O2,10,43",0.0032333206841064863,0.0021716854956138664
"615.6085553637,O2,3,42",-0.010123228539783738,0.02170836545363407
"615.6085554,O2,3,42",0.012561292407233474,0.008404468396930745
"617.4364046553,O2,16,44",-7.243245665794239e-05,-0.00024597788530150987
"617.530305,O2,9,43",0.003286975300479328,0.0021940215236395423
"617.5303050417,O2,9,43",-0.002948926216978963,0.005396365709868923
"617.6242053999999,O2,2,42",0.01088386355302108,0.0071567665342707545
"617.6242054281,O2,2,42",-0.00955064229997434,0.019742142762982105
"619.4520547000001,O2,15,44",0.0002810880457936175,0.00020640138339345237
"619.4520547197,O2,15,44",-0.0004029878998875862,0.00027085729958969853
"619.5459551,O2,8,43",0.005131936996122367,0.0033784859848229685
"619.5459551061,O2,8,43",-0.004178118077450106,0.0071607819383433784
"619.6398554925,O2,1,42",-0.005491193159947221,0.010872154436667503
"619.6398555,O2,1,42",0.006637519258327281,0.004230428936297483
"621.4677047841001,O2,14,44",-0.0007258081254368681,0.0002910027324344259
"621.4677048,O2,14,44",0.00034041623625063306,0.00024996574256064784
"621.5616051705,O2,7,43",-0.007532374643228679,0.014369832357014787
"621.5616052,O2,7,43",0.009899536335530253,0.006630439191276086
"623.4833547999999,O2,13,44",0.0008849056438471189,0.0006216403242809632
"623.4833548485,O2,13,44",-0.001112474191299307,0.0006505757963158178
"623.5772552,O2,6,43",0.008921609420925842,0.005929955900074885
"623.5772552349,O2,6,43",-0.006595237024234882,0.014134885800867582
"625.4990048999999,O2,12,44",0.0010951434071542322,0.0007556160934074055
"625.4990049129,O2,12,44",-0.0010300691744136816,0.0014276516751374252
"625.5929052993,O2,5,43",-0.004869423920851454,0.010391212065874064
"625.5929053,O2,5,43",0.006232322307539845,0.0041798841615419075
"627.5146549773,O2,11,44",-0.0013368506395013623,0.0025897072723776978
"627.514655,O2,11,44",0.00182039337012326,0.0012506742299834863
"627.6085553637,O2,4,43",-0.0052547242641753835,0.011502480618202277
"627.6085554,O2,4,43",0.007261433716357595,0.004913260704308417
"629.4364046553,O2,17,45",-2.899239922499587e-05,-0.00010071648531568494
"629.530305,O2,10,44",0.0031385520353554358,0.0020808787184828435
"629.5303050417,O2,10,44",-0.0023734806227711,0.004504436316669694
"629.6242053999999,O2,3,43",0.010952234400046536,0.007337571735425379
"629.6242054281,O2,3,43",-0.008352550773984184,0.01806725156207136
"631.4520547000001,O2,16,45",0.00023534581738456875,0.00017281312034060463
"631.4520547197,O2,16,45",-0.00039105385755446633,9.508961226857075e-05
"631.5459551,O2,9,44",0.0030641176994871113,0.0020397601740718366
"631.5459551061,O2,9,44",-0.0024206967576280844,0.004869689964108999
"631.6398554925,O2,2,43",-0.0075665425460429815,0.01605475615510023
"631.6398555,O2,2,43",0.008765833267140269,0.005825492828069336
"633.4677047841001,O2,15,45",-0.00030669631023681526,0.00027626346422039445
"633.4677048,O2,15,45",0.0007838676535052134,0.0005018477539211938
"633.5616051705,O2,8,44",-0.003131053906832292,0.005615933071152045
"633.5616052,O2,8,44",0.0037206540438177453,0.002570209483206301
"633.6555055569,O2,1,43",-0.0039047423851643805,0.007188130541308137
"633.6555056,O2,1,43",0.0047105924052523755,0.003086046601813554
"635.4833547999999,O2,14,45",0.0010571889639841463,0.0007128478255327815
"635.4833548485,O2,14,45",-0.0007154915783850026,0.0008086565880454098
"635.5772552,O2,7,44",0.0071953800982999805,0.004952268909979845
"635.5772552349,O2,7,44",-0.00511733059198464,0.010964373611804112
"637.4990048999999,O2,13,45",0.0020151359797908742,0.001323196778872852
"637.4990049129,O2,13,45",-0.0011810597232665473,-0.00014767375332160482
"637.5929052993,O2,6,44",-0.005254230158086873,0.011440984020080733
"637.5929053,O2,6,44",0.007166517989053781,0.004815116294879168
"639.5146549773,O2,12,45",-0.0010961854843276537,0.0013322248398121
"639.514655,O2,12,45",0.0009925606044502886,0.0006998093455904115
"639.6085553637,O2,5,44",-0.004276051967289984,0.008982881154701592
"639.6085554,O2,5,44",0.005693218167191084,0.0037851234003208867
"641.530305,O2,11,45",0.0016058260348355512,0.00107740967313959
"641.5303050417,O2,11,45",-0.001154185291334435,0.0021898456350520233
"641.6242053999999,O2,4,44",0.006816497289724435,0.004592709008289263
"641.6242054281,O2,4,44",-0.0050301114177709275,0.010903811486625335
"643.5459551,O2,10,45",0.002156174666700809,0.001472968807139478
"643.5459551061,O2,10,45",-0.0015149197216900094,0.0032023758234199532
"643.6398554925,O2,3,44",-0.007653468763143359,0.016557875190970205
"643.6398555,O2,3,44",0.01044150543211985,0.006968176522350226
"645.4677047841001,O2,16,46",-0.0001578854873479381,-0.0002836406850692828
"645.5616051705,O2,9,45",-0.0019987039866183926,0.0033638501583357536
"645.5616052,O2,9,45",0.0023645831897839233,0.0016280319109797622
"645.6555055569,O2,2,44",-0.007497305111131896,0.015666136429650285
"645.6555056,O2,2,44",0.0086247733580085,0.005702519893234933
"647.4833547999999,O2,15,46",0.00021061560725051722,0.0001546538650479525
"647.4833548485,O2,15,46",-0.00032846891021149255,0.00015531514836299206
"647.5772552,O2,8,45",0.0038545454240989825,0.00257430971590655
"647.5772552349,O2,8,45",-0.00315748059678166,0.005440642507205703
"647.6711556,O2,1,44",0.0051787365342547695,0.003360132285403225
"647.6711556212999,O2,1,44",-0.004213779448019485,0.008009274045702066
"649.4990048999999,O2,14,46",0.0004254676582739964,0.0002981513377707628
"649.4990049129,O2,14,46",-0.0006195212051610075,0.00035122070069682057
"649.5929052993,O2,7,45",-0.004127147519423832,0.007974294116935409
"649.5929053,O2,7,45",0.005906037402883423,0.004021544557816231
"651.5146549773,O2,13,46",-0.0007701631233684273,0.000531229014672199
"651.514655,O2,13,46",0.0006665512910726448,0.00046104915822133127
"651.6085553637,O2,6,45",-0.0045043979236880855,0.009687019147088721
"651.6085554,O2,6,45",0.005997025657929283,0.004039282613257719
"653.530305,O2,12,46",0.000867660191747122,0.000592549817813627
"653.5303050417,O2,12,46",-0.0011762254182971466,0.0008799055567035779
"653.6242053999999,O2,5,45",0.0052057382233637985,0.003454744049325563
"653.6242054281,O2,5,45",-0.003745122273583095,0.008022216026768253
"655.5459551,O2,11,46",0.0013556546089566724,0.0009352110809376929
"655.5459551061,O2,11,46",-0.0011268602372082597,0.0020916812101575456
"655.6398554925,O2,4,45",-0.004597651292983921,0.00998654365137063
"655.6398555,O2,4,45",0.006469728505561674,0.0043473356719012386
"657.5616051705,O2,10,46",-0.0015541106412510612,0.0033993962310746024
"657.5616052,O2,10,46",0.0021034089295657935,0.0014287678642538762
"657.6555055569,O2,3,45",-0.007659466989683581,0.016283008288333074
"657.6555056,O2,3,45",0.009935260209589188,0.006604956050672635
"659.5772552,O2,9,46",0.002185586971385102,0.0014907560318434966
"659.5772552349,O2,9,46",-0.0015988777333565633,0.0030976157200205763
"659.6711556,O2,2,45",0.00910825816889249,0.005954321702174291
"659.6711556212999,O2,2,45",-0.007628968905462265,0.015580239725858607
"661.4990048999999,O2,15,47",0.000180014218438938,0.0001321834360169421
"661.4990049129,O2,15,47",-0.0004327729035547534,-0.0002991178338440071
"661.5929052993,O2,8,46",-0.002569932620414217,0.0046823536908841895
"661.5929053,O2,8,46",0.0032807590005507464,0.0022491268487917038
"661.6868056857,O2,1,45",-0.005019979545012158,0.009626278607954817
"661.6868057,O2,1,45",0.005853991716140086,0.003778651181169002
"663.5146549773,O2,14,47",-0.0002799966585856416,0.00024947996821517854
"663.514655,O2,14,47",0.00024220666477848957,0.00017785100229449015
"663.6085553637,O2,7,46",-0.0035700752978824737,0.0064398357641448165
"663.6085554,O2,7,46",0.004515140885356528,0.003100893073376042
"665.530305,O2,13,47",0.00048398607185423317,0.0003422173131074067
"665.5303050417,O2,13,47",-0.0006853558821068639,0.0003493166800639621
"665.6242053999999,O2,6,46",0.004955240744750734,0.003359334541236897
"665.6242054281,O2,6,46",-0.0038275955102114122,0.008215614245492796
"667.5459551,O2,12,47",0.0010377210367287588,0.0007079542605875664
"667.5459551061,O2,12,47",-0.0008606493555413852,0.0013183237580590347
"667.6398554925,O2,5,46",-0.0035533163868617357,0.007600571492720308
"667.6398555,O2,5,46",0.0045346361558028445,0.003060917017798478
"669.5616051705,O2,11,47",-0.0009288782296258959,0.002075968982855251
"669.5616052,O2,11,47",0.00114029878389808,0.0007939628816185653
"669.6555055569,O2,4,46",-0.0039761762254806625,0.008758337907956645
"669.6555056,O2,4,46",0.00560792511982314,0.0037922658485662567
"671.5772552,O2,10,47",0.0014911412965156526,0.0010262098983112335
"671.5772552349,O2,10,47",-0.0011716605965268316,0.0025770893531330335
"671.6711556,O2,3,46",0.00805178556890982,0.005428086304319706
"671.6711556212999,O2,3,46",-0.006232711650211282,0.013546995851640773
"673.4990049129,O2,16,48",-7.60683679842728e-05,-0.00025501178320125925
"673.5929052993,O2,9,47",-0.0014405708568669378,0.003187041402232437
"673.5929053,O2,9,47",0.001830484772421412,0.0012670858815216307
"673.6868056857,O2,2,46",-0.006281112249771559,0.013164598536983083
"673.6868057,O2,2,46",0.007381546519813129,0.004868151028036862
"675.5146549773,O2,15,48",-0.0001972471015766309,0.0004406192711526265
"675.514655,O2,15,48",0.00022462012775829415,0.00016493730630354208
"675.6085553637,O2,8,47",-0.0021978143981012375,0.0036615629467421844
"675.6085554,O2,8,47",0.0026819028396396034,0.001844617665402023
"675.7024557501001,O2,1,46",-0.002901259448875515,0.005862623854713816
"675.7024557999999,O2,1,46",0.003655609028555745,0.0024016335903267023
"677.6242053999999,O2,7,47",0.0038733227235905575,0.0026650707284936394
"677.6242054281,O2,7,47",-0.002866381157816867,0.005838489140409694
"679.5459551,O2,13,48",0.0004939038512503913,0.0003626708417058889
"679.5459551061,O2,13,48",-0.00044777589956211135,0.0009982063965657487
"679.6398554925,O2,6,47",-0.003105612532311743,0.0068100515003070355
"679.6398555,O2,6,47",0.004081807998201916,0.002767106712014483
"681.5616051705,O2,12,48",-0.0008642740272697686,0.0010011069414276282
"681.5616052,O2,12,48",0.0005646232643658293,0.0004145997121015964
"681.6555055569,O2,5,47",-0.0028609389015379666,0.006179500755971289
"681.6555056,O2,5,47",0.003786126950134756,0.0025505173200809977
"683.5772552,O2,11,48",0.0008499294812475463,0.0005960605803222082
"683.5772552349,O2,11,48",-0.0005484990182334207,0.001225261287543169
"683.6711556,O2,4,47",0.004426670596643789,0.0030285037879251666
"683.6711556212999,O2,4,47",-0.003040779095011551,0.006761331766730438
"685.5929052993,O2,10,48",-0.0009629991056926499,0.002151379062557185
"685.5929053,O2,10,48",0.0014715992158274053,0.0010087298738801014
"685.6868056857,O2,3,47",-0.004646845739481466,0.010231850280598241
"685.6868057,O2,3,47",0.0064679692225384396,0.004382078618809415
"687.6085553636999,O2,9,48",-0.001199392681277337,0.002682556306007044
"687.6085554,O2,9,48",0.0014478804739704008,0.0010061205547340934
"687.7024557501,O2,2,47",-0.004256143188555196,0.009106696189509331
"687.7024557999999,O2,2,47",0.005098779831113067,0.0034399546977704654
"689.6242053999999,O2,8,48",0.002366296029046899,0.0016361678707533516
"689.6242054281,O2,8,48",-0.0020336619618684386,0.0036332379180325854
"689.7181057999999,O2,1,47",0.0027339243209937875,0.0017989313365655215
"689.7181058145,O2,1,47",-0.002083841363498625,0.004259005161572402
"691.5459551061,O2,14,49",-6.83464749259647e-05,-0.00022912488999361598
"691.6398554925,O2,7,48",-0.0021696005014853305,0.004852244762164135
"691.6398555,O2,7,48",0.003040805110188462,0.0020974270980435635
"693.5616051705,O2,13,49",-0.0003151195538226978,0.0007039279513942834
"693.5616052,O2,13,49",0.000358850365217113,0.00026350182058770274
"693.6555055569,O2,6,48",-0.0026078180737230867,0.005758372339476239
"693.6555056,O2,6,48",0.0034348836572107404,0.0023525023316951126
"695.5772552,O2,12,49",0.0004192636799151944,0.0003078629804294961
"695.5772552349,O2,12,49",-0.0004968765510684193,0.0011147325307606485
"695.6711556,O2,5,48",0.00298546334525772,0.002023467258532463
"695.6711556213,O2,5,48",-0.0021820793325694455,0.004846524604649323
"697.4990049129,O2,18,50",-8.725857400057928e-07,-2.499309625203047e-05
"697.5929052992999,O2,11,49",-0.0006072162053587722,0.0013521754338346186
"697.5929053,O2,11,49",0.0006583628026284804,0.00048343213192737744
"697.6868056857,O2,4,48",-0.002575329803034854,0.005734656359847484
"697.6868057,O2,4,48",0.0034960954096125265,0.0024025890132946715
"699.6085553636999,O2,10,49",-0.0006915798998715607,0.0015448816686760172
"699.6085554,O2,10,49",0.0007875541096550269,0.0005782965877152477
"699.7024557501,O2,3,48",-0.003784383341920857,0.008399980013372142
"699.7024557999999,O2,3,48",0.005065175599332399,0.003463966968611988
"701.6242053999999,O2,9,49",0.0012441626249567435,0.0008652332488293665
"701.6242054281,O2,9,49",-0.0009656491536116259,0.0021581755665646377
"701.7181057999999,O2,2,48",0.004229609516232436,0.0028242509280542527
"701.7181058145,O2,2,48",-0.003330574250528652,0.007265299678396893
"703.6398554925,O2,8,49",-0.0011838694776686617,0.002317808222022593
"703.6398555,O2,8,49",0.0020118496683855986,0.0013820016246548976
"703.7337558789,O2,1,48",-0.0012883448295331547,0.002608701838246967
"703.7337558999999,O2,1,48",0.0011328972779127173,0.0008318801489535659
"705.5616051705,O2,14,50",-0.00018184647755661537,0.00040621667827924753
"705.5616052,O2,14,50",0.00020708227748174953,0.00015205936071675656
"705.6555055569,O2,7,49",-0.0018898107346576633,0.0036642095663327718
"705.6555056,O2,7,49",0.002486054356258054,0.0017248269151884513
"707.5772552,O2,13,50",0.0002703850766477133,0.00019854225287833243
"707.5772552349,O2,13,50",-0.00023743496725158164,0.0005303926971818908
"707.6711556,O2,6,49",0.002582312720319328,0.001797943221594494
"707.6711556213,O2,6,49",-0.0020040053226922316,0.004472222840658051
"709.5929052992999,O2,12,50",-0.0002763239008279331,0.0006172645114258017
"709.5929053,O2,12,50",0.0003146708337436686,0.00023106103717392238
"709.6868056857,O2,5,49",-0.001864149178371019,0.004161596054362181
"709.6868057,O2,5,49",0.002459754122575542,0.001725054664083804
"711.6085553636999,O2,11,50",-0.0006620157109352334,0.0014839840389930892
"711.6085554,O2,11,50",0.0005964105442242731,0.000437940934310366
"711.7024557501,O2,4,49",-0.0019157596002979678,0.0042893573785062495
"711.7024557999999,O2,4,49",0.0028269181095789495,0.0019579694470644626
"713.6242053999999,O2,10,50",0.0008314585130298258,0.0005856405475029954
"713.6242054281,O2,10,50",-0.0006949319209337951,0.0015499761943117817
"713.7181057999999,O2,3,49",0.004372722225197157,0.00298265734110318
"713.7181058145,O2,3,49",-0.0033279371257680106,0.007364446346729886
"715.6398554925,O2,9,50",-0.0008858283113261184,0.0019855000085432263
"715.6398555,O2,9,50",0.0012338862162470999,0.0008525065111440309
"715.7337558789,O2,2,49",-0.0025295256940449104,0.005557082239046718
"715.7337558999999,O2,2,49",0.0032999460192652164,0.0022519513800008254
"717.6555055569,O2,8,50",-0.0013132417185306505,0.0021350106541381856
"717.6555056,O2,8,50",0.0015366609922550377,0.001062396192147666
"717.7494058999999,O2,1,49",0.0013029565806617358,0.0009251643325018709
"717.7494059433,O2,1,49",-0.0011594003942564446,0.002389996685699815
"719.6711556,O2,7,50",0.0022610667702258245,0.001559348814162675
"719.6711556213,O2,7,50",-0.0015930508768991671,0.003562036585952379
"721.5929052992999,O2,13,51",-0.000311293833233187,0.0006951853408681687
"721.5929053,O2,13,51",0.0002752314731391848,0.00020210093477634287
"721.6868056857,O2,6,50",-0.001747110038867458,0.0039049614996698925
"721.6868057,O2,6,50",0.0024940199499097556,0.0016935361911059037
"723.6085553636999,O2,12,51",-0.00043969753999021613,0.0005951883358745679
"723.6085554,O2,12,51",0.00036052932019513213,0.00026473466785852876
"723.7024557501,O2,5,50",-0.0017053670688153078,0.003719586515579185
"723.7024557999999,O2,5,50",0.0021233004250926645,0.0014807308994062877
"725.6242053999999,O2,11,51",0.0003398458636719845,0.00024954692115915293
"725.6242054281,O2,11,51",-0.0004223969337187713,0.0006587250078039607
"725.7181057999999,O2,4,50",0.002650976414384576,0.0018566914294407438
"725.7181058145,O2,4,50",-0.0020621113972856217,0.004608244154781979
"727.6398554925,O2,10,51",-0.0006713468173914343,0.0015028912266689429
"727.6398555,O2,10,51",0.0008695585142818153,0.0006132227925923941
"727.7337558789,O2,3,50",-0.00287334473987719,0.006371508425971588
"727.7337558999999,O2,3,50",0.003759252615039592,0.002581280443756702
"729.5616051705,O2,16,52",-6.605464673988024e-05,0.00015001297772835977
"729.6555055569,O2,9,51",-0.0005416949771448282,0.0012100621206028964
"729.6555056,O2,9,51",0.0006168688614419325,0.00045296336247412837
"729.7494058999999,O2,2,50",0.0031342124529403805,0.0021206174830185583
"729.7494059433,O2,2,50",-0.0024362183305281135,0.005248079699682656
"731.6711556,O2,8,51",0.0008946327829288942,0.0006569238599397271
"731.6711556213,O2,8,51",-0.0008177969602271856,0.0018221264015058905
"731.765056,O2,1,50",0.0010815457403523146,0.0007617985609214813
"731.7650560077001,O2,1,50",-0.0009487264454553689,0.002024390029702524
"733.6868056857,O2,7,51",-0.0014604477432359868,0.0032722393076008156
"733.6868057,O2,7,51",0.0018644744280828863,0.0013065823135083054
"735.6085553636999,O2,13,52",-0.00016978529835741488,0.0003792738844662377
"735.6085554,O2,13,52",0.00019334730449109403,0.00014197384669875927
"735.7024557501,O2,6,51",-0.001540819131027314,0.0033980302110231757
"735.7024557999999,O2,6,51",0.0019327189872455743,0.0013429101861597407
"737.6242053999999,O2,12,52",0.00023440734351680255,0.0001721240042167273
"737.6242054281,O2,12,52",-0.0002208554377664081,0.0004911621958108571
"737.7181057999999,O2,5,51",0.002086761940641829,0.0014459255537869855
"737.7181058145,O2,5,51",-0.0015703899733682752,0.0034297839440091526
"739.6398554925,O2,11,52",-0.0004964400755107191,0.001112343772917512
"739.6398555,O2,11,52",0.00046204501663233945,0.0003392770772364557
"739.7337558789,O2,4,51",-0.0018582691713325448,0.004124280356148571
"739.7337558999999,O2,4,51",0.002406086529668738,0.0016707211450704505
"741.6555055569,O2,10,52",-0.0004107145302839732,0.0009174722241239668
"741.6555056,O2,10,52",0.00046771156345094724,0.0003434379909427723
"741.7494058999999,O2,3,51",0.003035550652654343,0.002118755613916171
"741.7494059433,O2,3,51",-0.002327059847917465,0.005214630905175139
"743.6711556,O2,9,52",0.000988061533910355,0.0006858735273477392
"743.6711556213,O2,9,52",-0.0007972048504169155,0.0017843527307751202
"743.765056,O2,2,51",0.002339614320741632,0.0016431340192613355
"743.7650560077001,O2,2,51",-0.0019868413912659086,0.0043755580739427286
"745.6868056857,O2,8,52",-0.0009259806114857111,0.0020618972317883303
"745.6868057,O2,8,52",0.0012454280441204584,0.0008625785838269364
"745.7807060721001,O2,1,51",-0.0008138118392214053,0.0017301271994336126
"745.7807061000001,O2,1,51",0.0007867963820129711,0.0005777401925362418
"747.7024557501,O2,7,52",-0.0014238119071307736,0.003189770484130492
"747.7024557999999,O2,7,52",0.0013398667095853676,0.0009838566476224452
"749.6242053999999,O2,13,53",0.00032620870677539096,0.0002395332329531553
"749.6242054281,O2,13,53",-0.00028645572666464243,0.0006398974306420153
"749.7181057999999,O2,6,52",0.0012396199667304045,0.00091024602377847
"749.7181058145,O2,6,52",-0.0012897672844488636,0.0028886239899881946
"751.7337558789,O2,5,52",-0.001225641501964177,0.002745299019706075
"751.7337558999999,O2,5,52",0.0011689819932588915,0.0008583769540588171
"753.6555055569,O2,11,53",-0.0003070663302790191,0.000685938305615553
"753.6555056,O2,11,53",0.00034967955314034135,0.0002567677444581299
"753.7494058999999,O2,4,52",0.001483284578177856,0.001089167588175799
"753.7494059433,O2,4,52",-0.0015285747192612757,0.003418581797045727
"755.765056,O2,3,52",0.0020426310847454572,0.0014998926064734967
"755.7650560077001,O2,3,52",-0.0021369866015683095,0.004786464627910043
"757.6868056857,O2,9,53",-0.0006265655369635903,0.0013996497186499583
"757.6868057,O2,9,53",0.0008157183102969703,0.0005862595047288103
"757.7807060721001,O2,2,52",-0.001783298314141798,0.003961450144559298
"757.7807061000001,O2,2,52",0.0021505570701400955,0.0014832575149346281
"759.7024557501,O2,8,53",-0.0007802430926700147,0.001742941417471577
"759.7024557999999,O2,8,53",0.0011953531968732418,0.0008395590174169653
"759.7963561,O2,1,52",0.0006783180045802627,0.0004980851253590787
"759.7963561365,O2,1,52",-0.0005946767306720489,0.001334358085879563
"761.7181057999999,O2,7,53",0.0014126453558776376,0.0009937776990236729
"761.7181058145,O2,7,53",-0.0009333884308359399,0.0020850442252883833
"763.7337558789,O2,6,53",-0.0011226323123875173,0.0025139549772071625
"763.7337558999999,O2,6,53",0.0010895631442665735,0.0008000601364465672
"765.7494058999999,O2,5,53",0.0008843783219669245,0.0006493940664811366
"765.7494059433,O2,5,53",-0.0009143168838371879,0.0019994303607071056
"767.6711556,O2,11,54",0.0002171976123853471,0.00015948699468708744
"767.6711556213,O2,11,54",-0.00019072912093823856,0.0004260591186570035
"767.765056,O2,4,53",0.001658048849627263,0.0011698528044369516
"767.7650560077001,O2,4,53",-0.0012541000741895054,0.0028025218054716465
"769.6868056857,O2,10,54",-0.0004161714443068133,0.0009296621192365823
"769.6868057,O2,10,54",0.000473925762367833,0.00034800104252864116
"769.7807060721001,O2,3,53",-0.0014649940823027248,0.0032780499689064146
"769.7807061000001,O2,3,53",0.0015004923913466827,0.001101803189356184
"771.7024557501,O2,9,54",-0.0003758831724502933,0.0008396644014525152
"771.7024557999999,O2,9,54",0.00042804647339862793,0.0003143121366713473
"771.7963561,O2,2,53",0.0008938927444254016,0.0006563804537964526
"771.7963561365,O2,2,53",-0.0010101993391314578,0.0022593219740864234
"773.8120062,O2,1,53",0.00037458516795526746,0.00027505579842908946
"773.8120062009,O2,1,53",-0.00022687586452865857,0.0005068053080207247
"775.7337558789,O2,7,54",-0.0008121136137285228,0.0014394427654132408
"775.7337558999999,O2,7,54",0.000848432604058354,0.000622999326418633
"777.7494058999999,O2,6,54",0.0007111480848811738,0.0005221920701133265
"777.7494059433,O2,6,54",-0.0007617499643870483,0.0017067368322669142
"779.6711556,O2,12,55",0.00016640715880205604,0.0001221918480607907
"779.6711556213,O2,12,55",-0.00014612817685967896,0.00032642756353892186
"779.765056,O2,5,54",0.000774038522081974,0.0005683721671850989
"779.7650560077001,O2,5,54",-0.0006797113709846098,0.0015183692256235122
"781.7807060721001,O2,4,54",-6.032572412647426e-05,0.00013700234512598291
"783.7024557501,O2,10,55",-0.00027652251862550774,0.0006210755726999362
"783.7024557999999,O2,10,55",0.00021181241593080648,0.00015553267498300872
"783.7963561365,O2,3,54",-0.00011513833031116519,0.0002573524566593346
"785.7181057999999,O2,9,55",0.00034347745214157474,0.0002522135763060228
"785.7181058145,O2,9,55",-0.0003016200398779708,0.0006737721420176402
"785.8120062,O2,2,54",0.0008209942306926226,0.0006028514819780649
"785.8120062009,O2,2,54",-0.0008974757843890274,0.002011387822869252
"787.7337558789,O2,8,55",-0.00042500019224129735,0.0009493841655885344
"787.7337558999999,O2,8,55",0.0004839797224673133,0.00035538360932281553
"787.8276562653,O2,1,54",-0.0002416577273574802,0.0005398256848670891
"787.8276563,O2,1,54",0.00039616621963974084,0.00029090264424633
"791.765056,O2,6,55",0.0007233600480090797,0.0005311592464883767
"791.7650560077001,O2,6,55",-0.0007344095668817411,0.001644246681372662
"793.7807060721001,O2,5,55",-0.0005922573277249774,0.0013230105283732058
"793.7807061000001,O2,5,55",0.0006744480175171891,0.000495243415455415
"795.7024557501,O2,11,56",-0.0001448060541720464,0.00032347414759342736
"795.7024557999999,O2,11,56",0.00016490155813855129,0.00012108629389569588
"797.7181057999999,O2,10,56",0.0002578492729067361,0.00018933728214832047
"797.7181058145,O2,10,56",-0.0002855897972699165,0.0006401639088826019
"797.8120062,O2,3,55",0.0013954270295193911,0.0009822640149959518
"797.8120062009,O2,3,55",-0.001051559295612643,0.002348404074520281
"799.7337558789,O2,9,56",-0.00032927371607125697,0.0007355461430122383
"799.7337558999999,O2,9,56",0.0003749687756128562,0.00027533747939130574
"799.8276562653,O2,2,55",-0.0007723561921251539,0.0017258144674254018
