,m/z,I,S/N,em,dbe,error,C,H,Class
5293,200.07169,1503264,10.4,200.07170214590002,8,1.2145900029736367e-05,12,10,O2N1
5389,201.1132,2510694,19.1,201.1132326073,2,3.260729999965406e-05,10,17,O4
5611,203.10773,1259992,8.3,203.1077533029,6,2.330289999008528e-05,13,15,O2
5809,205.05052,1111392,7.0,205.05063234969998,7,0.00011234969997531152,11,9,O4
5813,205.08702,1354028,9.1,205.08701785850002,6,2.1414999764601816e-06,12,13,O3
5819,205.1234,1520184,10.5,205.1234033673,5,3.367299996170914e-06,13,17,O2
6033,207.10266000000001,1460754,10.0,207.10266792289997,5,7.922899953882734e-06,12,15,O3
6135,208.11309,1527218,10.5,208.1131730347,9,8.303469999759727e-05,15,14,N1
6244,209.0249,1061560,6.5,209.0244176009,11,0.0004823991000080241,13,5,O3
6262,209.15469,1645543,11.5,209.1547034961,3,1.3496100024212865e-05,13,21,O2
6427,211.07645,1067916,6.6,211.0764531741,9,3.174100015712611e-06,14,11,O2
6434,211.13400000000001,1075009,6.6,211.13396805169998,3,3.1948300033946e-05,12,19,O3
6441,211.17038,2862799,21.8,211.17035356050002,2,2.6439499976049774e-05,13,23,O2
6617,213.09211000000002,2164144,15.9,213.09210323850002,8,6.761500003449328e-06,14,13,O2
6632,213.18599999999998,15913620,132.6,213.1860036249,1,3.6249000174848334e-06,13,25,O2
6725,214.08732999999998,1062743,6.5,214.08735221030003,8,2.221030004534441e-05,13,12,O2N1
6730,214.10896,1021167,6.1,214.10848157910002,3,0.000478420899980847,10,16,O4N1
6828,215.12885,1690326,11.8,215.1288826717,2,3.267170001208797e-05,11,19,O4
6988,217.08697999999998,1396692,9.3,217.08701785850002,7,3.7858500036236364e-05,13,13,O3
6992,217.12344,1777123,12.5,217.1234033673,6,3.663269998810392e-05,14,17,O2
6994,217.14434,1190444,7.5,217.14453273610002,1,0.00019273610001846464,11,21,O4
7156,219.13906,3254157,24.9,219.1390534317,5,6.5682999945693155e-06,14,19,O2
7159,219.17548,1523036,10.3,219.17543894050002,4,4.105949997779135e-05,15,23,O1
7317,221.08195,2185928,15.9,221.0819324785,6,1.7521500012662727e-05,12,13,O4
7322,221.0972,1011343,6.0,221.0971886185,10,1.1381499973595055e-05,16,13,O1
7326,221.11836,1848472,13.1,221.11831798729997,5,4.201270002113233e-05,13,17,O3
7332,221.15475,2134696,15.5,221.1547034961,4,4.6503899994831954e-05,14,21,O2
7410,222.09243999999998,2156924,15.6,222.09243759030002,10,2.4096999595712987e-06,15,12,O1N1
7413,222.12884,3391244,26.0,222.1288230991,9,1.6900899993288476e-05,16,16,N1
7495,223.07645,1622312,11.1,223.0764531741,10,3.174100015712611e-06,15,11,O2
7507,223.17033999999998,4101841,31.9,223.17035356050002,3,1.3560500036646772e-05,14,23,O2
7587,224.07176,1406620,9.3,224.07170214590002,10,5.785409999248259e-05,14,10,O2N1
7663,225.0557,1589517,10.8,225.0557177297,10,1.7729700005020277e-05,14,9,O3
7666,225.07122999999999,1207220,7.6,225.0709738697,14,0.00025613029998794445,18,9,
7679,225.18602,8308295,67.0,225.1860036249,2,1.637510001728515e-05,14,25,O2
7819,227.10776,1698267,11.7,227.1077533029,8,6.69710001943713e-06,15,15,O2
7826,227.20167999999998,33261508,275.8,227.2016536893,1,2.631069997960367e-05,14,27,O2
7899,228.13952,1097383,6.6,228.1393877835,7,0.00013221649999195506,15,18,O1N1
7982,229.14445,1160584,7.2,229.14453273610002,2,8.273610001197085e-05,12,21,O4
8039,230.0976,1599443,10.8,230.09752297030002,12,7.702969998035769e-05,17,12,N1
8114,231.13902000000002,2263334,16.3,231.1390534317,6,3.343169998970552e-05,15,19,O2
8117,231.17548,1036086,6.1,231.17543894050002,5,4.105949997779135e-05,16,23,O1
8257,233.0819,1155468,7.1,233.0819324785,7,3.2478500003207955e-05,13,13,O4
8259,233.11836,1167133,7.2,233.11831798729997,6,4.201270002113233e-05,14,17,O3
8261,233.15472999999997,27258412,224.1,233.1547034961,5,2.6503899960061972e-05,15,21,O2
8377,235.07642,2155656,15.3,235.0764531741,11,3.317409999681331e-05,16,11,O2
8380,235.09752000000003,1100433,6.6,235.0975825429,6,6.254289996832085e-05,13,15,O4
8384,235.11283999999998,1124056,6.8,235.1128386829,10,1.3170999864087207e-06,17,15,O1
8386,235.13395,3388322,25.6,235.13396805169998,5,1.8051699981924685e-05,14,19,O3
8390,235.17035,1097874,6.6,235.17035356050002,4,3.560500005050926e-06,15,23,O2
8461,236.10809,1868115,13.0,236.1080876547,10,2.3453000039808103e-06,16,14,O1N1
8466,236.14449,2801123,20.7,236.1444731635,9,1.683649998085457e-05,17,18,N1
8533,237.0922,1538183,10.2,237.09210323850002,10,9.676149997517314e-05,16,13,O2
8536,237.12847999999997,1036440,6.0,237.1284887473,9,8.747300029199323e-06,17,17,O1
8539,237.18601,4110385,31.4,237.1860036249,3,6.3751000141110126e-06,15,25,O2
8596,238.08741,1611455,10.8,238.08735221030003,10,5.778969998004868e-05,15,12,O2N1
8666,239.07143,2003823,14.0,239.0713677941,10,6.22058999795172e-05,15,11,O3
8673,239.10781,1787263,12.2,239.1077533029,9,5.66971000068861e-05,16,15,O2
8676,239.12892000000002,4468360,34.4,239.1288826717,4,3.732830001013099e-05,13,19,O4
8685,239.2017,8612520,68.6,239.2016536893,2,4.631069998595194e-05,15,27,O2
8802,241.12337000000002,1904171,13.1,241.1234033673,8,3.3367299977271614e-05,16,17,O2
8804,241.14462999999998,1251636,7.8,241.14453273610002,3,9.726389995989848e-05,13,21,O4
8807,241.18098999999998,1075908,6.3,241.1809182449,2,7.175509998091911e-05,14,25,O3
8808,241.21732999999998,33947668,276.8,241.2173037537,1,2.624629996716976e-05,15,29,O2
8860,242.17617,1768879,12.0,242.1761672167,2,2.783300004693956e-06,13,24,O3N1
8932,243.16011,1119826,6.7,243.16018280050002,2,7.280050002123062e-05,13,23,O4
8984,244.06162,1174287,7.1,244.0615313859,9,8.861410000804426e-05,13,10,O4N1
8990,244.1132,5234405,40.4,244.1131730347,12,2.696530000889652e-05,18,14,N1
9047,245.09722999999997,1689471,11.3,245.0971886185,12,4.1381499954695755e-05,18,13,O1
9057,245.15474,2784663,20.3,245.1547034961,6,3.650389999165782e-05,16,21,O2
9179,247.13398999999998,1123714,6.7,247.13396805169998,6,2.1948300002350152e-05,15,19,O3
9182,247.1704,4726481,36.1,247.17035356050002,5,4.643949998239805e-05,16,23,O2
9186,247.20675,1490911,9.6,247.2067390693,4,1.0930700000244542e-05,17,27,O1
9236,248.14432000000002,1196504,7.2,248.1444731635,10,0.00015316349998784062,18,18,N1
9297,249.09207999999998,1894863,12.9,249.09210323850002,11,2.323850003449479e-05,17,13,O2
9305,249.14965,5085414,39.0,249.1496181161,5,3.188390002151209e-05,15,21,O3
9309,249.18607000000003,1100212,6.5,249.1860036249,4,6.637510003315583e-05,16,25,O2
9354,250.08732,1205395,7.3,250.08735221030003,11,3.221030002009684e-05,16,12,O2N1
9358,250.12382000000002,1840097,12.4,250.1237377191,10,8.228090001694e-05,17,16,O1N1
9360,250.14489,11396713,90.2,250.1448670879,5,2.2912100007488334e-05,14,20,O3N1
9362,250.1602,2257519,15.8,250.16012322790002,9,7.677209998746548e-05,18,20,N1
9422,251.10781,1105754,6.5,251.1077533029,10,5.66971000068861e-05,17,15,O2
9442,251.20167999999998,4048125,30.4,251.2016536893,3,2.631069997960367e-05,16,27,O2
9559,253.0871,1304507,8.1,253.08701785850002,10,8.214149997343156e-05,16,13,O3
9565,253.12345,1585288,10.4,253.1234033673,9,4.663269999127806e-05,17,17,O2
9567,253.14456,2202704,15.4,253.14453273610002,4,2.7263899994522944e-05,14,21,O4
9572,253.21736,25535210,205.3,253.2173037537,2,5.624630000511388e-05,16,29,O2
9670,255.13913,1406104,8.9,255.1390534317,8,7.656829998836656e-05,17,19,O2
9721,256.1555,1129718,6.6,256.1554317723,3,6.822770001235767e-05,13,22,O4N1
9725,256.1919,1724162,11.4,256.1918172811,2,8.271889998923143e-05,14,26,O3N1
9772,257.15475,1700549,11.2,257.1547034961,7,4.6503899966410245e-05,17,21,O2
9776,257.21222,1241816,7.5,257.2122183737,1,1.6262999906757614e-06,15,29,O3
9810,258.07727,1267955,7.7,258.0771814503,9,8.854970002403206e-05,14,12,O4N1
9815,258.12887,7609220,58.9,258.1288230991,12,4.6900900031232595e-05,19,16,N1
9869,259.11285,2106428,14.5,259.11283868289996,12,1.1317100018004567e-05,19,15,O1
9874,259.17037999999997,3340494,24.4,259.1703535605,6,2.6439499947628065e-05,17,23,O2
9990,261.18602000000004,3789616,27.9,261.18600362489997,5,1.6375100074128568e-05,17,25,O2
10092,263.10781000000003,1353172,8.3,263.1077533029,11,5.669710003530781e-05,18,15,O2
10100,263.14422,1295326,7.9,263.1441388117,10,8.118830004377742e-05,19,19,O1
10102,263.16523,1755748,11.6,263.1652681805,5,3.818049998471906e-05,16,23,O3
10106,263.20166,1280622,7.8,263.2016536893,4,6.310700030098815e-06,17,27,O2
10158,264.10311,1272163,7.7,264.1030022747,11,0.00010772530004032888,17,14,O2N1
10161,264.13947,1324397,8.1,264.1393877835,10,8.221650000450609e-05,18,18,O1N1
10163,264.17576,1666615,10.9,264.1757732923,9,1.3292299968270527e-05,19,22,N1
10222,265.21738,4578953,34.1,265.2173037537,3,7.624630001146215e-05,17,29,O2
10262,266.09724,1230122,7.3,266.0975229703,15,0.0002829703000202244,20,12,N1
10264,266.11871,1262831,7.6,266.1186523391,10,5.7660900040445995e-05,17,16,O2N1
10317,267.10273,1250659,7.5,267.10266792289997,10,6.207710003991451e-05,17,15,O3
10319,267.13912,1726955,11.3,267.1390534317,9,6.656829998519243e-05,18,19,O2
10327,267.23297,9837442,76.2,267.2329538181,2,1.6181900036826846e-05,17,31,O2
10423,269.1548,1268039,7.6,269.1547034961,8,9.650390001070264e-05,18,21,O2
10428,269.21224,2072916,14.0,269.2122183737,2,2.1626299997024034e-05,16,29,O3
10430,269.24865,36066652,285.1,269.2486038825,1,4.611750000549364e-05,17,33,O2
10464,270.17125,1317867,8.0,270.17108183669995,3,0.00016816330003166513,14,24,O4N1
10507,271.17042999999995,1225732,7.2,271.1703535605,7,7.643949993507704e-05,18,23,O2
10511,271.19152,1176329,6.9,271.1914829293,2,3.707070004566049e-05,15,27,O4
10555,272.09292,1356358,8.3,272.0928315147,9,8.848530001159816e-05,15,14,O4N1
10559,272.10814,2023882,13.6,272.10808765469994,13,5.23453000482732e-05,19,14,O1N1
10563,272.14454,7209425,55.0,272.1444731635,12,6.683650002514696e-05,20,18,N1
10615,273.12852999999996,1231578,7.3,273.12848874729997,12,4.125269998667136e-05,20,17,O1
10624,273.18606,2792101,19.6,273.18600362489997,6,5.6375100029981695e-05,18,25,O2
10723,275.16516,1127397,6.4,275.1652681805,6,0.00010818049997851631,17,23,O3
10728,275.20169,3929900,28.7,275.2016536893,5,3.6310700011199515e-05,18,27,O2
10760,276.10301,1112786,6.3,276.1030022747,12,7.72530000858751e-06,18,14,O2N1
10766,276.16056000000003,1756253,11.4,276.1605171523,6,4.284770005824612e-05,16,22,O3N1
10819,277.14457000000004,2244109,15.3,277.1445327361,6,3.726390002611879e-05,16,21,O4
10822,277.18102000000005,2657683,18.6,277.1809182449,5,0.00010175510004728494,17,25,O3
10826,277.21731,3169306,22.5,277.2173037537,4,6.2463000176649075e-06,18,29,O2
10891,278.19145,1157250,6.6,278.1914233567,9,2.6643299975148693e-05,20,24,N1
10944,279.13906000000003,1342689,8.1,279.1390534317,10,6.568300022991025e-06,19,19,O2
10952,279.233,28241136,220.7,279.2329538181,3,4.6181900017927546e-05,18,31,O2
10996,280.11323,5576063,41.5,280.11317303469997,15,5.696530001841893e-05,21,14,N1
11001,280.17061,1099144,6.2,280.17068791229997,9,7.791229995746107e-05,19,22,O1N1
11053,281.15477000000004,1599779,10.1,281.1547034961,9,6.650390002960194e-05,19,21,O2
11057,281.21221,1929068,12.7,281.2122183737,3,8.373699984076666e-06,17,29,O3
11141,283.17037999999997,1792466,11.6,283.1703535605,8,2.6439499947628065e-05,19,23,O2
11177,284.14452,1341533,8.0,284.1444731635,13,4.683650001879869e-05,21,18,N1
11178,284.18676,1373027,8.3,284.18673190109996,3,2.809890003163673e-05,15,26,O4N1
11221,285.18613999999997,1354478,8.1,285.18600362489997,7,0.00013637509999853137,19,25,O2
11222,285.20718,1702001,10.9,285.2071329937,2,4.700630000797901e-05,16,29,O4
11266,286.12375,3980781,28.8,286.12373771909995,13,1.2280900023142749e-05,20,16,O1N1
11268,286.16017999999997,5905138,43.9,286.1601232279,12,5.677209998111721e-05,21,20,N1
11321,287.14423999999997,1363443,8.2,287.1441388117,12,0.00010118829999328227,21,19,O1
11328,287.20169,3265658,23.1,287.2016536893,6,3.6310700011199515e-05,19,27,O2
11330,287.22283999999996,3829117,27.5,287.2227830581,1,5.694189997029753e-05,16,31,O4
11417,289.18099,1627379,10.2,289.1809182449,6,7.175510000934082e-05,18,25,O3
11421,289.21741000000003,3860088,27.7,289.2173037537,5,0.00010624630004940627,19,29,O2
11422,289.25374,1282428,7.5,289.25368926249996,4,5.0737500032482785e-05,20,33,O1
11450,290.11877000000004,1621029,10.2,290.1186523391,12,0.00011766090005949081,19,16,O2N1
11452,290.13991,1503463,9.3,290.1397817079,7,0.00012829209998699298,16,20,O4N1
11495,291.10227000000003,1176409,6.7,291.10266792289997,12,0.0003979228999355655,19,15,O3
11498,291.1183,1351099,8.0,291.1179240629,16,0.00037593709998873237,23,15,
11502,291.16011000000003,1124832,6.3,291.1601828005,6,7.280049999280891e-05,17,23,O4
11506,291.19657,2652900,18.2,291.1965683093,5,1.6907000031096686e-06,18,27,O3
11509,291.23289,1697128,10.7,291.2329538181,4,6.381809998856625e-05,19,31,O2
11566,293.17587000000003,16933958,129.4,293.1758328649,5,3.7135100058094395e-05,17,25,O4
11571,293.21231,4997706,36.4,293.2122183737,4,9.162629999082128e-05,18,29,O3
11577,293.24867,3894862,27.8,293.2486038825,3,6.611750001184191e-05,19,33,O2
11615,294.12891,9189551,69.1,294.1288230991,15,8.690090004392914e-05,22,16,N1
11619,294.17111,1208052,6.9,294.17108183669995,5,2.8163300044070638e-05,16,24,O4N1
11661,295.13408,1291036,7.6,295.1339680517,10,0.00011194830000249567,19,19,O3
11666,295.17,1245472,7.2,295.1703535605,9,0.00035356050000245887,20,23,O2
11674,295.22795,9668902,72.8,295.2278684381,3,8.156190000363495e-05,18,31,O3
11675,295.26431,8906026,66.9,295.2642539469,2,5.605310002465558e-05,19,35,O2
11713,296.18692000000004,1198092,6.8,296.18673190109996,4,0.00018809890008242292,16,26,O4N1
11748,297.18604,1612020,10.0,297.1860036249,8,3.637509996679e-05,20,25,O2
11753,297.2436,11232762,84.6,297.24351850249997,2,8.149750004804446e-05,18,33,O3
11754,297.27994,36890112,283.4,297.2799040113,1,3.59887000058734e-05,19,37,O2
11786,298.20246000000003,2345309,15.7,298.20238196549997,3,7.803450006349522e-05,16,28,O4N1
11840,299.20183,1379139,8.2,299.2016536893,7,0.000176310699998794,20,27,O2
11842,299.22286,1586245,9.8,299.2227830581,2,7.694190003348922e-05,17,31,O4
11845,299.25919,1633481,10.2,299.2591685669,1,2.143310001656573e-05,18,35,O3
11880,300.13944,2647073,18.0,300.13938778349996,13,5.221650002340539e-05,21,18,O1N1
11883,300.17587000000003,3932709,28.0,300.1757732923,12,9.670770003822327e-05,22,22,N1
11936,301.21738,2535821,17.1,301.2173037537,6,7.624630001146215e-05,20,29,O2
11937,301.23851,3476623,24.3,301.2384331225,1,7.687750002105531e-05,17,33,O4
11958,302.11868,1163878,6.5,302.1186523391,13,2.7660900002501876e-05,20,16,O2N1
11963,302.15522999999996,1280490,7.4,302.15503784789996,12,0.00019215209999856597,21,20,O1N1
12010,303.23307,3723604,26.2,303.2329538181,5,0.00011618190001172479,20,31,O2
12011,303.26932,1455320,8.7,303.26933932689997,4,1.9326899973748368e-05,21,35,O1
12035,304.13428,1969581,12.7,304.1343024035,12,2.2403499997381005e-05,20,18,O2N1
12091,305.21224,2788887,19.0,305.21221837369995,5,2.1626300053867453e-05,19,29,O3
12094,305.24862,2242331,14.8,305.2486038825,4,1.611750002439294e-05,20,33,O2
12120,306.15011,1142899,6.3,306.1499524679,11,0.00015753209999047613,20,20,O2N1
12124,306.17112000000003,1183925,6.6,306.17108183669995,6,3.8163300075666484e-05,17,24,O4N1
12131,306.22272999999996,1844475,11.7,306.22272348549996,9,6.5145000007760245e-06,22,28,N1
12171,307.17041,1742552,10.9,307.1703535605,10,5.6439499985572184e-05,21,23,O2
12174,307.19146,1126746,6.2,307.1914829293,5,2.292929997338433e-05,18,27,O4
12183,307.26428,5346274,38.5,307.2642539469,3,2.605309998671146e-05,20,35,O2
12211,308.1445,9551417,70.8,308.1444731635,15,2.6836500012450415e-05,23,18,N1
12214,308.16562000000005,1460923,8.7,308.1656025323,10,1.7467700047291146e-05,20,22,O2N1
12267,309.14946000000003,1260510,7.2,309.1496181161,10,0.00015811609995353137,20,21,O3
12277,309.20718999999997,3092900,21.2,309.2071329937,4,5.7006299982731434e-05,18,29,O4
12280,309.27994,9997995,74.2,309.2799040113,2,3.59887000058734e-05,20,37,O2
12304,310.12381,1342081,7.8,310.12373771909995,15,7.228090004218757e-05,22,16,O1N1
12309,310.16024,1471236,8.8,310.1601232279,14,0.00011677210000016203,23,20,N1
12312,310.20257000000004,2350089,15.5,310.20238196549997,4,0.000188034500069989,17,28,O4N1
12347,311.20172,1822575,11.5,311.2016536893,8,6.631070004914363e-05,21,27,O2
12350,311.22283999999996,5732721,41.5,311.2227830581,3,5.694189997029753e-05,18,31,O4
12356,311.29557,53226360,405.6,311.2955540757,1,1.5924299987091217e-05,20,39,O2
12374,312.125,1188431,6.6,312.1241316435,10,0.0008683565000069393,18,18,O4N1
12380,312.17576,1398996,8.2,312.1757732923,13,1.3292299968270527e-05,23,22,N1
12383,312.21816,3465689,24.0,312.2180320299,3,0.00012797010003851028,17,30,O4N1
12409,313.12386000000004,1319096,7.6,313.1234033673,14,0.00045663270003615253,22,17,O2
12425,313.21724,1350082,7.8,313.2173037537,7,6.375369997613234e-05,21,29,O2
12426,313.2385,28681284,216.2,313.2384331225,2,6.687749998945947e-05,18,33,O4
12461,314.15512,2250663,14.7,314.15503784789996,13,8.21521000489156e-05,22,20,O1N1
12465,314.19147000000004,2565035,17.1,314.1914233567,12,4.6643300038340385e-05,23,24,N1
12496,315.13908,1143315,6.3,315.1390534317,13,2.656829997249588e-05,22,19,O2
12503,315.17534,1197975,6.7,315.1754389405,12,9.894049998138144e-05,23,23,O1
12510,315.23298,2875165,19.5,315.2329538181,6,2.6181900011579273e-05,21,31,O2
12512,315.25408,14698783,109.6,315.2540831869,1,3.1869000167716877e-06,18,35,O4
12536,316.11312000000004,1219199,6.8,316.11317303469997,18,5.3034699931231444e-05,24,14,N1
12542,316.15561,1138308,6.2,316.1554317723,8,0.00017822770001885146,18,22,O4N1
12545,316.17056,1228038,6.9,316.17068791229997,12,0.00012791229994491005,22,22,O1N1
12606,317.24858,3264001,22.3,317.2486038825,5,2.3882499988303607e-05,21,33,O2
12607,317.28508999999997,1761029,10.9,317.2849893913,4,0.00010060869999506394,22,37,O1
12626,318.12888,1256552,7.1,318.1288230991,17,5.690090000598502e-05,24,16,N1
12629,318.15008,1299562,7.4,318.1499524679,12,0.00012753210000937543,21,20,O2N1
12664,319.13442000000003,2092000,13.4,319.1339680517,12,0.0004519483000535729,21,19,O3
12675,319.22797,2837739,19.1,319.22786843809996,5,0.00010156190006682664,20,31,O3
12711,320.22315,3475046,23.9,320.22311740989994,5,3.259010003375806e-05,19,30,O3N1
12744,321.14936,1135450,6.2,321.1496181161,11,0.00025811609998527274,21,21,O3
12749,321.1861,1752287,10.8,321.1860036249,10,9.637509998583482e-05,22,25,O2
12752,321.20729,1904098,12.0,321.2071329937,5,0.0001570063000144728,19,29,O4
12762,321.28004,4069867,28.4,321.2799040113,3,0.00013598869998077134,21,37,O2
12779,322.16024,6839389,49.4,322.1601232279,15,0.00011677210000016203,24,20,N1
12818,323.18091,1136261,6.1,323.1805243205,14,0.0003856794999705926,25,23,
12823,323.2018,1304808,7.4,323.2016536893,9,0.0001463107000176933,22,27,O2
12826,323.22283,1219051,6.7,323.2227830581,4,4.69418999955451e-05,19,31,O4
12832,323.29565,8136949,58.8,323.2955540757,2,9.592430001248431e-05,21,39,O2
12868,324.21823,2603124,17.1,324.2180320299,4,0.00019797010003230753,18,30,O4N1
12907,325.19653999999997,2606078,17.2,325.1961743849,13,0.0003656150999518104,25,25,
12910,325.21731,1378177,7.9,325.2173037537,8,6.2463000176649075e-06,22,29,O2
12912,325.23834,1267460,7.1,325.2384331225,3,9.31225000044833e-05,19,33,O4
12913,325.31127000000004,44982800,336.0,325.3112041401,1,6.58599000189497e-05,21,41,O2
12926,326.13989,1244808,6.9,326.1397817079,10,0.00010829209998064471,19,20,O4N1
12928,326.1551,2047370,13.0,326.15503784789996,14,6.215210004256733e-05,23,20,O1N1
12937,326.23373,6754454,48.4,326.2336820943,3,4.790570000068328e-05,18,32,O4N1
12976,327.23315,1619244,9.7,327.2329538181,7,0.00019618190003711788,22,31,O2
12977,327.25407,2540847,16.7,327.2540831869,2,1.3186899991524115e-05,19,35,O4
13004,328.15542,1258427,7.0,328.1554317723,9,1.177230001303542e-05,19,22,O4N1
13007,328.17073999999997,1931453,12.1,328.17068791229997,13,5.208769999853757e-05,23,22,O1N1
13010,328.20715,2391235,15.5,328.2070734211,12,7.657890000700718e-05,24,26,N1
13034,329.13399,3581783,24.3,329.1335741273,18,0.000415872699988995,26,17,
13048,329.2487,3048810,20.3,329.2486038825,6,9.611749999294261e-05,22,33,O2
13049,329.26965,2770926,18.2,329.2697332513,1,8.325129999775527e-05,19,37,O4
13078,330.12886000000003,3828475,26.1,330.1288230991,18,3.690090005648017e-05,25,16,N1
13080,330.14992,1541247,9.1,330.1499524679,13,3.246789998456734e-05,22,20,O2N1
13084,330.17126,1709058,10.3,330.17108183669995,8,0.00017816330006326098,19,24,O4N1
13122,331.1497,12069288,87.6,331.1492241917,17,0.0004758082999956059,26,19,
13134,331.26437999999996,3563964,24.1,331.2642539469,5,0.0001260530999616094,22,35,O2
13136,331.30072,2686274,17.6,331.3006394557,4,8.054430003312518e-05,23,39,O1
13152,332.1082,1219791,6.7,332.10808765469994,18,0.00011234530006731802,24,14,O1N1
13155,332.1294,1291603,7.2,332.12921702349996,13,0.000182976500013865,21,18,O3N1
13158,332.14457000000004,1918038,11.9,332.1444731635,17,9.683650006309108e-05,25,18,N1
13161,332.1657,1232345,6.8,332.1656025323,12,9.746770001584082e-05,22,22,O2N1
13163,332.18707,1224733,6.7,332.18673190109996,7,0.00033809890004476983,19,26,O4N1
13208,333.18621,1230096,6.7,333.1860036249,11,0.00020637509999232861,23,25,O2
13216,333.24352999999996,2257179,14.4,333.24351850249997,5,1.1497499997403793e-05,21,33,O3
13219,333.27999,2165025,13.7,333.2799040113,4,8.598869999332237e-05,22,37,O2
13247,334.16037,1173571,6.3,334.1601232279,16,0.0002467721000130041,25,20,N1
13251,334.20257999999995,1385803,7.9,334.20238196549997,6,0.00019803449998789802,19,28,O4N1
13274,335.03429,11442279,82.9,335.03498228530003,19,0.0006922853000332907,22,7,O4
13298,335.29566,3952793,26.8,335.2955540757,3,0.00010592429998723674,22,39,O2
13317,336.13937999999996,1353051,7.6,336.13938778349996,16,7.783499995639431e-06,24,18,O1N1
13321,336.1759,4913474,33.9,336.1757732923,15,0.00012670770001932397,25,22,N1
13325,336.21787,1342154,7.5,336.2180320299,5,0.00016202989996827455,19,30,O4N1
13371,337.21736,1167119,6.2,337.2173037537,9,5.624630000511388e-05,23,29,O2
13377,337.31127000000004,9583138,68.4,337.3112041401,2,6.58599000189497e-05,22,41,O2
13397,338.1551,1409995,8.0,338.15503784789996,15,6.215210004256733e-05,24,20,O1N1
13404,338.23382000000004,3302875,22.0,338.2336820943,4,0.00013790570005767222,19,32,O4N1
13448,339.21215,1540900,9.0,339.21182444929997,13,0.0003255507000403668,26,27,
13450,339.23292000000004,2446248,15.7,339.2329538181,8,3.381809995062213e-05,23,31,O2
13452,339.25408999999996,1842860,11.2,339.2540831869,3,6.813099957980739e-06,20,35,O4
13454,339.32693,45972412,337.1,339.3268542045,1,7.579549998126822e-05,22,43,O2
13470,340.1344,1303524,7.2,340.1343024035,15,9.759650004070863e-05,23,18,O2N1
13478,340.17065,1887852,11.5,340.17068791229997,14,3.791229994476453e-05,24,22,O1N1
13485,340.20705,1569779,9.2,340.2070734211,13,2.3421100024734187e-05,25,26,N1
13488,340.24947000000003,9391228,66.9,340.2493321587,3,0.0001378413000452383,19,34,O4N1
13522,341.24872,1791569,10.8,341.2486038825,7,0.00011611749999929089,23,33,O2
13524,341.26929,1281429,7.0,341.2697332513,2,0.00044325129999833734,20,37,O4
13543,342.1498,1232916,6.6,342.1499524679,14,0.00015246789996581356,23,20,O2N1
13546,342.17116,1651993,9.7,342.1710818367,9,7.816329997467619e-05,20,24,O4N1
13554,342.22281,2276644,14.3,342.22272348549996,12,8.651450002616912e-05,25,28,N1
13592,343.22796,1162497,6.1,343.22786843809996,7,9.156190003523079e-05,22,31,O3
13595,343.2643,2511113,16.0,343.2642539469,6,4.605309999305973e-05,23,35,O2
13597,343.28532,1908750,11.6,343.2853833157,1,6.33157000038409e-05,20,39,O4
13614,344.14447,4419022,29.9,344.1444731635,18,3.163499968650285e-06,26,18,N1
13619,344.18688,1284823,7.0,344.1867319011,8,0.00014809889995603953,20,26,O4N1
13653,345.16524,2213813,13.8,345.1648742561,17,0.0003657438999766782,27,21,
13665,345.28,3997392,26.8,345.2799040113,5,9.59886999680748e-05,23,37,O2
13666,345.31617,1661400,9.8,345.3162895201,4,0.00011952009998594804,24,41,O1
13687,346.16015,2184858,13.6,346.1601232279,17,2.6772100000016508e-05,26,20,N1
13690,346.18119,1303231,7.1,346.1812525967,12,6.259669999053585e-05,23,24,O2N1
13693,346.20243,1173668,6.2,346.20238196549997,7,4.80345000255511e-05,20,28,O4N1
13734,347.18101,3357833,22.2,347.1805243205,16,0.00048567950000233395,27,23,
13744,347.25921,2174875,13.5,347.2591685669,5,4.1433100022914005e-05,22,35,O3
13747,347.2956,1741988,10.3,347.2955540757,4,4.592429996819192e-05,23,39,O2
13776,348.17584,1524084,8.7,348.1757732923,16,6.670770000027915e-05,26,22,N1
13782,348.21809,2101374,13.0,348.2180320299,6,5.7970100044713035e-05,20,30,O4N1
13787,348.26972,1529483,8.7,348.2696736787,9,4.632130003301427e-05,25,34,N1
13808,349.04984,9110597,63.6,349.05063234970004,19,0.0007923497000206225,23,9,O4
13820,349.19661,6039657,41.4,349.1961743849,15,0.00043561510000245107,27,25,
13828,349.31127999999995,3863685,25.6,349.3112041401,3,7.585989993685871e-05,23,41,O2
13849,350.15524,1383377,7.6,350.15503784789996,16,0.00020215210003016182,25,20,O1N1
13854,350.1915,3091034,20.0,350.1914233567,15,7.664330001944109e-05,26,24,N1
13860,350.23379,2351461,14.6,350.2336820943,5,0.0001079057000197281,20,32,O4N1
13888,351.21218999999996,21896788,156.2,351.21182444929997,14,0.0003655506999962199,27,27,
13895,351.32684,9067121,63.3,351.3268542045,2,1.4204500018877297e-05,23,43,O2
13917,352.15558,1354559,7.4,352.1554317723,11,0.00014822769998090735,21,22,O4N1
13928,352.24938,5072727,34.4,352.2493321587,4,4.7841299988249375e-05,20,34,O4N1
13958,353.22789,17172556,122.0,353.2274745137,13,0.0004154863000280784,27,29,
13961,353.24837,1699666,9.9,353.2486038825,8,0.00023388249996969535,24,33,O2
13963,353.34256,40351848,289.9,353.34250426890003,1,5.573109996248604e-05,23,45,O2
13986,354.15017,1423926,7.9,354.1499524679,15,0.00021753210000952095,24,20,O2N1
13988,354.17142,1290172,7.0,354.1710818367,10,0.0003381633000003603,21,24,O4N1
13990,354.18629,1520959,8.6,354.1863379767,14,4.797669998879428e-05,25,24,O1N1
14000,354.26507999999995,13106515,92.5,354.2649822231,3,9.777689996326444e-05,20,36,O4N1
14023,355.14983,1156918,6.0,355.1492241917,19,0.000605808300008448,28,19,
14038,355.26403,1492243,8.4,355.2642539469,7,0.00022394690000737683,24,35,O2
14040,355.28533999999996,1333849,7.2,355.2853833157,2,4.331570005433605e-05,21,39,O4
14067,356.23843999999997,1879375,11.1,356.23837354989996,12,6.645010000738694e-05,26,30,N1
14103,357.27996,2295135,14.1,357.2799040113,6,5.598870001222167e-05,24,37,O2
14105,357.30104,1685860,9.7,357.3010333801,1,6.6198999775224365e-06,21,41,O4
14122,358.16005,4743494,31.6,358.1601232279,18,7.322789997488144e-05,27,20,N1
14127,358.20248,1798993,10.5,358.20238196549997,8,9.803450001300007e-05,21,28,O4N1
14170,359.25886,1204841,6.3,359.2591685669,6,0.0003085668999460722,23,35,O3
14172,359.29557,3481971,22.6,359.2955540757,5,1.5924299987091217e-05,24,39,O2
14173,359.3321,1774973,10.3,359.3319395845,4,0.00016041550003365046,25,43,O1
14192,360.1759,1380446,7.5,360.1757732923,17,0.00012670770001932397,27,22,N1
14234,361.1966,1755248,10.2,361.1961743849,16,0.0004256150999708552,28,25,
14243,361.31122999999997,1245071,6.5,361.3112041401,4,2.5859899949409737e-05,24,41,O2
14262,362.15508,1441652,8.0,362.15503784789996,17,4.2152100036219053e-05,26,20,O1N1
14267,362.19137,1691390,9.7,362.1914233567,16,5.335669999340098e-05,27,24,N1
14272,362.23356,1550729,8.7,362.2336820943,6,0.0001220942999680119,21,32,O4N1
14277,362.28535,1729175,10.0,362.2853237431,9,2.6256900014232087e-05,26,36,N1
14299,363.06547,14574187,101.0,363.0662824141,19,0.0008124140999825613,24,11,O4
14304,363.16059,3343749,21.4,363.1601828005,12,0.0004071994999890194,23,23,O4
14325,363.29058,1348329,7.2,363.2904686957,4,0.00011130429999184344,23,39,O3
14330,363.32684,3839155,24.9,363.3268542045,3,1.4204500018877297e-05,24,43,O2
14348,364.17066,1393178,7.5,364.17068791229997,16,2.79122999700121e-05,26,22,O1N1
14352,364.20693,3012772,19.0,364.2070734211,15,0.0001434211000059804,27,26,N1
14355,364.22835,1392682,7.5,364.22820278989997,10,0.00014721010001039758,24,30,O2N1
14357,364.24942999999996,2357552,14.4,364.2493321587,5,9.784129997569835e-05,21,34,O4N1
14391,365.19147000000004,1743283,10.0,365.1910890049,15,0.00038099510004485637,27,25,O1
14395,365.21223,1283641,6.7,365.21221837369995,10,1.1626300022271607e-05,24,29,O3
14400,365.24843,1377539,7.4,365.2486038825,9,0.00017388250000749395,25,33,O2
14408,365.34255,10252508,70.4,365.34250426890003,2,4.5731099987733614e-05,24,45,O2
14427,366.18636000000004,1492166,8.2,366.1863379767,15,2.2023300061846385e-05,26,24,O1N1
14438,366.26497,6035420,40.4,366.2649822231,4,1.2223099986385932e-05,21,36,O4N1
14477,367.2071,6265058,42.1,367.20673906929994,14,0.0003609307000829176,27,27,O1
14484,367.24337,2076908,12.4,367.2431245781,13,0.0002454219000469493,28,31,
14489,367.3582,36972300,259.9,367.3581543333,1,4.5666700032143126e-05,24,47,O2
14515,368.28072000000003,15900685,110.4,368.2806322875,3,8.771250003292153e-05,21,38,O4N1
14542,369.22272000000004,4492054,29.5,369.22238913369995,13,0.000330866300089383,27,29,O1
14544,369.24342,1242907,6.4,369.24351850249997,8,9.850249995224658e-05,24,33,O3
14548,369.27983,1657894,9.4,369.2799040113,7,7.40113000006204e-05,25,37,O2
14551,369.30091,1825324,10.6,369.3010333801,2,0.00012338010003531963,22,41,O4
14575,370.25416,2135352,12.6,370.25402361429997,12,0.0001363857000455937,27,32,N1
14615,371.2956,2562142,15.6,371.2955540757,6,4.592429996819192e-05,25,39,O2
14616,371.31687,2316644,13.9,371.31668344450003,1,0.00018655549996537957,22,43,O4
14633,372.13936,1443532,7.8,372.13938778349996,19,2.7783499945144285e-05,27,18,O1N1
14637,372.17582000000004,3512919,22.3,372.1757732923,18,4.670770005077429e-05,28,22,N1
14638,372.19729,8707677,58.8,372.1969026611,13,0.00038733889999775784,25,26,O2N1
14642,372.21826,2300515,13.8,372.2180320299,8,0.00022797010001340823,22,30,O4N1
14691,373.31132,3697561,23.6,373.3112041401,5,0.00011585990000639868,25,41,O2
14693,373.34781,1438371,7.7,373.3475896489,4,0.00022035109998341795,26,45,O1
14716,374.19149,1690771,9.5,374.1914233567,17,6.664329998784524e-05,28,24,N1
14722,374.23377999999997,1823007,10.4,374.2336820943,7,9.790569998813226e-05,22,32,O4N1
14762,375.29056,2458060,14.9,375.2904686957,5,9.130430004233858e-05,24,39,O3
14765,375.32644,1568982,8.7,375.3268542045,4,0.0004142045000321559,25,43,O2
14790,376.17077,1248583,6.4,376.17068791229997,17,8.208770003648169e-05,27,22,O1N1
14795,376.20729,1630033,9.1,376.2070734211,16,0.00021657889999460167,28,26,N1
14798,376.22828,3343063,21.1,376.22820278989997,11,7.721010001660034e-05,25,30,O2N1
14801,376.24933,2622174,16.0,376.2493321587,6,2.158699999199598e-06,22,34,O4N1
14806,376.30112,1510892,8.2,376.3009738075,9,0.00014619250003988782,27,38,N1
14821,377.08117000000004,14545355,99.7,377.0819324785,19,0.0007624784999507028,25,13,O4
14856,377.30645,1189643,6.0,377.3061187601,4,0.0003312398999923971,24,41,O3
14860,377.34232000000003,3099926,19.4,377.34250426890003,3,0.0001842689000000064,25,45,O2
14884,378.2228,2242577,13.2,378.22272348549996,15,7.651450005141669e-05,28,28,N1
14890,378.26502,3262237,20.3,378.2649822231,5,3.777690000106304e-05,22,36,O4N1
14920,379.26442000000003,1651771,9.1,379.2642539469,9,0.00016605310003114937,26,35,O2
14926,379.35821,9346133,62.5,379.3581543333,2,5.566670000689555e-05,25,47,O2
14941,380.23859,1317969,6.8,380.23837354989996,14,0.00021645010002657727,28,30,N1
14946,380.28074,6460765,42.5,380.2806322875,4,0.00010771249998242638,22,38,O4N1
14969,381.18672999999995,1208928,6.0,381.1860036249,15,0.00072637509993001,27,25,O2
14981,381.2799,1662587,9.2,381.2799040113,8,4.011300006823149e-06,26,37,O2
14984,381.37391,31450774,215.9,381.3738043977,1,0.00010560230003875404,25,49,O2
14999,382.20207999999997,1214594,6.1,382.20238196549997,10,0.00030196550000027855,23,28,O4N1
15005,382.29627999999997,17878940,121.7,382.2962823519,3,2.35190003650132e-06,22,40,O4N1
15034,383.2018,1323423,6.8,383.2016536893,14,0.0001463107000176933,27,27,O2
15046,383.29531000000003,1870266,10.6,383.2955540757,7,0.0002440756999817495,26,39,O2
15048,383.3163,1411264,7.4,383.31668344450003,2,0.00038344450001659425,23,43,O4
15049,383.35321,1255626,6.4,383.35306895329995,1,0.00014104670003689534,24,47,O3
15066,384.21802,2078145,12.1,384.2180320299,9,1.202989994908421e-05,23,30,O4N1
15072,384.26957999999996,2097871,12.2,384.2696736787,12,9.367870001142364e-05,28,34,N1
15116,385.31131,2427896,14.5,385.3112041401,6,0.00010585989997480283,26,41,O2
15117,385.33248,1492350,8.0,385.33233350890004,1,0.00014649109994024911,23,45,O4
15136,386.17632000000003,1546221,8.4,386.1761672167,14,0.000152783300052306,25,24,O3N1
15138,386.19169,1936881,11.1,386.1914233567,18,0.00026664329999448455,29,24,N1
15142,386.23359,2380541,14.2,386.2336820943,8,9.209429998691121e-05,23,32,O4N1
15184,387.29066,1449257,7.6,387.2904686957,6,0.00019130430001723653,25,39,O3
15186,387.32698999999997,3945267,24.7,387.3268542045,5,0.00013579549994346962,26,43,O2
15188,387.3634,2583357,15.4,387.36323971329995,4,0.00016028670006562606,27,47,O1
15203,388.17096000000004,1262113,6.3,388.17068791229997,18,0.0002720877000683686,28,22,O1N1
15211,388.24956000000003,1637943,8.9,388.2493321587,7,0.00022784130004538383,23,34,O4N1
15254,389.30637,1909345,10.8,389.3061187601,5,0.00025123990002384744,25,41,O3
15257,389.34238,1456299,7.7,389.34250426890003,4,0.000124268900037805,26,45,O2
15277,390.1863,1596248,8.6,390.1863379767,17,3.7976699957198434e-05,28,24,O1N1
15286,390.26486,2124654,12.2,390.2649822231,6,0.00012222309999287972,23,36,O4N1
15291,390.3166,1948540,11.0,390.3166238719,9,2.38718999980847e-05,28,40,N1
15303,391.09682000000004,64516440,440.4,391.0975825429,19,0.0007625428999631367,26,15,O4
15327,391.3582,3967391,24.9,391.3581543333,3,4.5666700032143126e-05,26,47,O2
15349,392.23843,1853588,10.4,392.23837354989996,15,5.645010003263451e-05,29,30,N1
15354,392.28073,3373472,20.8,392.2806322875,5,9.771250000767395e-05,23,38,O4N1
15388,393.28002999999995,1556149,8.3,393.2799040113,9,0.0001259886999491755,27,37,O2
15393,393.37392,9962447,66.0,393.3738043977,2,0.00011560230001350646,26,49,O2
15406,394.20229,1219507,6.0,394.20238196549997,11,9.19654999620434e-05,24,28,O4N1
15418,394.29644,8390861,55.2,394.2962823519,4,0.00015764810001428486,23,40,O4N1
15453,395.27477000000005,1982425,11.2,395.2744247069,13,0.00034529310005382285,30,35,
15455,395.29532,1483871,7.8,395.2955540757,8,0.00023407570000699707,27,39,O2
15459,395.38955,28673528,192.8,395.3894544621,1,9.553789999472428e-05,26,51,O2
15482,396.21794,11510490,76.0,396.2180320299,10,9.20298999744773e-05,24,30,O4N1
15491,396.31206000000003,21184244,141.8,396.3119324163,3,0.00012758370002075026,23,42,O4N1
15525,397.21743,1699561,9.2,397.2173037537,14,0.00012624629999891113,28,29,O2
15536,397.25397000000004,1378035,7.0,397.25368926249996,13,0.0002807375000770662,29,33,O1
15547,397.3111,2260483,13.1,397.3112041401,7,0.00010414010000658891,27,41,O2
15552,397.33214,1557512,8.3,397.33233350890004,2,0.0001935089000539847,24,45,O4
15579,398.21247999999997,1982453,11.2,398.21255272549996,14,7.27254999901561e-05,27,28,O2N1
15582,398.23337000000004,1407739,7.3,398.2336820943,9,0.0003120942999430554,24,32,O4N1
15587,398.28536,1584393,8.5,398.2853237431,12,3.625690004582793e-05,29,36,N1
15624,399.32697,2272031,13.1,399.3268542045,6,0.00011579549999396477,27,43,O2
15625,399.34792999999996,1360421,6.9,399.3479835733,1,5.3573300021980685e-05,24,47,O4
15641,400.20716,2115081,12.1,400.2070734211,18,8.65788999817596e-05,30,26,N1
15645,400.24945,2389524,13.9,400.2493321587,8,0.00011784130003889004,24,34,O4N1
15680,401.24869,1404764,7.2,401.2486038825,12,8.611750001819019e-05,28,33,O2
15690,401.34241000000003,2894133,17.4,401.34250426890003,5,9.426889999986088e-05,27,45,O2
15691,401.3787,2131006,12.2,401.37888977769995,4,0.0001897776999726375,28,49,O1
15704,402.17085,1371918,7.0,402.1710818367,14,0.0002318367000384569,25,24,O4N1
15711,402.22261000000003,1235739,6.1,402.22272348549996,17,0.00011348549992362678,30,28,N1
15716,402.26453,1712678,9.3,402.2649822231,7,0.0004522231000123611,24,36,O4N1
15746,403.26414,1424682,7.4,403.2642539469,11,0.00011394690000088303,28,35,O2
15754,403.35814,1710659,9.3,403.3581543333,4,1.4333299986901693e-05,27,47,O2
15767,404.18684,1253913,6.1,404.1867319011,13,0.0001080989000001864,25,26,O4N1
15775,404.28054,2078897,11.7,404.2806322875,6,9.228750002421293e-05,24,38,O4N1
15790,405.11236,15228935,100.4,405.1132326073,19,0.0008726072999820644,27,17,O4
15808,405.30085,1235767,6.0,405.3010333801,5,0.00018338009999752103,25,41,O4
15816,405.3738,3566666,21.7,405.3738043977,3,4.397699967739754e-06,27,49,O2
15837,406.25397000000004,2100267,11.8,406.25402361429997,15,5.361429992944977e-05,30,32,N1
15843,406.29649,4090678,25.3,406.2962823519,5,0.00020764810000173384,24,40,O4N1
15875,407.27425,1337390,6.7,407.2744247069,14,0.0001747068999975454,31,35,
15882,407.38953,8293963,53.6,407.3894544621,2,7.553789998837601e-05,27,51,O2
15898,408.21792999999997,1488412,7.7,408.2180320299,11,0.00010202990000607315,25,30,O4N1
15907,408.31203,8920883,57.8,408.3119324163,4,9.758369998280614e-05,24,42,O4N1
15935,409.31125,2302510,13.2,409.3112041401,8,4.585989995575801e-05,28,41,O2
15937,409.40511000000004,21644358,143.7,409.4051045265,1,5.473500038988277e-06,27,53,O2
15949,410.23354,2504979,14.6,410.2336820943,10,0.00014209429997436018,25,32,O4N1
15955,410.32765,29566250,197.1,410.3275824807,3,6.751929998927153e-05,24,44,O4N1
15978,411.23308,1430795,7.3,411.2329538181,14,0.00012618189998647722,29,31,O2
15986,411.32693,1985826,11.1,411.3268542045,7,7.579549998126822e-05,28,43,O2
15988,411.3481,2631207,15.4,411.3479835733,2,0.00011642670000355793,25,47,O4
16002,412.20713,1599483,8.5,412.2070734211,19,5.6578900000658905e-05,31,26,N1
16004,412.24929,2146309,12.1,412.2493321587,9,4.2158700011896144e-05,25,34,O4N1
16037,413.3063,1265927,6.2,413.3061187601,7,0.0001812399000300502,27,41,O3
16040,413.34255,2054928,11.5,413.34250426890003,6,4.5731099987733614e-05,28,45,O2
16041,413.36376,1968661,10.9,413.3636336377,1,0.00012636230002271986,25,49,O4
16060,414.22262,1651430,8.7,414.22272348549996,18,0.00010348549994887435,31,28,N1
16062,414.26488,3230961,19.3,414.2649822231,8,0.00010222309998653145,25,36,O4N1
16086,415.26412,1474146,7.5,415.2642539469,12,0.0001339469000072313,29,35,O2
16094,415.35831,3810809,23.2,415.3581543333,5,0.00015566670003863692,28,47,O2
16095,415.39423,1331969,6.6,415.39453984209996,4,0.0003098420999663176,29,51,O1
16116,416.28035,2117590,11.8,416.2806322875,7,0.0002822874999992564,25,38,O4N1
16144,417.33754,2655187,15.4,417.3374188889,5,0.00012111109998613756,27,45,O3
16149,417.44596,1266669,6.1,417.4465754153,2,0.0006154152999897633,30,57,
16173,418.29632000000004,3291831,19.7,418.2962823519,6,3.7648100033038645e-05,25,40,O4N1
16187,419.12807999999995,66817404,444.3,419.1288826717,19,0.0008026717000575445,28,19,O4
16209,419.31647999999996,1727656,9.2,419.31668344450003,5,0.00020344450007314663,26,43,O4
16215,419.38939,3440057,20.7,419.3894544621,3,6.446209999921848e-05,28,51,O2
16238,420.26969,1667976,8.8,420.2696736787,15,1.6321300051913568e-05,31,34,N1
16241,420.31199999999995,4567698,28.2,420.3119324163,5,6.758369994486202e-05,25,42,O4N1
16268,421.25343,1332334,6.6,421.25368926249996,15,0.0002592624999806503,31,33,O1
16279,421.40511,7239569,46.1,421.4051045265,2,5.473499982144858e-06,28,53,O2
16292,422.21269,1341261,6.6,422.21255272549996,16,0.00013727450004807906,29,28,O2N1
16294,422.2333,1752914,9.4,422.2336820943,11,0.00038209429999369604,26,32,O4N1
16303,422.32760999999994,15249512,99.6,422.3275824807,4,2.7519299919731566e-05,25,44,O4N1
16336,423.42082999999997,19136868,124.4,423.4207545909,1,7.54090999635082e-05,28,55,O2
16350,424.24905,2759203,16.0,424.2493321587,10,0.0002821586999743886,26,34,O4N1
16356,424.34335,44040760,289.3,424.3432325451,3,0.0001174548999642866,25,46,O4N1
16380,425.36347,2476834,14.1,425.3636336377,2,0.00016363769998406497,26,49,O4
16393,426.26497,2595056,14.9,426.2649822231,9,1.2223099986385932e-05,26,36,O4N1
16432,427.3584,2055400,11.3,427.3581543333,6,0.00024566670003878244,29,47,O2
16433,427.37933,2642668,15.2,427.3792837021,1,4.6297899984892865e-05,26,51,O4
16449,428.28069000000005,3888568,23.4,428.2806322875,8,5.7712500051820825e-05,26,38,O4N1
16484,429.37388,4101293,24.8,429.3738043977,5,7.560230000080992e-05,29,49,O2
16485,429.40989,1567925,8.1,429.41018990649997,4,0.0002999064999471557,30,53,O1
16508,430.29612000000003,3067260,18.0,430.2962823519,7,0.00016235189997360067,26,40,O4N1
16537,431.35285999999996,2403175,13.6,431.35306895329995,5,0.0002089532999889343,28,47,O3
16539,431.38955999999996,1610351,8.3,431.3894544621,4,0.00010553789996947671,29,51,O2
16560,432.31203,3511099,20.9,432.3119324163,6,9.758369998280614e-05,26,42,O4N1
16573,433.14381,12909043,83.2,433.1445327361,19,0.0007227361000445853,29,21,O4
16593,433.33243,1303581,6.3,433.33233350890004,5,9.649109995280014e-05,27,45,O4
16599,433.40539,2455085,13.9,433.4051045265,3,0.00028547350001417726,29,53,O2
16615,434.23364000000004,1574883,8.0,434.2336820943,12,4.209429994261882e-05,27,32,O4N1
16620,434.28535999999997,1383406,6.8,434.2853237431,15,3.6256899988984514e-05,32,36,N1
16625,434.32773,5669624,34.9,434.3275824807,5,0.0001475192999578212,26,44,O4N1
16659,435.42085999999995,6394855,39.6,435.4207545909,2,0.0001054090999446089,29,55,O2
16674,436.24972,1600411,8.2,436.2493321587,11,0.0003878413000393266,27,34,O4N1
16684,436.34331,14900400,95.4,436.3432325451,4,7.745489995159005e-05,26,46,O4N1
16719,437.36338,1293965,6.2,437.3636336377,3,0.0002536376999842105,27,49,O4
16720,437.43645999999995,13634973,87.1,437.4364046553,1,5.534469994472602e-05,29,57,O2
16733,438.26505999999995,2494544,14.0,438.2649822231,10,7.777689995691617e-05,27,36,O4N1
16739,438.35894,45366884,295.2,438.3588826095,3,5.739050004649471e-05,26,48,O4N1
16768,439.37954,1891905,10.1,439.3792837021,2,0.000256297900023128,27,51,O4
16784,440.28064000000006,2910210,16.8,440.2806322875,9,7.712500064371852e-06,27,38,O4N1
16823,441.37386,2574316,14.6,441.3738043977,6,5.5602299994461646e-05,30,49,O2
16824,441.39494,2679793,15.3,441.3949337665,1,6.233500016605831e-06,27,53,O4
16841,442.29645,3594161,21.3,442.2962823519,8,0.0001676480999890373,27,40,O4N1
16876,443.35303,1396114,6.8,443.35306895329995,6,3.895329996339569e-05,29,47,O3
16879,443.38943,6348442,39.3,443.3894544621,5,2.4462099986521935e-05,30,51,O2
16880,443.42595,1677473,8.7,443.4258399709,4,0.00011002910002844146,31,55,O1
16897,444.31197000000003,3278173,19.2,444.3119324163,7,3.758370002060474e-05,27,42,O4N1
16931,445.40519000000006,1738564,9.0,445.4051045265,4,8.547350006438137e-05,30,53,O2
16953,446.32770999999997,4144391,24.6,446.3275824807,6,0.00012751929995147293,27,44,O4N1
16962,447.15937,18294198,116.4,447.1601828005,19,0.0008128005000003213,30,23,O4
16977,447.34785999999997,1508957,7.5,447.3479835733,5,0.00012357330001577793,28,47,O4
16984,447.42068,3116525,17.9,447.4207545909,3,7.459089999883872e-05,30,55,O2
17005,448.30095,1396901,6.8,448.3009738075,15,2.3807499985650793e-05,33,38,N1
17010,448.34328,6167214,37.7,448.3432325451,5,4.745489997048935e-05,27,46,O4N1
17043,449.43644000000006,5936019,36.2,449.4364046553,2,3.534470005206458e-05,30,57,O2
17059,450.26485,2100544,11.3,450.2649822231,11,0.00013222309996763215,28,36,O4N1
17067,450.33783,1450063,7.1,450.3377532407,9,7.67592999864064e-05,30,44,O2N1
17070,450.35885,13768787,87.1,450.3588826095,4,3.260949995365081e-05,27,48,O4N1
17097,451.30113,1830167,9.6,451.3006394557,14,0.0004905443000211562,33,39,O1
17106,451.45210999999995,12712247,80.2,451.4520547197,1,5.528029993229211e-05,30,59,O2
17117,452.28065999999995,2190819,11.9,452.2806322875,10,2.7712499957033288e-05,28,38,O4N1
17124,452.37462999999997,36760056,236.3,452.3745326739,3,9.732609998991393e-05,27,50,O4N1
17147,453.39512,2134218,11.5,453.3949337665,2,0.00018623350001689687,28,53,O4
17162,454.29616,2620804,14.7,454.2962823519,9,0.00012235190001774754,28,40,O4N1
17168,454.34756,1562767,7.8,454.3479240007,12,0.0003640007000171863,33,44,N1
17194,455.38948,5618278,34.2,455.3894544621,6,2.553790000092704e-05,31,51,O2
17195,455.41051,2878570,16.4,455.4105838309,1,7.383090002122117e-05,28,55,O4
17214,456.31188,4404516,26.0,456.3119324163,8,5.24163000363842e-05,28,42,O4N1
17246,457.36864,1370878,6.5,457.36871901769996,6,7.901769993168273e-05,30,49,O3
17250,457.40522999999996,5648901,34.0,457.4051045265,5,0.00012547349996339108,31,53,O2
17271,458.3274,3432131,19.7,458.3275824807,7,0.00018248070000481675,28,44,O4N1
17296,459.32669000000004,3781264,22.0,459.3268542045,11,0.00016420449998122422,32,43,O2
17304,459.42094000000003,1298723,6.0,459.4207545909,4,0.0001854091000268454,31,55,O2
17324,460.3432,4335200,25.5,460.3432325451,6,3.254509999806032e-05,28,46,O4N1
17336,461.17502,14911755,93.4,461.17583286490003,19,0.0008128649000127552,31,25,O4
17360,461.43635,2663488,14.8,461.4364046553,3,5.4655300004924356e-05,31,57,O2
17372,462.26482000000004,1505258,7.4,462.2649822231,12,0.00016222309994873285,29,36,O4N1
17382,462.35889000000003,5990909,36.2,462.3588826095,5,7.390500059045735e-06,28,48,O4N1
17420,463.452,6138589,37.1,463.4520547197,2,5.4719700017358264e-05,31,59,O2
17444,464.28045999999995,2119302,11.3,464.2806322875,11,0.00017228750004960602,29,38,O4N1
17450,464.35290999999995,1536661,7.6,464.3534033051,9,0.0004933051000648447,31,46,O2N1
17453,464.37457,13767577,86.1,464.3745326739,4,3.732610002771253e-05,28,50,O4N1
17482,465.46774000000005,9590904,59.3,465.4677047841,1,3.521590002719677e-05,31,61,O2
17490,466.29624,2391073,13.0,466.2962823519,10,4.235189999235445e-05,29,40,O4N1
17498,466.39027000000004,32154932,204.0,466.3901827383,3,8.726170005957101e-05,28,52,O4N1
17523,467.4105,2301445,12.5,467.4105838309,2,8.38308999959736e-05,29,55,O4
17534,468.31192000000004,2470333,13.4,468.3119324163,9,1.2416299966844235e-05,29,42,O4N1
17560,469.33257000000003,1516685,7.3,469.33233350890004,8,0.00023649109999723805,30,45,O4
17567,469.4052,3635100,20.8,469.4051045265,6,9.547349998229038e-05,32,53,O2
17568,469.42609000000004,3879328,22.3,469.4262338953,1,0.0001438952999706089,29,57,O4
17583,470.32754000000006,4652120,27.2,470.3275824807,8,4.248069996037884e-05,29,44,O4N1
17606,471.38429,1355055,6.3,471.38436908209997,6,7.908209994411664e-05,31,51,O3
17609,471.42077,3338295,18.9,471.4207545909,5,1.5409100001306797e-05,32,55,O2
17611,471.45745,1718078,8.6,471.4571400997,4,0.00030990030001021296,33,59,O1
17617,472.24932,1431520,6.8,472.2493321587,14,1.2158699973952025e-05,30,34,O4N1
17626,472.34323,3594995,20.5,472.3432325451,7,2.5451000169596227e-06,29,46,O4N1
17660,473.39987,2671307,14.7,473.4000191465,5,0.0001491464999503478,31,53,O3
17684,474.35894,3501710,19.9,474.3588826095,6,5.739050004649471e-05,29,48,O4N1
17697,475.1907,14941240,92.4,475.1914829293,19,0.000782929299987245,32,27,O4
17712,475.37917999999996,1837918,9.4,475.3792837021,5,0.00010370210003429747,30,51,O4
17720,475.4524,1728365,8.7,475.4520547197,3,0.00034528029999592036,32,59,O2
17737,476.28036,1419286,6.7,476.2806322875,12,0.00027228750002450397,30,38,O4N1
17748,476.37452,6463786,38.7,476.3745326739,5,1.2673899959736445e-05,29,50,O4N1
17778,477.46777000000003,4479753,26.1,477.4677047841,2,6.521590000829747e-05,32,61,O2
17792,478.29605,1766065,8.9,478.2962823519,11,0.00023235190002424133,30,40,O4N1
17799,478.36899000000005,2050496,10.7,478.36905336949997,9,6.336949991236906e-05,32,48,O2N1
17802,478.39017,14466757,89.4,478.3901827383,4,1.2738299972170353e-05,29,52,O4N1
17828,479.38968,1618065,8.0,479.3894544621,8,0.00022553790000756635,33,51,O2
17831,479.48348,7266212,43.8,479.48335484849997,1,0.00012515150001490838,32,63,O2
17843,480.31167999999997,2518349,13.7,480.3119324163,10,0.0002524163000430235,30,42,O4N1
17850,480.40587999999997,31207520,195.5,480.4058328027,3,4.719729997759714e-05,29,54,O4N1
17875,481.42620999999997,2382897,12.6,481.4262338953,2,2.3895300046206103e-05,30,57,O4
17888,482.32742,3203561,17.8,482.3275824807,9,0.00016248069999846848,30,44,O4N1
17918,483.42097,2340040,12.4,483.4207545909,6,0.0002154091000079461,33,55,O2
17919,483.44194000000005,4865741,28.2,483.4418839597,1,5.60403000235965e-05,30,59,O4
17936,484.34306,4333445,24.8,484.3432325451,8,0.00017254510004249823,30,46,O4N1
17965,485.36394,1317205,6.0,485.3636336377,7,0.0003063623000230109,31,49,O4
17968,485.43636,3261540,18.1,485.4364046553,5,4.465530003017193e-05,33,57,O2
17969,485.47278,1441644,6.8,485.4727901641,4,1.0164099990106479e-05,34,61,O1
17985,486.33782,1360668,6.2,486.3377532407,12,6.675930001165398e-05,33,44,O2N1
17988,486.35877,3755297,21.2,486.3588826095,7,0.0001126094999790439,30,48,O4N1
18041,488.37442999999996,4196542,24.0,488.3745326739,6,0.00010267390001672538,30,50,O4N1
18052,489.20637,12291944,74.6,489.2071329937,19,0.0007629936999933307,33,29,O4
18077,489.46775,1876381,9.5,489.4677047841,3,4.5215900001949194e-05,33,61,O2
18086,490.2963,1668551,8.2,490.2962823519,12,1.7648099969846953e-05,31,40,O4N1
18095,490.39020999999997,7373915,43.9,490.3901827383,5,2.7261699983682774e-05,30,52,O4N1
18120,491.35245,1443424,6.8,491.35306895329995,10,0.0006189532999769654,33,47,O3
18122,491.36928,1614627,7.8,491.3683250933,14,0.0009549067000307332,37,47,
18130,491.48334000000006,4463419,25.7,491.48335484849997,2,1.4848499915842694e-05,33,63,O2
18141,492.31205,1972708,10.1,492.3119324163,11,0.00011758369998915441,31,42,O4N1
18148,492.38494000000003,1943795,9.9,492.3847034339,9,0.00023656610005673429,33,50,O2N1
18150,492.40587,15473144,94.5,492.4058328027,4,3.719730000284471e-05,30,54,O4N1
18179,493.49913,5828312,34.2,493.4990049129,1,0.00012508710000247447,33,65,O2
18189,494.32752999999997,2154370,11.2,494.3275824807,10,5.248070004881811e-05,31,44,O4N1
18196,494.42150999999996,33315734,206.1,494.4214828671,3,2.713289995881496e-05,30,56,O4N1
18218,495.3269,2073680,10.6,495.3268542045,14,4.579550000016752e-05,35,43,O2
18230,495.44209000000006,2504295,13.2,495.4418839597,2,0.00020604030004278684,31,59,O4
18246,496.34310999999997,3290913,18.1,496.3432325451,9,0.00012254510005504926,31,46,O4N1
18250,496.39500999999996,1345835,6.1,496.39487419389997,12,0.00013580609999053195,36,50,N1
18275,497.43605,2529282,13.4,497.4364046553,6,0.0003546552999864616,34,57,O2
18276,497.45737,5130246,29.4,497.4575340241,1,0.000164024100001825,31,61,O4
18293,498.35895999999997,4543168,25.8,498.3588826095,8,7.739049999599956e-05,31,48,O4N1
18325,499.45185999999995,2272161,11.8,499.4520547197,5,0.00019471970006179617,34,59,O2
18327,499.48880999999994,1398441,6.4,499.48844022849994,4,0.00036977150000438996,35,63,O1
18342,500.3537,1924699,9.6,500.3534033051,12,0.0002966948999869601,34,46,O2N1
18344,500.37452,4296287,24.3,500.3745326739,7,1.2673899959736445e-05,31,50,O4N1
18369,501.35362000000003,1365161,6.2,501.3526750289,16,0.0009449711000115713,38,45,
18379,501.46754000000004,1685057,8.1,501.4677047841,4,0.00016478409997944254,34,61,O2
18387,502.29593,1383148,6.3,502.2962823519,13,0.00035235190000548755,32,40,O4N1
18395,502.39017,5268992,30.3,502.3901827383,6,1.2738299972170353e-05,31,52,O4N1
18410,503.22202999999996,12212908,73.1,503.2227830581,19,0.0007530581000310121,34,31,O4
18423,503.36888,1982154,10.0,503.3683250933,15,0.0005549067000174546,38,47,
18427,503.41034,1553363,7.3,503.4105838309,5,0.00024383089998991636,32,55,O4
18431,503.4466,1534810,7.2,503.4469693397,4,0.0003693397000006371,33,59,O3
18434,503.48295999999993,2456802,12.9,503.48335484849997,3,0.0003948485000364599,34,63,O2
18453,504.40574000000004,6843297,40.0,504.4058328027,5,9.280269995315393e-05,31,54,O4N1
18476,505.49917,4579459,26.0,505.4990049129,2,0.00016508710001517102,34,65,O2
18488,506.30661,1343531,6.0,506.3064531119,16,0.0001568880999798239,35,40,O2N1
18490,506.32747,2548015,13.5,506.3275824807,11,0.00011248070001101951,32,44,O4N1
18497,506.40044000000006,1804350,8.9,506.4003534983,9,8.650170008195346e-05,34,52,O2N1
18500,506.42155999999994,16293186,98.3,506.4214828671,4,7.713289994626393e-05,31,56,O4N1
18528,507.51449,6354469,37.0,507.5146549773,1,0.00016497729995990085,34,67,O2
18536,508.34329,3444946,19.0,508.3432325451,10,5.7454900002085196e-05,32,46,O4N1
18543,508.43715999999995,30090980,183.4,508.4371329315,3,2.7068499946381053e-05,31,58,O4N1
18555,509.30689,2124698,10.7,509.3061187601,15,0.0007712399000183723,35,41,O3
18567,509.45775999999995,4246457,23.6,509.4575340241,2,0.00022597589992301437,32,61,O4
18579,510.35894,3457653,18.8,510.3588826095,9,5.739050004649471e-05,32,48,O4N1
18612,511.45193,1516505,7.0,511.4520547197,6,0.0001247197000111555,35,59,O2
18613,511.47314000000006,7607645,44.1,511.4731840885,1,4.408849991932584e-05,32,63,O4
18632,512.35297,1424917,6.4,512.3534033051001,13,0.0004333051000457999,35,46,O2N1
18634,512.37478,4763162,26.7,512.3745326739,8,0.00024732609995226085,32,50,O4N1
18662,513.4676599999999,2263294,11.5,513.4677047841001,5,4.478410016872658e-05,35,61,O2
18668,514.2964,1532843,7.1,514.2962823519001,14,0.00011764809983105806,33,40,O4N1
18676,514.39001,4411327,24.6,514.3901827383,7,0.00017273830007979996,32,52,O4N1
18726,516.40585,4325221,24.1,516.4058328027,6,1.719729993965302e-05,32,54,O4N1
18737,517.23772,10659348,62.6,517.2384331225,19,0.0007131225000875929,35,33,O4
18751,517.4264,1837371,8.9,517.4262338953,5,0.00016610469992883736,33,57,O4
18756,517.46271,1998403,9.9,517.4626194041001,4,9.05958999055656e-05,34,61,O3
18759,517.49902,2254154,11.5,517.4990049129,3,1.508709999598068e-05,35,65,O2
18768,518.32791,1922041,9.5,518.3275824807001,12,0.0003275192998444254,33,44,O4N1
18777,518.42145,7241485,41.8,518.4214828671,5,3.286710000338644e-05,32,56,O4N1
18798,519.4003799999999,2942426,15.7,519.3996252221001,14,0.0007547778998286958,39,51,
18804,519.51464,3986418,22.0,519.5146549773,2,1.4977299997553928e-05,35,67,O2
18816,520.34313,2409633,12.4,520.3432325451001,11,0.00010254510016238783,33,46,O4N1
18824,520.41555,1853616,9.0,520.4160035627001,9,0.0004535627000450404,35,54,O2N1
18827,520.43718,15509685,92.1,520.4371329315001,4,4.7068499952729326e-05,32,58,O4N1
18855,521.53025,4792220,26.9,521.5303050417,1,5.504169996584096e-05,35,69,O2
18867,522.35869,4098123,22.7,522.3588826095,10,0.000192609500004437,33,48,O4N1
18874,522.4528,29823582,179.2,522.4527829959001,3,1.700409995919472e-05,32,60,O4N1
18895,523.4733,3713335,20.3,523.4731840885,2,0.00011591149996093009,33,63,O4
18907,524.37443,3334902,17.8,524.3745326739,9,0.0001026739000735688,33,50,O4N1
18922,525.3534599999999,1451077,6.5,525.3526750289001,18,0.0007849710998470982,40,45,
18930,525.46789,1812446,8.7,525.4677047841001,6,0.00018521589993270027,36,61,O2
18931,525.489,5155554,28.8,525.4888341529,1,0.00016584709999278857,33,65,O4
18943,526.39006,5271458,29.5,526.3901827383,8,0.00012273830009235098,33,52,O4N1
18965,527.44699,4128899,22.6,527.4469693397001,6,2.0660299924202263e-05,35,59,O3
18968,527.48333,2240650,11.2,527.4833548485,5,2.484849994743854e-05,36,63,O2
18976,528.3116,1432379,6.4,528.3119324163001,14,0.00033241630012526,34,42,O4N1
18983,528.3842099999999,1706570,8.0,528.3847034339001,12,0.000493433900146556,36,50,O2N1
18985,528.40569,5624655,31.6,528.4058328027,7,0.00014280269999744633,33,54,O4N1
19003,529.38442,1481888,6.7,529.3839751577001,16,0.00044484229988484003,40,49,
19009,529.46293,2261553,11.4,529.4626194041001,5,0.0003105958999185532,35,61,O3
19013,529.49899,1421368,6.3,529.4990049129,4,1.4912899928276602e-05,36,65,O2
19018,530.32768,1794026,8.6,530.3275824807001,13,9.751929985668539e-05,34,44,O4N1
19027,530.42151,4480254,24.7,530.4214828671,6,2.713289995881496e-05,33,56,O4N1
19037,531.25337,10193328,59.0,531.2540831869001,19,0.0007131869000431834,36,35,O4
19054,531.47834,2027744,10.0,531.4782694685,4,7.053150000047026e-05,35,63,O3
19057,531.51457,1712616,8.1,531.5146549773,3,8.497729993450776e-05,36,67,O2
19070,532.41612,1409449,6.2,532.4160035627001,10,0.00011643729988009,36,54,O2N1
19072,532.43712,6564526,37.2,532.4371329315001,5,1.2931500009472074e-05,33,58,O4N1
19088,533.41572,2419584,12.3,533.4152752865001,14,0.0004447134998599722,40,53,
19094,533.53022,3497881,18.8,533.5303050417,2,8.504170000378508e-05,36,69,O2
19107,534.35852,2672203,13.8,534.3588826095,11,0.0003626095000299756,34,48,O4N1
19112,534.43145,2163419,10.8,534.4316536271001,9,0.00020362710006338602,36,56,O2N1
19114,534.45285,15180895,89.0,534.4527829959001,4,6.700409994664369e-05,33,60,O4N1
19138,535.54579,4415819,24.3,535.5459551061,1,0.00016510609998476866,36,71,O2
19149,536.37421,3377662,18.1,536.3745326739,10,0.0003226739000865564,34,50,O4N1
19155,536.46845,28204562,167.2,536.4684330603001,3,1.6939699889917392e-05,33,62,O4N1
19182,537.4888900000001,8438511,48.5,537.4888341529,2,5.58471000431382e-05,34,65,O4
19196,538.3901099999999,3903923,21.2,538.3901827383,9,7.273830010490201e-05,34,52,O4N1
19199,538.44236,1440702,6.4,538.4418243871,12,0.0005356128999665088,39,56,N1
19214,539.35316,1942148,9.4,539.3530689533001,14,9.104669993575953e-05,37,47,O3
19225,539.48336,2007200,9.8,539.4833548485,6,5.151499976818741e-06,37,63,O2
19226,539.50435,11833508,68.9,539.5044842173,1,0.0001342173000011826,34,67,O4
19231,540.31251,1620052,7.4,540.3119324163001,15,0.0005775836998509476,35,42,O4N1
19236,540.38457,1697380,7.9,540.3847034339001,13,0.00013343390003228706,37,50,O2N1
19238,540.4057,6322537,35.3,540.4058328027,8,0.0001328027000226939,34,54,O4N1
19257,541.38484,1752126,8.2,541.3839751577001,17,0.0008648422999613103,41,49,
19265,541.4985,1928534,9.2,541.4990049129,5,0.0005049128999417007,37,65,O2
19275,542.3276900000001,1963787,9.4,542.3275824807001,14,0.00010751929994512466,35,44,O4N1
19283,542.40041,3109659,16.2,542.4003534983001,12,5.650169987347908e-05,37,52,O2N1
19285,542.42147,5758752,32.0,542.4214828671,7,1.2867100053881586e-05,34,56,O4N1
19307,543.42045,1409145,6.1,543.4207545909001,11,0.00030459090010026557,38,55,O2
19312,543.47821,2858502,14.8,543.4782694685,5,5.9468500012371805e-05,36,63,O3
19321,544.3431099999999,1465795,6.5,544.3432325451001,13,0.00012254510022557952,35,46,O4N1
19329,544.43714,5522647,30.6,544.4371329315001,6,7.06849994003278e-06,34,58,O4N1
19342,545.26891,8939917,50.9,545.2697332513001,19,0.0008232513000621111,37,37,O4
19354,545.41574,2010285,9.7,545.4152752865001,15,0.0004647134999231639,41,53,
19357,545.45754,2126262,10.4,545.4575340241,5,5.975899966870202e-06,35,61,O4
19362,545.49425,2238910,11.1,545.4939195329,4,0.00033046709995687706,36,65,O3
19365,545.5303299999999,2025158,9.8,545.5303050417,3,2.4958299945865292e-05,37,69,O2
19372,546.3588900000001,2572411,13.1,546.3588826095,12,7.390500059045735e-06,35,48,O4N1
19376,546.40981,2095750,10.2,546.4105242583001,15,0.000714258300149595,40,52,N1
19381,546.45265,7644816,43.2,546.4527829959001,5,0.00013299590011683904,34,60,O4N1
19400,547.41597,1437794,6.3,547.4156692109001,10,0.00030078909992425906,37,55,O3
19402,547.43171,2301029,11.4,547.4309253509001,14,0.0007846490998417721,41,55,
19407,547.54597,4325246,23.5,547.5459551061,2,1.4893900015522377e-05,37,71,O2
19417,548.37455,3185715,16.7,548.3745326739,11,1.7326099964520836e-05,35,50,O4N1
19426,548.46843,18053192,105.0,548.4684330603001,4,3.060300059587462e-06,34,62,O4N1
19450,549.56149,3416886,18.1,549.5616051705,1,0.00011517049995291018,37,73,O2
19462,550.3901599999999,4515819,24.6,550.3901827383,10,2.2738300117453036e-05,35,52,O4N1
19468,550.48408,30816768,180.8,550.4840831247001,3,3.124700128864788e-06,34,64,O4N1
19491,551.50442,4537566,24.7,551.5044842173,2,6.421730006422877e-05,35,67,O4
19503,552.40555,4554146,24.8,552.4058328027,9,0.00028280270009872766,35,54,O4N1
19511,552.55108,1594562,7.2,552.5513748379001,5,0.00029483790012818645,39,70,N1
19529,553.4990799999999,1398928,6.1,553.4990049129,6,7.508709995818208e-05,38,65,O2
19530,553.52026,5705877,31.6,553.5201342817,1,0.0001257182999552242,35,69,O4
19534,554.3272900000001,1435972,6.3,554.3275824807001,15,0.00029248070006815396,36,44,O4N1
19541,554.4001900000001,1422036,6.2,554.4003534983001,13,0.00016349830002582166,38,52,O2N1
19543,554.42148,6474073,36.2,554.4214828671,8,2.867100079129159e-06,35,56,O4N1
19570,555.47803,1606974,7.3,555.4782694685,6,0.00023946850001266284,37,63,O3
19573,555.51445,1747013,8.1,555.5146549773,5,0.0002049772999725974,38,67,O2
19587,556.34338,1819897,8.6,556.3432325451001,14,0.00014745489988854388,36,46,O4N1
19595,556.4159599999999,2988809,15.5,556.4160035627001,12,4.356270017069619e-05,38,54,O2N1
19597,556.43701,7527181,42.5,556.4371329315001,7,0.00012293150007280929,35,58,O4N1
19634,558.35887,2176684,10.6,558.3588826095,13,1.2609500004145957e-05,36,48,O4N1
19643,558.4529,5316801,29.0,558.4527829959001,6,0.00011700409993409266,35,60,O4N1
19655,559.28458,7477620,41.6,559.2853833157001,19,0.0008033157000681967,38,39,O4
19673,559.50947,2134436,10.3,559.5095695973,4,9.959730004993617e-05,37,67,O3
19682,560.37462,2871902,14.6,560.3745326739,12,8.73261000151615e-05,36,50,O4N1
19690,560.46844,8523378,47.8,560.4684330603001,5,6.939699915164965e-06,35,62,O4N1
19713,561.4886799999999,2009932,9.6,561.4888341529,4,0.0001541529001087838,36,65,O4
19715,561.56149,2349916,11.6,561.5616051705,2,0.00011517049995291018,38,73,O2
19723,562.39043,2534413,12.6,562.3901827383,11,0.00024726169999667036,36,52,O4N1
19731,562.48414,16677921,95.6,562.4840831247001,4,5.687529994702345e-05,35,64,O4N1
19754,563.50435,4712698,25.4,563.5044842173,3,0.0001342173000011826,36,67,O4
19755,563.57711,2822921,14.3,563.5772552349,1,0.00014523490006013162,38,75,O2
19761,564.38515,1656245,7.5,564.3847034339001,15,0.00044656609986759577,39,50,O2N1
19764,564.40568,4276153,22.9,564.4058328027,10,0.0001528027000858856,36,54,O4N1
19772,564.49973,28247500,163.4,564.4997331891001,3,3.1891000844552764e-06,35,66,O4N1
19788,565.4624200000001,1623449,7.3,565.4626194041,8,0.00019940409993068897,38,61,O3
19794,565.52012,8420005,47.2,565.5201342817,2,1.4281700032370281e-05,36,69,O4
19807,566.4216,4596579,24.7,566.4214828671,9,0.00011713289995896048,36,56,O4N1
19835,567.53575,8586316,48.1,567.5357843461001,1,3.434610005115246e-05,36,71,O4
19848,568.41541,2044420,9.8,568.4160035627,13,0.0005935627000326349,39,54,O2N1
19850,568.43705,8045833,45.0,568.4371329315001,8,8.293150006011274e-05,36,58,O4N1
19878,569.4936700000001,1989604,9.4,569.4939195329,6,0.00024953289994300576,38,65,O3
19881,569.5306099999999,1783788,8.2,569.5303050417,5,0.0003049582999210543,39,69,O2
19893,570.4323,2379239,11.7,570.4316536271,12,0.000646372900064307,39,56,O2N1
19895,570.45299,6707883,37.1,570.4527829959001,7,0.00020700409993423818,36,60,O4N1
19920,571.50958,2939781,15.0,571.5095695973,5,1.0402700013401045e-05,38,67,O3
19935,572.3748,1940534,9.2,572.3745326739,13,0.00026732610001545254,37,50,O4N1
19943,572.4684900000001,4557385,24.5,572.4684330603001,6,5.6939700016300776e-05,36,62,O4N1
19952,573.30029,5511411,30.1,573.3010333801001,19,0.0007433801000615858,39,41,O4
19967,573.5045200000001,1705756,7.8,573.5040902929001,9,0.0004297071000110009,41,65,O1
19969,573.52497,1968928,9.3,573.5252196617,4,0.0002496616999678736,38,69,O3
19972,573.56149,1711400,7.8,573.5616051705,3,0.00011517049995291018,39,73,O2
19981,574.39033,2434000,12.0,574.3901827383,12,0.00014726169990808557,37,52,O4N1
19990,574.48407,7933411,44.3,574.4840831247001,5,1.3124700103617215e-05,36,64,O4N1
20012,575.57737,2528447,12.4,575.5772552349,2,0.00011476509996555251,39,75,O2
20020,576.4059,2897253,14.6,576.4058328027,11,6.7197299927102e-05,37,54,O4N1
20029,576.49988,15587192,88.0,576.4997331891001,4,0.00014681089987789164,36,66,O4N1
20055,577.59303,2452306,12.0,577.5929052993,1,0.00012470069998471445,39,77,O2
20068,578.42185,3000821,15.2,578.4214828671,10,0.00036713289989620534,37,56,O4N1
20073,578.51546,21827848,124.1,578.5153832535001,3,7.674649987166049e-05,36,68,O4N1
20095,579.5353200000001,3769808,19.6,579.5357843461001,2,0.00046434609998868837,37,71,O4
20108,580.4371,5153408,27.6,580.4371329315001,9,3.2931500072663766e-05,37,58,O4N1
20132,581.5300900000001,1672276,7.5,581.5303050417,6,0.0002150416999029403,40,69,O2
20134,581.55129,5212504,28.0,581.5514344105001,1,0.00014441050007008016,37,73,O4
20140,582.3593400000001,1601011,7.1,582.3588826095,15,0.00045739050005977333,38,48,O4N1
20147,582.45312,7275525,39.9,582.4527829959001,8,0.00033700409994708025,37,60,O4N1
20178,584.37448,1463666,6.3,584.3745326739,14,5.267390008611983e-05,38,50,O4N1
20184,584.44744,2160768,10.3,584.4473036915,12,0.0001363085000321007,40,58,O2N1
20186,584.46845,6148484,33.4,584.4684330603001,7,1.6939699889917392e-05,37,62,O4N1
20209,585.5251400000001,2250314,10.8,585.5252196617,5,7.966169994233496e-05,39,69,O3
20225,586.48392,4248317,22.4,586.4840831247001,6,0.00016312470006596413,37,64,O4N1
20231,587.3158599999999,5331862,28.6,587.3166834445001,19,0.0008234445001562563,40,43,O4
20248,587.54013,1842623,8.4,587.5408697261,4,0.000739726100050575,39,71,O3
20255,588.40618,1881693,8.7,588.4058328027,12,0.000347197299902291,38,54,O4N1
20264,588.49987,7043183,38.5,588.4997331891001,5,0.00013681089990313922,37,66,O4N1
20280,589.44197,1467929,6.3,589.4414900353,15,0.00047996469993449864,43,57,O1
20287,589.5929,2055476,9.7,589.5929052993,2,5.299300028127618e-06,40,77,O2
20294,590.42169,3261384,16.7,590.4214828671,11,0.000207132899959106,38,56,O4N1
20303,590.51536,14098905,79.4,590.5153832535001,4,2.3253500103237457e-05,37,68,O4N1
20324,591.6083,2675099,13.3,591.6085553637,1,0.0002553637000346498,40,79,O2
20333,592.43717,3748140,19.5,592.4371329315001,10,3.70684999779769e-05,38,58,O4N1
20341,592.5311,18785084,106.5,592.5310333179001,3,6.668209994131757e-05,37,70,O4N1
20342,592.56786,1604418,7.1,592.5674188267001,2,0.0004411732999187734,38,74,O3N1
20359,593.55129,3283949,16.8,593.5514344105001,2,0.00014441050007008016,38,73,O4
20372,594.45296,4481672,23.6,594.4527829959001,9,0.00017700409989629406,38,60,O4N1
20379,594.5826900000001,3035805,15.3,594.5830688911001,1,0.0003788911000128792,38,76,O3N1
20396,595.5460099999999,1442624,6.1,595.5459551061,6,5.4893899914532085e-05,41,71,O2
20397,595.5670299999999,5079364,27.1,595.5670844749001,1,5.447490013921197e-05,38,75,O4
20413,596.4685400000001,6364635,34.5,596.4684330603001,8,0.00010693970000374975,38,62,O4N1
20419,596.5981400000001,2088176,9.8,596.5987189555001,0,0.0005789555000319524,38,78,O3N1
20437,597.5244799999999,2066057,9.7,597.5252196617,6,0.0007396617000949846,40,69,O3
20456,598.48423,5695270,30.6,598.4840831247001,7,0.00014687529994716897,38,64,O4N1
20484,599.54076,2571728,12.6,599.5408697261,5,0.00010972610004955641,40,71,O3
20501,600.49993,4836456,25.7,600.4997331891001,6,0.00019681089986534062,38,66,O4N1
20509,601.33169,4653291,24.6,601.3323335089001,19,0.0006435089001115557,41,45,O4
20525,601.53557,2388234,11.6,601.5353904217001,9,0.00017957829993520136,43,69,O1
20528,601.55626,1846541,8.4,601.5565197905,4,0.00025979050008118065,40,73,O3
20530,601.59253,1790227,8.1,601.5929052993,3,0.0003752993000034621,41,77,O2
20536,602.4219099999999,2372883,11.5,602.4214828671,12,0.00042713289985840674,39,56,O4N1
20545,602.51543,8153505,44.8,602.5153832535001,5,4.674649994740321e-05,38,68,O4N1
20573,603.60861,2043719,9.6,603.6085553637,2,5.4636299978483294e-05,41,79,O2
20582,604.4372400000001,3184835,16.1,604.4371329315001,11,0.00010706850002861756,39,58,O4N1
20590,604.5310599999999,13994704,78.5,604.5310333179001,4,2.668209981493419e-05,38,70,O4N1
20609,605.6241,2341233,11.3,605.6242054281,1,0.00010542810002789338,41,81,O2
20620,606.45283,3254761,16.5,606.4527829959001,10,4.7004099883452e-05,39,60,O4N1
20628,606.54676,19936246,112.8,606.5466833823001,3,7.661769984679268e-05,38,72,O4N1
20648,607.5672599999999,4039815,21.1,607.5670844749001,2,0.00017552509984852804,39,75,O4
20658,608.4687299999999,3848453,20.0,608.4684330603001,9,0.0002969396998651064,39,62,O4N1
20666,608.5989400000001,1620758,7.1,608.5987189555001,1,0.00022104449999460485,39,78,O3N1
20684,609.56214,1540762,6.7,609.5616051705,6,0.0005348294999976133,42,73,O2
20686,609.58275,5865885,31.6,609.5827345393001,1,1.546069995583821e-05,39,77,O4
20697,610.46331,1690387,7.5,610.4629537559,13,0.00035624409997581097,42,60,O2N1
20699,610.48432,5328918,28.5,610.4840831247001,8,0.0002368752999473145,39,64,O4N1
20703,610.5355599999999,2377501,11.5,610.5357247735001,11,0.0001647735001597539,44,68,N1
20706,610.61468,1836072,8.4,610.6143690199001,0,0.00031098009992547304,39,80,O3N1
20722,611.5407,1854626,8.5,611.5408697261,6,0.0001697261000117578,41,71,O3
20743,612.49961,4904223,26.1,612.4997331891001,7,0.00012318910012254491,39,66,O4N1
20766,613.55606,2546853,12.5,613.5565197905,5,0.00045979050003097655,41,73,O3
20774,614.4217,1961490,9.1,614.4214828671,13,0.00021713289993385843,40,56,O4N1
20782,614.51552,4037150,21.1,614.5153832535001,6,0.00013674649994754873,39,68,O4N1
20783,614.52975,3962911,20.6,614.5306393935001,10,0.0008893935000742204,43,68,O1N1
20790,615.34722,2573444,12.6,615.3479835733001,19,0.0007635733001052358,42,47,O4
20798,615.45619,1867922,8.5,615.4571400997,16,0.0009500997000486677,45,59,O1
20806,615.57239,2027936,9.4,615.5721698549,4,0.00022014510000190057,41,75,O3
20814,616.4375,1550089,6.7,616.4371329315001,12,0.00036706849994061486,40,58,O4N1
20821,616.51052,1443601,6.1,616.5099039491,10,0.0006160509000210368,42,66,O2N1
20823,616.5310099999999,8287508,45.5,616.5310333179001,5,2.3317900172514783e-05,39,70,O4N1
20837,617.47289,2851460,14.2,617.4727901641,15,9.98358999595439e-05,45,61,O1
20851,618.4531,2853879,14.2,618.4527829959001,11,0.00031700409988388856,40,60,O4N1
20857,618.5468400000001,12839426,71.7,618.5466833823001,4,0.0001566176999858726,39,72,O4N1
20885,620.46875,2863838,14.3,620.4684330603001,10,0.00031693969992829807,40,62,O4N1
20891,620.56244,16239336,91.2,620.5623334467001,3,0.0001065532999291463,39,74,O4N1
20913,621.58296,3419994,17.5,621.5827345393001,2,0.00022546069988038653,40,77,O4
20922,622.48405,3925949,20.4,622.4840831247001,9,3.312470005312207e-05,40,64,O4N1
20948,623.59841,4878389,25.8,623.5983846037001,1,2.539629986131331e-05,40,79,O4
20962,624.49994,6059157,32.6,624.4997331891001,8,0.00020681089995377988,40,66,O4N1
20984,625.55671,2179076,10.3,625.5565197905,6,0.00019020949991954694,42,73,O3
20993,626.42196,1462621,6.2,626.4214828671,14,0.00047713289995954256,41,56,O4N1
21000,626.51544,4659559,24.6,626.5153832535001,7,5.6746499922155635e-05,40,68,O4N1
21024,627.5720299999999,2190034,10.4,627.5721698549,5,0.00013985490011236834,42,75,O3
21040,628.53105,4225586,22.1,628.5310333179001,6,1.66820999538686e-05,40,70,O4N1
21046,629.36336,2624645,12.9,629.3636336377001,19,0.000273637700161089,43,49,O4
21060,629.58822,2934939,14.7,629.5878199193,4,0.0004000806999329143,42,77,O3
21067,630.4523,2307823,11.0,630.4527829959001,12,0.00048299590002898185,41,60,O4N1
21073,630.5250599999999,1579766,6.9,630.5255540135,10,0.0004940135000879309,43,68,O2N1
21074,630.54697,6004472,32.3,630.5466833823001,5,0.00028661769988502783,40,72,O4N1
21103,632.4690400000001,2381232,11.5,632.4684330603001,11,0.0006069396999919263,41,62,O4N1
21109,632.56245,10502073,58.2,632.5623334467001,4,0.00011655329990389873,40,74,O4N1
21131,634.46296,1475179,6.3,634.4629537559,15,6.244099949981319e-06,44,60,O2N1
21133,634.48383,3212909,16.3,634.4840831247001,10,0.00025312470006610965,41,64,O4N1
21139,634.5779,14108789,79.0,634.5779835111001,3,8.351110011517449e-05,40,76,O4N1
21160,635.5978,3082195,15.5,635.5983846037001,2,0.0005846037000765136,41,79,O4
21173,636.50013,3137829,15.8,636.4997331891001,9,0.00039681089992882335,41,66,O4N1
21180,636.6307099999999,1802544,8.1,636.6300190843001,1,0.0006909156998062826,41,82,O3N1
21196,637.61398,3567497,18.3,637.6140346681001,1,5.466810011967027e-05,41,81,O4
21208,638.4940799999999,1439447,6.0,638.4942538847,13,0.00017388470007517753,44,64,O2N1
21210,638.51577,4268505,22.3,638.5153832535001,8,0.0003867464998847936,41,68,O4N1
21217,638.64634,2085860,9.7,638.6456691487001,0,0.0006708512999011873,41,84,O3N1
21249,640.53131,4022922,20.9,640.5310333179001,7,0.0002766820998658659,41,70,O4N1
21279,642.45302,1691951,7.5,642.4527829959001,13,0.0002370040999721823,42,60,O4N1
21286,642.5468900000001,2990647,14.9,642.5466833823001,6,0.00020661769997332158,41,72,O4N1
21319,644.5623400000001,5303267,28.2,644.5623334467001,5,6.5532999542483594e-06,41,74,O4N1
21340,646.48356,2017668,9.3,646.4840831247001,11,0.0005231247000665462,42,64,O4N1
21346,646.57813,9831564,54.2,646.5779835111001,4,0.00014648889987256553,41,76,O4N1
21347,646.61361,1740815,7.8,646.6143690199001,3,0.0007590199001015208,42,80,O3N1
21362,647.59773,1616097,7.0,647.5983846037001,3,0.0006546037001271543,42,79,O4
21374,648.50028,2433836,11.7,648.4997331891001,10,0.0005468108998911703,42,66,O4N1
21380,648.59397,11619635,64.5,648.5936335755001,3,0.0003364244998920185,41,78,O4N1
21381,648.62986,1797942,8.1,648.6300190843001,2,0.00015908430009403673,42,82,O3N1
21386,649.4769299999999,2031229,9.4,649.4778755441,19,0.0009455441000909559,49,61,
21396,649.61375,2290568,10.9,649.6140346681001,2,0.0002846681001074103,42,81,O4
21407,650.51499,3503570,17.9,650.5153832535001,9,0.00039325350007857196,42,68,O4N1
21414,650.64588,3241437,16.4,650.6456691487001,1,0.00021085129992570728,42,84,O3N1
21429,651.62949,3930158,20.3,651.6296847325001,1,0.00019473250006285525,42,83,O4
21441,652.50996,1479286,6.3,652.5099039491,13,5.605089995697199e-05,45,66,O2N1
21443,652.53062,4210808,21.9,652.5310333179001,8,0.00041331790009735414,42,70,O4N1
21451,652.66108,3486595,17.8,652.6613192131001,0,0.00023921310014429764,42,86,O3N1
21481,654.52603,1532700,6.6,654.5255540135,12,0.000475986499964165,45,68,O2N1
21483,654.54652,3585053,18.3,654.5466833823001,7,0.00016338230011569976,42,72,O4N1
21521,656.56283,3445187,17.5,656.5623334467001,6,0.0004965532998539857,42,74,O4N1
21545,657.6184,2578202,12.6,657.6191200481001,4,0.0007200481001063963,44,81,O3
21556,658.4839400000001,1996130,9.2,658.4840831247001,12,0.00014312470000277244,43,64,O4N1
21563,658.5781,5548138,29.6,658.5779835111001,5,0.0001164888998346214,42,76,O4N1
21584,659.6707200000001,1618372,7.0,659.6711556213,2,0.00043562129997098964,45,87,O2
21592,660.50023,2167049,10.2,660.4997331891001,11,0.0004968108999037213,43,66,O4N1
21597,660.57166,1470735,6.2,660.5725042067,9,0.0008442067000942188,45,74,O2N1
21599,660.59365,9439505,52.0,660.5936335755001,4,1.6424499904132972e-05,42,78,O4N1
21600,660.6293900000001,1751060,7.8,660.6300190843001,3,0.0006290843000442692,43,82,O3N1
21625,662.5160900000001,1867185,8.4,662.5153832535001,10,0.000706746499986366,43,68,O4N1
21632,662.6091700000001,12513721,69.3,662.6092836399001,3,0.00011363990006429958,42,80,O4N1
21633,662.64495,2687932,13.1,662.6456691487001,2,0.000719148700113692,43,84,O3N1
21645,663.57197,1800203,8.1,663.5721698549,8,0.00019985490007456974,45,75,O3
21649,663.62938,2449424,11.8,663.6296847325001,2,0.00030473250012619246,43,83,O4
21658,664.53137,3386460,17.1,664.5310333179001,9,0.00033668209994175413,43,70,O4N1
21667,664.66158,3585127,18.3,664.6613192131001,1,0.00026078689984387893,43,86,O3N1
21682,665.64558,3769531,19.3,665.6453347969001,1,0.0002452030998938426,43,85,O4
21694,666.52588,1580295,6.8,666.5255540135,13,0.00032598650000181806,46,68,O2N1
21696,666.5466,4798217,25.2,666.5466833823001,8,8.338230009030667e-05,43,72,O4N1
21702,666.6768599999999,4417300,23.0,666.6769692775001,0,0.0001092775002007329,43,88,O3N1
21711,667.48758,1465179,6.1,667.4884402285,18,0.00086022850007339,49,63,O1
21724,668.46878,2399409,11.5,668.4684330603001,14,0.0003469396999662422,44,62,O4N1
21729,668.54084,2297783,10.9,668.5412040779,12,0.0003640779000306793,46,70,O2N1
21731,668.56246,3565497,18.1,668.5623334467001,7,0.00012655329987865116,43,74,O4N1
21751,669.61873,2094102,9.7,669.6191200481001,5,0.0003900481000300715,45,81,O3
21765,670.57822,3348076,16.9,670.5779835111001,6,0.00023648889987271104,43,76,O4N1
21783,671.63484,3078859,15.4,671.6347701125001,4,6.988749998981802e-05,45,83,O3
21795,672.59352,4810019,25.3,672.5936335755001,5,0.00011357550010870909,43,78,O4N1
21821,674.51593,2340821,11.1,674.5153832535001,11,0.0005467464999355798,44,68,O4N1
21827,674.60948,7979486,43.4,674.6092836399001,4,0.00019636009983514668,43,80,O4N1
21850,676.53071,2418324,11.6,676.5310333179001,10,0.0003233179000972086,44,70,O4N1
21855,676.6247599999999,10850973,59.8,676.6249337043001,3,0.00017370430020946515,43,82,O4N1
21873,677.64536,3385088,17.1,677.6453347969001,2,2.5203099880855007e-05,44,85,O4
21883,678.5468,2800216,13.8,678.5466833823001,9,0.00011661769985948922,44,72,O4N1
21890,678.6772,1943397,8.9,678.6769692775001,1,0.00023072249985034432,44,88,O3N1
21904,679.6616,2846151,14.0,679.6609848613001,1,0.0006151386999135866,44,87,O4
21913,680.54086,1708575,7.5,680.5412040779,13,0.00034407790008117445,47,70,O2N1
21915,680.56227,4318241,22.4,680.5623334467001,8,6.34467000963923e-05,44,74,O4N1
21921,680.69205,2888750,14.3,680.6926193419001,0,0.0005693419001318034,44,90,O3N1
21947,682.57839,4039919,20.8,682.5779835111001,7,0.00040648889989824966,44,76,O4N1
21963,683.63531,2099804,9.8,683.6347701125001,5,0.0005398874999400505,46,83,O3
21977,684.59362,3067328,15.3,684.5936335755001,6,1.3575500133811147e-05,44,78,O4N1
21999,685.6505,2144047,10.0,685.6504201769001,4,7.982309989529313e-05,46,85,O3
22011,686.60914,4931221,25.9,686.6092836399001,5,0.0001436399001022437,44,80,O4N1
22040,688.53128,1917283,8.7,688.5310333179001,11,0.0002466820999416086,45,70,O4N1
22047,688.625,7783277,42.0,688.6249337043001,4,6.629569986671413e-05,44,82,O4N1
22070,690.54677,3097149,15.4,690.5466833823001,10,8.661769993523194e-05,45,72,O4N1
22075,690.64063,9542727,52.0,690.6405837687001,3,4.623129984793195e-05,44,84,O4N1
22088,691.66164,2237111,10.5,691.6609848613001,2,0.0006551386999262832,45,87,O4
22097,692.5620200000001,3408153,17.1,692.5623334467001,9,0.00031344670003363717,45,74,O4N1
22105,692.6929299999999,1697576,7.4,692.6926193419001,1,0.0003106580998064601,45,90,O3N1
22120,693.67673,2540436,12.2,693.6766349257001,1,9.507429990662786e-05,45,89,O4
22131,694.5776400000001,2888184,14.2,694.5779835111001,8,0.0003435111000271718,45,76,O4N1
22162,696.5721,1631957,7.0,696.5725042067,12,0.00040420670006824366,48,74,O2N1
22164,696.5938,3136728,15.6,696.5936335755001,7,0.0001664244998664799,45,78,O4N1
22178,697.65027,1777229,7.9,697.6504201769001,5,0.00015017690009244689,47,85,O3
22189,698.60914,2768312,13.5,698.6092836399001,6,0.0001436399001022437,45,80,O4N1
22223,700.6242599999999,4051609,20.8,700.6249337043001,5,0.0006737043001976417,45,82,O4N1
22245,702.54697,1483376,6.2,702.5466833823001,11,0.00028661769988502783,46,72,O4N1
22252,702.63982,7063930,37.9,702.6405837687001,4,0.0007637687001533777,45,84,O4N1
22253,702.67598,1478526,6.2,702.6769692775001,3,0.0009892775001389964,46,88,O3N1
22268,703.66102,1930732,8.7,703.6609848613001,3,3.5138699900016945e-05,46,87,O4
22274,704.56164,2584656,12.4,704.5623334467001,10,0.0006934467000974109,46,74,O4N1
22279,704.65607,8214107,44.5,704.6562338331001,3,0.0001638331001458937,45,86,O4N1
22292,705.6768400000001,1485772,6.2,705.6766349257001,2,0.00020507429996996507,46,89,O4
22302,706.57767,2158896,10.0,706.5779835111001,9,0.0003135111001029145,46,76,O4N1
22333,708.59367,2981391,14.7,708.5936335755001,8,3.6424499853637826e-05,46,78,O4N1
22339,708.72329,1579037,6.7,708.7239194707,0,0.0006294707000051858,46,94,O3N1
22362,710.60919,3413228,17.2,710.6092836399001,7,9.363990011479473e-05,46,80,O4N1
22381,711.66661,1689567,7.4,711.6660702413001,5,0.0005397586999151827,48,87,O3
22395,712.62415,2955719,14.6,712.6249337043001,6,0.0007837043001472921,46,82,O4N1
22424,714.64008,4302495,22.2,714.6405837687001,5,0.0005037687001276936,46,84,O4N1
22449,716.56169,2334059,11.0,716.5623334467001,11,0.000643446700109962,47,74,O4N1
22453,716.63492,1555826,6.6,716.6351044643001,9,0.0001844643001049917,49,82,O2N1
22455,716.65575,5994357,31.9,716.6562338331001,4,0.0004838331001337792,46,86,O4N1
22476,718.57823,2559293,12.3,718.5779835111001,10,0.00024648889984746347,47,76,O4N1
22481,718.67137,7530567,40.6,718.6718838975002,3,0.0005138975001273138,46,88,O4N1
22494,719.69183,2075311,9.6,719.6922849901,2,0.0004549901000245882,47,91,O4
22502,720.59393,2522891,12.1,720.5936335755001,9,0.00029642449987932196,47,78,O4N1
22509,720.72353,1568280,6.7,720.7239194707,1,0.00038947070004269335,47,94,O3N1
22520,721.70783,2179708,10.1,721.7079350545,1,0.00010505450006803585,47,93,O4
22530,722.60842,2736085,13.3,722.6092836399001,8,0.0008636399001034079,47,80,O4N1
22547,723.62922,1526586,6.4,723.6296847325001,7,0.0004647325000632918,48,83,O4
22563,724.62487,2833307,13.9,724.6249337043001,7,6.370430014612793e-05,47,82,O4N1
22591,726.63995,2174043,10.1,726.6405837687001,6,0.0006337687001405357,47,84,O4N1
22607,727.698,2025918,9.3,727.6973703701,4,0.0006296299000041472,49,91,O3
22614,728.56259,1588749,6.8,728.5623334467001,12,0.0002565532998914932,48,74,O4N1
22619,728.65674,3641366,18.5,728.6562338331001,5,0.0005061668998678215,47,86,O4N1
22642,730.57739,2001090,9.1,730.5779835111001,11,0.0005935111000781035,48,76,O4N1
22648,730.67165,6240458,33.3,730.6718838975002,4,0.00023389750015212485,47,88,O4N1
22649,730.70849,1737933,7.6,730.7082694063001,3,0.00022059369985072408,48,92,O3N1
22674,732.59296,1883760,8.5,732.5936335755001,10,0.0006735755001727739,48,78,O4N1
22680,732.68746,6189945,33.0,732.6875339619002,3,7.396190017061599e-05,47,90,O4N1
22698,733.70723,1817038,8.1,733.7079350545,2,0.0007050545000311104,48,93,O4
22705,734.60916,2766360,13.5,734.6092836399001,9,0.00012363990015273885,48,80,O4N1
22711,734.73971,1498403,6.3,734.7395695351,1,0.00014046489991415,48,96,O3N1
22724,735.72334,1913458,8.6,735.7235851189,1,0.00024511890001122083,48,95,O4
22734,736.62493,3270841,16.4,736.6249337043001,8,3.7043001839265344e-06,48,82,O4N1
22766,738.61951,1586256,6.8,738.6194543999001,12,5.560009992677806e-05,51,80,O2N1
22768,738.6403700000001,2953553,14.5,738.6405837687001,7,0.00021376870006406534,48,84,O4N1
22783,739.69701,1960350,8.9,739.6973703701,5,0.0003603700999974535,50,91,O3
22794,740.65611,2728930,13.3,740.6562338331001,6,0.00012383310013319715,48,86,O4N1
22811,741.7126400000001,1751594,7.7,741.7130204345,4,0.00038043449990254885,50,93,O3
22821,742.67172,4716650,24.6,742.6718838975002,5,0.00016389750010148418,48,88,O4N1
22839,744.59374,2061539,9.5,744.5936335755001,11,0.00010642449990427849,49,78,O4N1
22844,744.6876,5414633,28.9,744.6875339619002,4,6.60380998169785e-05,48,90,O4N1
22868,746.6086700000001,2070361,9.6,746.6092836399001,10,0.0006136399000524762,49,80,O4N1
22872,746.7035099999999,6905182,37.5,746.7031840263002,3,0.0003259736997733853,48,92,O4N1
22888,747.72385,2092950,9.8,747.7235851189,2,0.00026488109995170817,49,95,O4
22898,748.62417,2481605,12.0,748.6249337043001,9,0.0007637043000841004,49,82,O4N1
22906,748.7556099999999,1596364,6.9,748.7552195995,1,0.0003904004998958044,49,98,O3N1
22925,750.6406099999999,3529256,18.0,750.6405837687001,8,2.623129978474026e-05,49,84,O4N1
22952,752.56214,1778812,7.9,752.5623334467001,14,0.00019344670010923437,50,74,O4N1
22957,752.65631,3290752,16.7,752.6562338331001,7,7.616689981659874e-05,49,86,O4N1
22989,754.67089,2762448,13.6,754.6718838975002,6,0.0009938975001659855,49,88,O4N1
23006,755.72955,1729270,7.7,755.7286704989,4,0.0008795011000302111,51,95,O3
23013,756.59417,1853715,8.4,756.5936335755001,12,0.0005364244998418144,50,78,O4N1
23017,756.68786,3281942,16.6,756.6875339619002,5,0.00032603809984266263,49,90,O4N1
23046,758.6085,1780817,8.0,758.6092836399001,11,0.0007836399000780148,50,80,O4N1
23052,758.7033,4988756,26.4,758.7031840263002,4,0.00011597369984883699,49,92,O4N1
23054,758.74027,1661013,7.3,758.7395695351,3,0.0007004648999782148,50,96,O3N1
23079,760.6252900000001,2527110,12.3,760.6249337043001,10,0.0003562956999303424,50,82,O4N1
23082,760.71872,6421384,34.7,760.7188340907,3,0.00011409070009449351,49,94,O4N1
23106,762.64006,3344306,17.0,762.6405837687001,9,0.0005237687001908853,50,84,O4N1
23134,764.6560599999999,4433366,23.2,764.6562338331001,8,0.00017383310023433296,50,86,O4N1
23162,766.6714599999999,3491313,17.8,766.6718838975002,7,0.00042389750024085515,50,88,O4N1
23190,768.68655,3852804,19.9,768.6875339619002,6,0.0009839619001468236,50,90,O4N1
23213,770.7024299999999,4987920,26.4,770.7031840263002,5,0.0007540263002283609,50,92,O4N1
23238,772.62435,1575955,6.8,772.6249337043001,11,0.0005837043000838094,51,82,O4N1
23245,772.71825,6736403,36.5,772.7188340907,4,0.000584090700044726,50,94,O4N1
23262,774.63985,2221583,10.5,774.6405837687001,10,0.0007337687001154336,51,84,O4N1
23266,774.7339099999999,7405583,40.4,774.7344841551001,3,0.0005741551001392509,50,96,O4N1
23313,778.67169,3440625,17.8,778.6718838975002,8,0.0001938975001394283,51,88,O4N1
23317,778.80225,1441776,6.1,778.8021697927,0,8.020729990221298e-05,51,104,O3N1
23342,780.68764,3388888,17.5,780.6875339619002,7,0.00010603809982967505,51,90,O4N1
23390,784.7184,3921552,20.6,784.7188340907,5,0.00043409070008237904,51,94,O4N1
23407,786.6411,1764708,8.0,786.6405837687001,11,0.0005162312999118512,52,84,O4N1
23411,786.73415,5846882,31.8,786.7344841551001,4,0.0003341551000630716,51,96,O4N1
23435,788.65569,2064688,9.7,788.6562338331001,10,0.0005438331000959806,52,86,O4N1
23439,788.74999,5084461,27.4,788.7501342195001,3,0.0001442195000436186,51,98,O4N1
23460,790.67137,1926389,8.9,790.6718838975002,9,0.0005138975001273138,52,88,O4N1
23465,790.80177,1491442,6.4,790.8021697927,1,0.0003997927000227719,52,104,O3N1
23481,792.68714,2407093,11.7,792.6875339619002,8,0.0003939619001585015,52,90,O4N1
23492,793.7447900000001,1432465,6.0,793.7443205633,6,0.00046943670008658955,54,97,O3
23519,796.62418,1690663,7.5,796.6249337043001,13,0.000753704300109348,53,82,O4N1
23523,796.7189400000001,1756963,7.9,796.7188340907,6,0.00010590930003218091,52,94,O4N1
