,429.15,473.21,487.28,509.15,513.31,515.31,517.31,527.31,529.31,531.31,541.31,551.31,555.31,557.31,561.31,571.31,573.31,ccat
R00X102Y050,6360376.0,7419710.0,50025864.0,1222040.0,51830178.0,37559766.0,13193852.0,32371076.0,36694188.0,24233236.0,29711436.0,5993132.0,13760020.0,15688578.0,11246338.0,20611039.0,22517696.0,0.46299999999999997
R00X103Y050,2600055.0,3284800.0,13191948.0,,32299950.0,19767638.0,14548332.0,23548746.0,25764904.0,9034740.0,26070694.0,6487415.0,20303066.0,23787080.0,17393954.0,16888050.0,24278556.0,0.44
R00X104Y050,2024474.25,5592316.0,14468192.0,,27930944.0,14981968.0,18652424.0,16850352.0,22753090.0,16752704.0,28739966.0,14788992.0,14927858.0,28983572.0,17655852.0,18152830.0,22068732.0,0.461
R00X105Y050,3428528.5,3076568.5,24197420.0,2950622.0,26682500.0,20511178.0,11713880.0,14674050.0,19398384.0,17686578.0,20881762.0,5037870.0,15642663.0,15870572.0,21043040.0,20707684.0,14048600.0,0.466
R00X106Y050,1782533.0,1336488.0,16567768.0,1929317.0,17076216.0,25416260.0,16481330.0,16482538.0,22731152.0,16902114.0,13714173.0,9566574.0,8612816.0,15521812.0,21207334.0,14591256.0,17062344.0,0.452
R00X107Y050,2085613.5,6828042.0,15044160.0,2227722.0,16597356.0,14328616.0,12352496.0,10852076.0,17889192.0,8956430.0,18249286.0,5215516.0,6262634.0,10386890.0,16216422.0,11908148.0,9027154.0,0.47600000000000003
R00X108Y050,5985064.0,15532646.0,12371804.0,11050562.0,14764074.0,14758307.0,13106466.0,8531986.0,11734750.0,10053364.0,9094800.0,3888336.0,6603587.0,6379880.0,4797351.0,8930984.0,8500688.0,0.5579999999999999
R00X109Y050,6392992.0,10720382.0,14178948.0,7003316.0,9864641.0,14912718.0,11479088.5,7536026.0,10024102.0,7732362.0,9860470.0,6208247.0,8832842.0,15466704.5,4502259.0,15628419.5,9707026.0,0.508
R00X110Y050,6335293.0,11718392.0,11683056.0,6858373.0,10516806.0,12669628.0,9895382.0,7337217.0,11704760.0,6535685.0,13711051.0,3480722.0,9979992.0,19588802.0,4892883.5,9505718.0,9222943.5,0.465
R00X112Y050,70256428.5,7055643.0,5445506.5,77368064.0,7662300.5,17143485.0,10062037.5,6174388.0,8984068.0,12460178.0,11644716.0,8301260.0,11371568.0,9093898.0,8401982.0,8135591.0,7684084.0,0.42700000000000005
R00X113Y050,1048651.0,3226676.0,9281462.0,1021508.0,10070384.0,7281054.0,8163700.0,11853796.0,9731045.0,10915952.0,9061896.0,21498854.0,15937696.5,11812884.0,8708820.0,8579636.0,16010248.0,0.467
R00X114Y050,1188518.625,3707531.0,8934967.0,,16729652.0,18128464.0,15145570.0,18823324.0,17120300.0,16931650.5,22953768.0,37591158.0,26216076.5,22475812.0,13493260.0,20664854.0,22478940.0,0.488
R00X115Y050,13561204.0,6339974.0,9139584.0,5138600.0,9627612.0,7809162.0,4883792.0,6067124.0,10515132.0,6698491.0,7884906.0,6216218.0,10713816.0,12120463.0,4506930.0,7491456.0,4276211.0,0.502
R00X116Y050,4365193.0,5289693.0,5381936.0,3341730.0,5882728.0,7712552.0,5810511.0,4863302.0,7633387.0,9797004.0,12041128.0,16063504.0,8524712.0,8069546.0,13609272.0,8070418.0,13888136.0,0.495
R00X117Y050,11153301.5,7164032.0,6749992.0,9293056.0,15066360.0,12777960.0,8547216.0,8628482.0,14522236.0,10638438.0,15522476.0,43848704.0,19899056.0,21049746.0,13193578.0,18297268.0,19426556.0,0.479
R00X118Y050,4568314.5,12447312.0,9601776.0,7203267.0,14070926.0,10949338.0,13670060.0,11396710.0,15978544.0,16595900.0,12666913.25,48333980.0,15005452.0,13808672.0,15928466.0,12561724.0,20229379.0,0.43700000000000006
R00X119Y050,4079498.0,10971258.0,10750436.0,9233800.0,9559674.0,12686140.0,14847524.0,8582432.0,16269636.0,11710596.0,17292304.0,62517258.0,16289008.0,46386948.0,15575828.0,14878100.0,20313368.0,0.511
R00X120Y050,8495097.5,16921784.0,15154160.0,13159201.0,17332313.0,18041522.0,18390104.0,12469696.0,15199320.0,20725008.0,16767608.0,35408320.0,23748596.0,101381888.0,18231156.0,27370058.0,25520586.0,0.475
R00X121Y050,12564904.0,11520504.0,8598480.0,24678930.0,15756866.0,16981854.0,13552293.0,11132528.0,14444098.0,14178216.0,16713404.5,18585016.0,18507654.0,62263680.0,19955254.0,16925336.0,18924588.0,0.46799999999999997
R00X122Y050,4486120.0,12432640.0,10529096.0,7999598.0,10197074.0,12626166.0,13299056.0,10893768.0,14428430.0,10207824.0,14219826.5,14413132.0,13421396.0,25746020.0,13032489.0,13058639.0,11725729.0,0.47700000000000004
R00X123Y050,,,3928064.0,11608456.0,5548614.0,6261736.0,6993398.0,3955080.0,7433008.0,5289152.0,7648524.0,10385936.0,9687220.0,5786592.0,2111096.0,8123956.0,7618700.0,0.47
R00X124Y050,7552448.5,7720228.0,9486567.0,14958623.0,15454056.0,11968582.0,16019564.0,8388900.0,12756879.0,10433712.0,13245316.0,19887360.0,16510728.0,15666464.0,16617202.0,19797644.0,12248820.0,0.45399999999999996
R00X125Y050,,3436050.0,12002685.0,,16923254.0,21937872.0,16898139.0,14792632.0,18382364.0,12992685.0,27727934.0,56938032.0,32175376.0,7059060.0,24465689.0,26535456.0,21951340.0,0.489
R00X126Y050,22615991.0,7287670.0,11420447.0,33906383.0,5744026.0,11483766.0,6877213.0,8581908.0,13099172.0,8049882.0,9690456.0,9880944.0,10760512.0,15847624.0,16130830.0,8639466.0,2941143.0,0.479
R00X127Y050,14848413.5,5911728.0,8815870.0,228125696.0,7706720.0,8656256.0,7712084.0,4952840.0,5594622.0,8333839.0,3934442.0,4287906.0,4177832.0,8157240.0,10198732.0,6492788.0,4694522.0,0.47100000000000003
R00X128Y050,31719136.0,12685358.0,16898780.0,9251560.0,10465044.0,12005628.0,13708504.0,6434764.0,7935780.0,6425976.0,12255804.0,10791128.0,15449462.0,20736802.0,9986928.0,15543732.0,13515548.0,0.41600000000000004
R00X129Y050,6982600.0,15114036.0,8178668.0,19702540.0,11010126.0,20363930.0,14094976.0,14208520.0,15912330.0,13142522.0,20939380.0,17971676.0,25037892.0,83576064.0,12192288.0,19397626.0,20445924.0,0.43700000000000006
R00X130Y050,10269941.0,9929426.0,9599068.0,64402176.0,9964030.0,9933324.0,14086386.0,7618401.5,10187338.0,11945936.0,12413782.0,8841144.0,11460949.0,12541738.0,9478140.0,7216708.0,9668234.0,0.43700000000000006
R00X131Y050,424830.0,1558362.0,13357856.0,,16206374.0,15862841.0,11259888.0,14326139.0,16152490.0,12852332.0,13666692.0,19085024.0,13054744.0,9725710.0,11135924.0,10991380.0,13834164.0,0.48200000000000004
R00X132Y050,,,13868934.0,,14112856.0,16066420.0,9759348.0,12358100.0,18122156.0,10519138.0,14974584.0,9070736.0,9941414.0,11850784.0,7467988.0,13657514.0,10497100.0,0.456
R00X133Y050,8303139.5,11840234.0,15478026.0,4606936.0,17000528.0,12343699.0,15839187.0,14135858.0,15366030.0,19428970.0,17980380.0,13399525.0,15051738.0,18009455.5,14780242.0,14185362.0,18836348.0,0.426
R00X134Y050,20389528.0,10881870.0,12678010.0,16688342.0,15093716.0,9944999.0,12982834.0,12183191.0,14108402.0,13441230.0,11926751.0,15690324.0,12634292.5,15029058.0,11468242.0,15818832.0,15757370.0,0.47200000000000003
R00X135Y050,9327720.0,10415407.0,8528380.0,11937798.0,17598670.0,15781338.0,17799024.0,14277798.0,14841152.0,15614172.0,15235426.0,13052464.0,13453368.0,14288242.0,11465528.0,12377564.0,5207130.0,0.455
R00X136Y050,,5526442.0,9858560.0,871330.0,18937690.0,13388688.0,13971508.0,14257410.0,16764508.0,16300940.0,22233642.0,27264012.0,25933208.0,68066220.0,23762700.0,23943184.0,22705348.0,0.46799999999999997
R00X138Y050,1869334.5,7159488.0,16851266.0,1384772.0,18917449.0,25960272.5,17128320.0,23490212.0,22893744.0,17812862.0,25909740.0,21538731.0,21629248.0,54536884.0,23670956.0,26998736.0,24761104.0,0.478
R00X139Y050,6041364.0,43747210.0,37521008.0,3896010.0,42438122.0,32558092.0,29786691.0,28677688.0,31282472.0,32565294.0,23789880.0,18856220.0,16410374.0,42669888.0,15002188.0,23181682.0,22046708.0,0.493
R00X140Y050,5650667.0,56407540.0,50899524.0,4276575.0,52146456.0,48813638.0,27697620.0,42304716.0,50769856.0,34228352.0,34968194.0,13819050.0,20748112.0,24572804.0,22345367.0,26388607.0,26981502.0,0.462
R00X141Y050,17684649.0,6645366.0,46385852.0,4330320.0,47112524.0,38950144.0,29413352.0,33170240.0,48110332.0,28034410.0,33027928.0,17028976.0,29678718.0,53164688.0,23803444.0,26156896.0,29397990.0,0.524
R00X142Y050,4858374.0,7753242.0,46923954.0,3024880.0,50549643.0,43217112.0,19690408.0,34561936.0,40368096.0,20552548.0,30507492.0,3375936.0,17918160.0,19671484.0,55833240.0,14957954.0,25540252.0,0.5379999999999999
R00X143Y050,932323.0,4623034.0,32600320.0,,29149888.0,42975508.0,21974906.0,26521016.0,24624812.0,17888928.0,35875208.0,16184062.0,17741822.0,22837584.0,25346576.0,22972242.0,25478824.0,0.491
R00X144Y050,84112000.0,21588080.0,24634106.0,1848620.0,20044804.0,20229675.0,13031482.0,10345046.0,26859006.0,23911234.0,24139686.0,16683243.0,15032172.0,25578800.0,16300200.0,20290958.0,16788702.0,0.456
R00X145Y050,14997678.5,12435163.0,10841468.0,5908792.0,13534642.0,15465281.0,12552044.0,9058210.0,10569506.0,10331949.0,10182877.0,8302456.0,7382984.0,13890230.0,8402794.0,8249427.0,5153583.0,0.423
R00X146Y050,4547601.25,5373211.5,5043590.0,2522428.0,3497126.0,5403154.0,4817442.0,3033218.0,3814557.0,4658701.0,2936390.0,2816117.0,3211029.0,6217049.0,1973665.0,2297217.5,1366362.0,0.42
R00X147Y050,252744.0,,246180.0,357416.5,,200643.0,491264.0,,277917.0,326843.5,210249.0,234826.0,,196033.0,287545.5,,378565.5,0.469
R00X148Y050,242197.0,201382.625,239255.75,,266815.5,733278.5,,203090.0,275470.0,,777064.75,306847.0,,350177.0,211797.0,,239669.5,0.462
R00X149Y050,4358832.0,4168333.0,2992042.0,9797088.0,4018663.5,5013862.0,4278321.0,6127571.0,6619131.0,5509148.0,12943983.0,5960836.0,11350070.0,12935872.0,6029036.0,8853215.0,5205511.0,0.39799999999999996
R00X151Y050,55428932.5,9600702.0,7951772.0,11325088.0,7581536.0,8698359.0,6446200.0,7053336.5,11132279.0,13314340.0,11238676.5,9027932.0,12625438.0,16740030.0,8184492.0,12583635.0,9957956.0,0.423
R00X152Y050,29541950.5,12818504.0,12309214.0,19220274.0,12491610.0,10409214.0,12560856.0,11484412.0,10586670.0,13241304.0,17241800.0,4641559.0,15644586.0,13011155.5,12903698.0,7988225.0,11803594.0,0.47100000000000003
R00X153Y050,19615262.5,13981512.0,9736185.0,50027072.0,10550146.0,14484864.0,9841852.0,8896824.0,14155498.0,9885613.0,11622140.0,9110940.0,10266957.0,13247069.0,8478282.0,8411227.0,11343637.0,0.48700000000000004
R00X154Y050,3374112.0,1668199.0,1009092.0,5672232.0,,1283652.0,1215778.0,,1015648.0,,1969704.0,1515188.0,3646026.0,4899484.0,1374308.0,1091704.0,2166860.0,0.511
R00X155Y050,6076670.0,14911798.0,15529094.0,9263919.0,13075321.0,15969828.0,18643914.0,13792840.0,16071902.0,15628409.5,13160060.0,15253956.0,12870570.0,19500391.0,13290896.0,15535561.0,9254685.0,0.5479999999999999
R00X156Y050,752478.0,4676326.0,5821022.0,2187660.0,16939320.0,10711012.0,8307840.0,8956952.0,22695222.0,16923508.0,22344762.0,30951786.0,31863468.0,19972756.0,28923772.0,26261740.0,32722428.0,0.483
R00X157Y050,3715116.0,1847098.0,3719280.0,1971272.0,12918918.0,11329388.0,17306696.0,15711740.0,20315255.0,17917282.0,15418820.0,10821965.0,14626110.0,12745976.0,12457040.0,14359210.0,17914636.0,0.46299999999999997
R00X158Y050,10692844.5,9119386.0,17245404.0,14413662.0,12805376.0,14109894.0,14775266.0,10146994.0,15126328.0,18674087.75,9703035.0,9901034.0,10982322.0,16915405.0,13545634.0,14012762.0,9394343.75,0.441
R00X159Y050,5097605.0,7993829.0,7822852.0,30841152.0,7951966.0,8796106.0,16669464.0,10605845.0,13455188.0,11806090.0,16551066.0,11153220.0,14003162.0,20089430.0,17208068.0,15013148.0,14070666.0,0.43
R00X160Y050,7573988.0,8241312.0,8240505.0,6108112.0,8208357.0,10929932.0,10833128.0,8995254.0,14895740.0,10757312.0,9397540.0,16819546.0,12695756.0,17364082.0,8996558.0,13100916.0,12650912.0,0.444
R00X161Y050,5216376.0,7388776.0,8993350.0,10468804.0,16750410.0,14659626.0,15639538.0,15000834.0,19811909.0,15079448.0,15426078.0,20624116.0,10373964.0,19318462.0,19130804.0,11313706.0,15490406.0,0.45799999999999996
R00X162Y050,5102564.5,8929188.0,6311902.0,8872308.0,6307246.0,10749262.0,9178150.0,8065134.0,9288904.0,4731436.0,6394148.0,3827074.5,7059818.5,7314286.0,7121306.0,8719764.0,5756436.0,0.504
R00X163Y050,22659285.0,9991564.0,11281176.0,29620032.0,13780840.0,12972956.0,15617680.5,9355470.0,13287854.0,12779323.0,12419378.0,7461607.0,12746576.0,10267016.0,11153872.0,8157212.0,11663912.0,0.44299999999999995
R00X164Y050,,2173120.0,7112988.0,,15437563.0,15284631.0,7735636.0,12383764.0,11156243.0,13096269.0,21186200.0,25113554.0,17179958.0,23533188.0,11231203.0,16380526.0,17775170.0,0.40700000000000003
R00X167Y050,15534876.0,10038248.0,7872096.0,16064256.0,11440717.0,11650140.0,11121314.0,13405622.0,10326103.0,13394240.0,15199986.0,22641898.0,22318560.0,18477648.0,21246932.0,16150440.0,14894000.0,0.46
R00X168Y050,11235088.5,9152823.0,10007600.0,12969920.0,12507841.0,11543930.0,13543752.0,9203718.0,10481428.0,8236250.0,7425472.5,56455610.0,13160584.0,15801494.0,10162738.0,13244384.0,21241082.0,0.502
R00X171Y050,1062022.0,7927476.0,7428381.5,1770780.0,6558859.0,8369314.0,26106664.0,4111766.0,6219348.0,6763054.0,8258320.0,7345758.0,11112772.0,11581888.0,10042050.0,8243761.0,9629077.0,0.527
R00X172Y050,10262299.0,5298928.0,9308538.0,10138700.0,12531002.0,12916510.0,12352382.0,12248998.0,12341568.0,11109610.0,20602140.0,19886814.0,19489120.0,21265500.0,17493086.0,17141584.0,12310129.0,0.47100000000000003
R00X173Y050,906875.0,2523659.0,10195961.0,860066.0,9379398.0,17090534.0,10950236.5,15609116.0,14709326.0,16289894.0,14717336.0,11278700.0,16917092.0,12501290.0,15267192.0,12718136.0,10913228.0,0.504
R00X174Y050,5557699.0,8638324.0,6236328.0,19643772.0,9363682.0,10934548.0,12697662.0,10123106.0,12154436.0,11754223.0,11778541.5,10712496.0,11364800.0,14773882.0,4745604.0,10899168.0,8685674.0,0.444
R00X175Y050,,1410108.0,7826078.0,,10086390.0,10661287.0,16103021.0,13633059.0,13995951.0,10937200.0,22533894.0,31166866.0,26946276.0,17432249.0,16578652.0,22727961.0,20857896.0,0.44799999999999995
R00X176Y050,3780561.5,6135524.0,5408567.0,8236754.0,10744338.0,7954416.0,12992791.0,11402150.0,8114512.0,6260222.0,8413692.0,11981596.0,18309020.0,15884624.0,11221416.0,14586246.0,10056048.0,0.461
R00X177Y050,85952314.0,8524765.5,5738375.0,97212032.0,5929086.0,8626188.0,5649640.0,9649133.0,5456336.0,4828858.0,5908826.0,11797988.0,9966858.0,15013272.0,10211088.0,9565696.0,6629040.0,0.455
R00X178Y050,36297098.0,6934674.0,6735509.0,17244992.0,6339842.0,14203876.0,8218147.0,9577928.0,12947610.0,13259834.0,11575600.0,22426690.0,17820516.0,25792572.0,20003800.0,24028372.0,11825300.0,0.358
R00X181Y050,1515622.0,4063183.0,15924723.0,,17124580.0,17697731.0,18489632.0,26723074.0,20076550.0,21093106.0,18402689.0,43685682.0,29956480.0,18684964.0,23269098.0,25045472.0,31168404.0,0.41100000000000003
R00X182Y050,12549020.0,10837730.0,7440563.0,3375938.0,10710505.0,17843326.0,32229420.0,13639704.0,13954314.0,10664690.0,12841683.5,11373561.0,19044892.0,22270282.0,12284667.0,15861900.0,16224928.0,0.41
R00X183Y050,3226120.0,10962290.0,10593112.0,4198476.0,8513374.0,10751047.0,13745441.0,7008359.0,8374404.0,11624306.0,9809564.0,8641428.0,10945820.0,16859703.0,12608258.0,10831392.0,9122960.0,0.52
R00X184Y050,5832884.0,9653944.0,7515832.0,6302656.0,11446406.0,9555188.0,14783081.0,13911350.0,9790699.0,10585774.0,16753147.0,19987310.0,16550686.0,36382568.0,9001186.0,15065694.0,15234160.0,0.484
R00X185Y050,11161067.0,10799373.0,9447412.0,10287216.0,9033777.0,10980107.0,13204007.0,10773895.0,15050866.0,12625154.0,13591377.0,14626013.0,19729433.75,22714520.0,8689589.5,12611908.0,10153364.0,0.43200000000000005
R00X186Y050,48359485.0,11145750.0,10152178.0,35301760.0,9455536.0,10678012.0,11826186.0,9860315.0,10280550.0,10189368.0,11903998.5,9300596.0,14464788.0,14811812.0,8836533.0,14608180.0,10930781.5,0.466
R00X187Y050,7155546.0,17761294.0,18101490.0,4017072.0,14493888.0,16187860.0,13364372.0,16935850.0,19387524.0,21037554.0,23043538.0,16509428.0,18022360.0,26437928.0,14322440.0,16624985.0,21658564.0,0.47700000000000004
R00X188Y050,2530823.0,11081502.0,12849546.0,3639728.0,18077750.5,19089558.0,15478614.0,12783316.0,16813752.0,16740708.0,15556629.0,8860673.5,12162626.0,24999076.0,8217551.0,12901065.0,9117036.0,0.426
R00X189Y050,5284940.5,8063002.0,22309232.0,3844736.0,25592024.0,23744052.0,24904316.0,19302430.0,23151522.0,26050190.0,17206600.0,10853956.0,12730520.0,32384548.0,21864228.0,15576424.0,19801264.0,0.406
R00X190Y050,987637.0,5944346.0,35972624.0,,34344562.0,28817284.0,23629984.0,21694048.0,38705336.0,27830772.0,30118742.0,17276706.0,39416920.0,46649912.0,22458568.0,37427776.0,32555000.0,0.461
R00X192Y050,5036097.375,7995461.0,8334791.0,5119477.5,6833133.5,9592390.0,9069660.0,8006528.0,8283238.0,8676360.0,12065325.0,9337366.0,15840638.0,19989760.0,12775420.0,6329360.5,9496328.0,0.425
R00X193Y050,,,585444.0,,204626.5,,386094.0,194997.75,,213631.5,,300892.0,258868.5,824954.0,405168.0,1037036.5,453034.5,0.47700000000000004
R00X194Y050,4894611.0,11577766.0,11168143.0,5432932.0,9573328.0,15205700.0,14003028.0,8204475.0,13596190.0,12671153.0,14083816.0,10183061.0,17330230.0,16689097.0,12602100.0,13373799.0,12131312.0,0.42700000000000005
R00X196Y050,9481256.0,13675413.0,11567046.0,7954824.0,14228354.0,15920362.0,14483326.0,11883834.0,14732710.0,13351416.0,19986702.0,24160802.0,18782394.0,27507496.0,13443588.0,16130094.0,19642498.0,0.5
R00X197Y050,7444880.0,8918103.5,12307868.0,9150800.0,14568583.0,19513714.0,14501926.0,10987265.0,17136172.0,12086237.0,11637714.0,10983696.0,14587466.0,23342066.0,6722556.75,15582162.0,14955420.0,0.44
R00X198Y050,7042017.0,5908180.0,11657172.0,9844876.0,13888290.0,21139520.0,12469076.0,19725338.0,12686374.0,21217938.0,22255972.0,29798264.0,24636584.0,120587776.0,41922542.0,16717856.0,25576348.0,0.46399999999999997
R00X201Y050,10994847.0,12271531.0,8628767.0,12536176.0,16269250.0,10114730.0,10925822.0,11242182.0,13894578.0,12072768.0,13297774.0,26270464.0,21660888.0,31343412.0,17581960.0,15704656.0,18296228.0,0.5870000000000001
R00X202Y050,13707874.5,14188410.0,18322356.0,7303708.0,17204239.0,19541538.0,19286360.0,13470966.0,16196840.0,15601084.0,13090908.0,16553840.0,16193972.0,47274952.0,9182632.0,19222248.0,15784808.0,0.489
R00X203Y050,1811872.0,3418114.0,10786782.0,,14342061.0,22062288.0,19324508.0,13651244.0,16160440.0,21562678.0,17796533.0,55222784.0,27321880.0,10978702.0,15510038.0,29484114.0,33111976.0,0.44299999999999995
R00X204Y050,97938860.0,5834746.0,3545612.0,817317888.0,5724420.0,4159318.0,3771714.0,4131712.0,6396756.0,5888705.0,5309659.0,8114720.0,5711026.0,19078074.0,10137322.0,6662986.0,5132936.0,0.48700000000000004
R00X205Y050,,3830151.5,11360748.0,,19632609.0,15480824.0,8802810.0,18609210.0,22144635.0,18527956.0,28451687.0,30036340.0,34266184.0,29288936.0,27920252.0,31186835.0,35069429.0,0.43700000000000006
R00X206Y050,3941225.0,3717949.0,9605918.0,,16212130.0,14349222.0,11555791.0,15377632.0,12164392.0,15832846.0,18542506.0,15110546.0,14328004.0,16532948.0,13618520.0,16488272.0,19962376.0,0.493
R00X208Y050,4849608.0,16655376.75,18656068.0,22420256.0,31800621.5,28898302.0,20126914.0,16078994.0,23291425.0,17926610.0,12406126.0,10735411.0,13516275.5,23997764.0,9362917.0,18178242.0,15378522.0,0.45899999999999996
R00X209Y050,8419857.5,6817443.5,6666363.5,11241200.0,12552138.0,10808744.0,11671466.0,3707996.0,10297180.0,12122189.0,13169014.0,25604896.0,20931700.0,27866940.0,21506204.0,18212032.0,22071040.0,0.467
R00X210Y050,1942884.75,1594380.0,15659020.0,,16148267.0,19225690.0,11598510.0,18181268.0,11837663.25,16060882.0,15644946.0,13419736.0,14359634.0,23125836.0,15807068.0,12332090.0,17799121.0,0.49200000000000005
R00X211Y050,1495848.0,2553906.0,12324818.0,,13081234.0,12323016.0,12445882.0,12878234.0,20247776.0,20828674.0,12562944.0,35211712.0,20393780.0,24559776.0,15723400.0,22921714.0,23771656.0,0.48
R00X212Y050,20209753.0,9241632.0,10266626.0,29767348.0,11294266.0,12754414.0,11410468.0,6882660.0,6696592.0,7519822.0,5432123.0,4551684.0,6291985.0,17146481.0,4089880.0,7857642.0,8023700.0,0.478
R00X213Y050,,,,,,547780.0,205683.0,211820.0,245148.5,,226843.0,,,,,235483.0,213557.0,0.536
R00X214Y050,6215392.0,8820629.0,8013906.0,15498150.0,7966436.0,8628099.0,7212482.0,5254480.0,4841927.0,4567002.0,13337235.0,16700967.0,18653090.0,21891476.0,11705002.0,15026748.0,12738850.0,0.506
R00X215Y050,2785743.0,5934935.0,5603830.0,3331449.0,5388510.0,7345288.0,6068538.0,3732541.25,5208468.0,5199613.0,5850870.0,9012270.0,11481595.5,17924335.0,6915704.0,8887932.0,8430867.5,0.382
R00X216Y050,7496472.0,11354282.0,10656578.0,11494008.0,21804159.0,19246569.0,15836382.0,18111507.0,18875624.0,16847002.0,25993282.0,64307840.0,38632008.0,111988992.0,21945784.0,33777376.0,28983376.0,0.45299999999999996
R00X219Y050,9209255.0,7480536.0,11064486.0,118239512.0,12186164.0,15000340.0,14023251.0,6963344.0,10291274.0,15415958.0,8433406.0,13410144.0,10939510.0,16606286.0,13817208.0,13376672.0,15052268.0,0.47600000000000003
R00X220Y050,22010768.0,12505246.0,11043394.0,9754688.0,14613172.0,16993632.0,14526984.0,11404966.0,14365327.0,17119314.5,10628990.0,10274046.0,13273420.0,16789154.0,13116493.25,11183939.0,13209006.0,0.48
R00X221Y050,5397032.5,9522466.0,9659450.0,7666560.0,17432070.0,16879474.0,14078974.0,11911444.0,13219448.0,10367217.0,14774436.0,19460844.0,15378949.0,12469098.0,9601572.0,11252864.0,11508316.0,0.544
R00X223Y050,8207092.0,11551745.0,7630402.0,14592704.0,13154234.0,17329091.0,17540916.0,10451144.0,14132488.0,8441192.0,16876768.0,27102822.0,12775792.0,12841930.0,10791052.0,13252634.0,13969519.0,0.527
R00X224Y050,1160001.0,1521692.0,1756858.5,597918.0,1832175.0,1878629.0,1994829.0,774600.0,1872329.0,1387745.0,980141.0,766676.0,1096492.0,3238986.0,773181.0,685433.0,1674883.5,0.5579999999999999
R00X225Y050,2113376.5,3755637.0,5328146.0,2157272.0,3243100.5,4471950.25,5929331.0,4008439.5,3376832.25,1987570.0,5781259.0,6131950.0,7519470.0,15800864.0,5802738.0,5238752.0,6362470.0,0.48
R00X226Y050,192801942.0,11268554.0,10279945.0,144783872.0,10317254.0,14395959.0,18093581.5,10040753.0,15086110.0,13566617.5,12008284.0,16262146.0,16396306.0,44236049.0,16703346.0,14103094.0,15268716.0,0.508
R00X227Y050,4254120.0,3878726.0,7508428.0,,5791699.0,10926364.0,9230412.0,14031729.0,11426038.0,10178684.0,18151558.0,26204214.0,21676424.0,16559704.0,17914116.0,24411132.0,25543972.0,0.486
R00X229Y050,2360571.25,4759886.0,4183972.0,1642272.0,2832756.5,4568003.0,4467344.0,1847563.0,3224955.0,2291834.0,3700397.0,5922322.0,5773551.0,11014255.0,7051537.0,2896677.0,6331477.5,0.503
R00X230Y050,1567325.0,2807264.0,13098268.0,1970844.0,14229892.0,19461290.0,18198908.0,16163498.0,20325664.0,26965993.0,31380822.0,152428288.0,46767762.0,236403200.0,29446564.0,32955284.0,57428264.0,0.495
R00X231Y050,1624951.0,7314114.0,11282120.0,3404353.0,18450064.0,17808746.0,20065132.0,17177612.0,20558440.0,21370773.0,27912432.0,60559744.0,27130920.0,74882944.0,25823542.0,21130176.0,36631588.0,0.496
R00X232Y050,11130304.0,9594186.0,8845032.0,5393934.0,8932488.0,10108077.0,11708720.0,6732995.0,9097233.0,8815042.0,7898422.0,5243837.0,7494347.0,13950582.0,5349179.0,6408481.0,5585995.0,0.607
R00X233Y050,51123597.0,10578088.0,8320488.5,20135968.0,15735988.0,15100660.0,14497660.0,15618596.0,12721156.0,19713804.5,17902032.0,11737800.0,17390340.0,34761216.0,18289800.0,18194240.0,17591046.0,0.461
R00X234Y050,1544433.5,4905734.0,11864565.0,,14959854.0,19978609.5,11312458.0,16939829.0,18886108.0,17795934.0,22703722.0,30380096.0,25286572.0,14439378.0,24437558.0,29248404.0,15468024.0,0.44299999999999995
R00X236Y050,3329104.75,4777704.0,11176536.0,2413771.0,11207662.0,18380535.875,13344256.625,14394459.0,20039323.0,12492904.0,21049090.0,65930726.0,25368926.0,24759616.0,20763814.0,18759346.0,24777548.0,0.46299999999999997
R00X237Y050,5254713.5,13814286.0,9937080.0,6312816.0,8781685.0,13339442.0,15177670.0,13140605.0,10050661.0,12984369.5,13674842.0,8005745.0,12837944.0,15342726.0,8345372.0,11428773.0,12426260.0,0.495
R00X238Y050,10299888.0,12878302.0,10561620.0,11038412.0,13027330.0,13520101.0,11041924.0,8897152.0,12904200.0,12240708.0,13750987.5,8871362.0,11318380.0,14981981.0,11421942.0,12087168.0,12482519.0,0.499
R00X241Y050,7515814.0,14314163.0,11351652.0,7360232.0,12537318.0,15671074.0,14292712.0,11880026.0,12278714.0,13532543.0,10635866.0,8785268.0,18240350.0,15066584.0,10232465.0,11574217.0,13855030.625,0.513
R00X242Y050,9411638.0,12998129.0,10651419.0,12627248.0,7521802.0,14545268.0,10860778.0,12750494.0,15486762.0,16404234.0,11346356.0,11339276.0,14830774.0,10462792.0,14645124.0,16805056.0,8692446.0,0.48
R00X243Y050,2957043.0,1732544.0,9664499.0,,10206675.0,8722866.5,6263302.0,11655732.0,12936488.0,12846052.0,8630538.0,12065875.0,6677872.0,3325807.0,7691000.0,6300175.0,7259292.0,0.45899999999999996
R00X244Y050,16763964.5,12257528.0,9982802.0,7329680.0,10639046.0,14709867.0,14873220.0,9441364.0,12954200.0,12460102.0,13577825.0,12662404.0,12464704.0,17082004.0,14484552.0,16888562.0,11659670.0,0.49
R00X245Y050,1083649.5,2179424.0,17041570.0,,13182004.0,17616643.0,10852660.0,16677397.625,15411251.0,19210554.0,16873940.0,22335068.0,19748740.0,14251490.0,17391720.0,14099674.5,19114198.0,0.523
R00X246Y050,3446193.0,669303.0,5149716.0,,7058366.0,7119120.0,5339814.0,3033796.0,5683513.5,8020836.0,4203819.0,11718518.0,6598986.0,10653118.0,9759746.0,8546094.0,14893276.0,0.467
R00X247Y050,6746152.0,10275606.0,10432426.0,7248218.0,15724092.0,16138900.0,13504684.0,10563916.0,10129312.0,8973577.0,10014716.0,10138062.0,10358858.0,14569750.0,5996590.5,13888906.0,13612768.0,0.462
R00X249Y050,5305250.0,14846711.0,12202493.0,42635072.0,7025824.0,8640988.0,7160174.0,6580809.0,13033610.0,13105450.0,10881096.0,2580016.25,7427320.0,10970759.0,4720621.0,7253826.0,7389493.0,0.44799999999999995
R00X250Y050,4709111.5,2720196.5,10965986.0,,11335680.0,10394042.0,13488022.5,14392108.0,11450336.0,11090749.0,14065087.0,15194658.0,7050370.0,10451808.5,16207100.0,12138016.0,9824058.0,0.47600000000000003
R00X254Y050,1574048.0,2434894.0,12835966.0,,16715910.0,19652330.0,17907928.0,17730058.0,17127252.0,18781600.0,30311048.0,56990016.0,42370100.0,16414136.0,28926264.0,41287844.0,22332296.0,0.493
R00X255Y050,883154.0,5501777.0,9845294.0,,16831634.0,18350056.0,17518473.5,15100760.0,24195712.0,17236334.0,23401900.0,46573822.0,33924816.0,34234024.0,28075196.5,32772192.0,33951000.0,0.489
R00X256Y050,9080824.0,9644848.0,7816219.0,6975232.0,15530118.0,16005618.0,11837125.0,11287458.0,11885500.0,11732178.0,16823116.0,13589466.0,15726984.0,39595860.0,23863104.0,15498152.0,24746422.0,0.442
R00X258Y050,2719033.25,2053451.0,9490046.0,,14135892.0,15166069.0,6336134.0,9073370.0,9459686.0,12712456.0,17607636.0,17511180.0,20023872.0,15334052.0,11733708.0,23518462.0,19135125.0,0.45299999999999996
R00X259Y050,6466914.5,8508776.5,7134266.0,11216750.0,10115116.0,13010531.0,11715612.0,8225488.0,11749754.0,8461608.0,7216167.0,6449750.0,4717144.0,15752412.0,5265870.0,5719490.0,6279378.0,0.465
R00X260Y050,9903495.0,9784412.0,13249644.0,9921080.0,14485320.0,12693780.0,18958056.0,13118966.0,17900566.0,17005885.0,15699496.0,20399077.0,14362012.0,17904128.0,20172552.0,16494250.0,16709434.0,0.506
R00X261Y050,703628.5,2713863.0,12447580.0,,15743991.0,10213752.0,14993504.0,14957147.0,12468064.0,13705114.0,19754984.0,9794010.0,13314612.0,14671636.0,11881016.0,17709550.0,11294040.0,0.36700000000000005
R00X262Y050,1263439.0,2384082.0,7594847.0,1360508.0,10750874.0,11781881.0,11458318.0,18107204.0,17495021.0,13626704.0,21360942.0,32192704.0,17793762.0,23825674.0,28494152.0,19949496.0,29909912.0,0.39299999999999996
R00X263Y050,2848998.0,3896558.0,8069806.0,,4524964.0,8374878.0,10043864.0,1166770.0,6430025.0,3179660.0,6409796.0,912752.0,9806830.0,10099841.0,50582316.0,8574276.0,11245972.0,0.446
R00X264Y050,2483346.0,7700090.5,9381050.625,3644036.5,10644474.0,8587416.0,17556742.0,11412006.0,11321976.0,8474018.0,14961068.0,7254698.0,20957712.0,21023582.0,127186840.0,16760010.0,19704882.0,0.529
R00X265Y050,,256673.5,,,246274.0,249965.0,959929.0,,245700.0,444625.0,,,269895.0,263223.0,,314352.0,275043.0,0.45
R00X266Y050,1843445.25,4073746.0,8826290.0,,10203037.0,13683515.0,11782202.0,13859216.0,13318912.0,17486389.0,14743566.0,23836194.0,18262622.0,24032962.0,11271262.0,18203384.0,26717732.0,0.445
R00X267Y050,486797.75,4327458.0,9950217.0,,13615204.0,18927846.0,18025200.0,14022524.0,13422006.0,15904358.0,20796400.0,71073384.0,28573790.0,66562756.0,17775920.0,32671512.0,23782972.0,0.473
R00X269Y050,6559363.0,10206444.0,8065892.0,6909216.0,10243162.0,13760701.0,15894796.0,8214513.0,11572429.5,9132911.5,10788821.0,12444738.0,10931313.0,16603075.0,6212971.0,9153149.25,9486261.0,0.5329999999999999
R00X270Y050,,4681314.0,10317354.0,,8363324.0,12265046.0,11869557.5,13055658.0,13113640.0,5619740.0,10791791.0,12879384.0,10358298.0,13462690.0,11645746.0,15324504.0,14884870.0,0.523
R00X271Y050,1201912.0,2083446.0,8595276.0,1028370.0,11866464.0,11222904.0,11413244.0,13229413.0,14798839.0,12247102.0,14860668.0,20767148.0,21189240.0,22472120.0,13453748.0,16556626.0,20572628.0,0.506
R00X272Y050,2286662.25,5387388.0,10990320.0,,15449696.0,14700200.0,18095634.0,20399108.0,12075070.0,16024977.0,16139972.0,38747144.0,23189620.0,20057048.0,14517524.0,26044787.0,17098188.0,0.515
R00X273Y050,14810033.0,8263484.0,9836018.0,17891574.0,16025830.0,14876799.0,13146250.0,14568528.0,10384372.0,14790630.0,13355268.0,19231572.0,8978440.0,19787728.0,10733520.0,9721824.0,13505685.0,0.519
R00X274Y050,589681.75,3625866.0,11474179.0,,17448405.0,14703568.0,15638074.0,25835732.0,18216842.0,16330854.0,32085144.0,60754276.0,44135028.0,23400632.0,26318348.0,35529427.0,27329967.0,0.514
R00X275Y050,3329787.5,12330706.0,9021140.0,5583377.0,9020914.0,9081991.0,8729603.0,7943634.0,8670339.0,8809822.0,7203274.0,9423216.0,8283508.0,14097678.5,6626594.0,7154908.0,8890235.0,0.45899999999999996
R00X276Y050,3242338.5,1648745.5,10022222.0,,10648606.0,12330164.0,11019552.0,10442023.0,17597486.0,15824756.0,21454796.0,62419712.0,22069692.0,32166856.0,51305216.0,20152290.0,38389660.0,0.532
R00X277Y050,1435748.0,4117064.0,9125230.0,,11081102.0,9715556.0,12998542.0,17246103.0,9170490.0,13821734.0,11856736.0,28987240.0,17852088.0,19799652.0,17453160.0,20102812.0,26185652.0,0.545
R00X278Y050,128655448.0,887754.0,2473525.0,9164000.0,6225092.0,4070448.0,2544594.0,3485988.0,4517768.0,5361534.0,6398300.0,1064160.0,9305332.0,25191076.0,4359244.0,17113492.0,17149168.0,0.46
R00X279Y050,537546.0,3048547.5,7916302.0,1905006.0,11281472.0,14669025.0,14109368.0,11104151.0,12496576.0,12384536.0,9872308.0,11553420.0,5590904.0,10198488.0,11637028.0,16042104.0,15253974.0,0.467
R00X280Y050,9519895.0,11829414.0,9333076.0,6796391.0,8465260.0,16290318.0,14331284.0,12446338.0,16711301.0,13740814.0,11156778.0,20504964.0,13465916.0,41555334.0,13736774.0,20802908.0,19758776.0,0.498
R00X281Y050,1919839.0,4913076.0,11828152.0,,12912236.5,14126826.0,11410296.0,21090353.0,14781012.0,15354682.0,16746602.0,18752278.0,13005766.0,20763648.0,9876886.0,17101454.0,16996190.0,0.511
R00X283Y050,33820800.0,47730264.0,50349208.0,22351720.0,36719770.0,44665558.0,25136616.0,23266448.0,49551984.0,32401300.0,27223820.0,11104198.0,17100519.0,12558502.0,16643234.0,21601886.0,24767680.0,0.5479999999999999
R00X284Y050,6628288.5,7099435.5,9339765.0,5671590.0,6835171.0,11518730.0,9787764.0,5764370.0,7538559.0,7622169.0,5405741.0,2933557.0,2336372.0,2898967.0,2024160.0,3362719.0,2361538.0,0.532
R00X285Y050,8841538.0,10704052.0,9456762.0,12945808.0,11619221.0,12708460.0,12491368.0,9822066.0,13970938.0,10848136.0,12987069.0,15668674.0,12300294.5,10337968.0,6569472.0,9457288.0,10773681.0,0.489
R00X286Y050,815455.0,3983994.0,14545687.0,896300.0,15585238.0,19448242.0,10190682.0,12733295.0,10627148.0,16614764.0,15593935.0,15673936.0,18380500.0,20134281.0,14946207.5,11707352.0,21783842.0,0.501
R00X287Y050,13140444.0,5800215.0,6862467.0,7212364.0,9549469.0,15378008.0,12929356.0,8266040.0,14753908.0,13572642.0,13567446.0,52481528.0,19329964.0,78124800.0,18433694.0,23294084.0,24691020.0,0.512
R00X288Y050,1034389.5,4043557.0,13512179.0,,18197342.0,18030556.0,13445686.0,18566555.0,10716816.0,11548406.0,19768306.0,19553560.0,17603972.0,13245364.0,12437268.0,16630655.0,16078748.0,0.45
R00X290Y050,15138668.0,6439100.0,11113116.0,14160344.0,12433383.0,15287824.0,11847462.0,9908634.0,8971698.0,12920742.0,16288786.0,12579560.0,23199264.0,15840660.0,17936344.0,10550320.0,11422896.0,0.446
R00X291Y050,7201464.0,9783426.0,15398040.0,9206576.0,16038584.0,16311993.0,12476412.0,10955594.0,16408886.0,13046772.0,16961600.0,13347624.0,13545848.0,20134250.0,11263454.0,11914874.0,15524750.0,0.466
R00X292Y050,4139637.5,6257647.0,6574619.0,3885868.0,3017328.0,4069922.5,4777288.0,2469462.0,2856603.0,3265064.0,4127439.0,3169032.0,3131957.0,6055391.0,3860955.0,4280257.0,2589206.0,0.517
R00X293Y050,338266623.0,9490349.0,10516332.0,63559296.0,11910034.0,16030568.0,13198396.0,12028276.0,14807642.0,8667952.0,12213264.0,12415874.0,17347962.0,21195732.0,13871254.0,21026108.0,15106636.0,0.48100000000000004
R00X295Y050,1038030.25,2827377.0,8289323.0,,11422677.0,10754963.5,9718018.5,9045831.0,12823894.0,8993236.0,11469562.0,10751052.0,7340386.0,8746742.0,6735230.0,5935240.0,6288022.0,0.49700000000000005
R00X296Y050,10030500.25,4663766.0,6077921.0,4888640.0,4653560.0,6593162.0,5319660.0,4672324.5,4481082.0,4101354.0,5832972.0,4342536.0,8192163.0,15385785.0,3523826.0,5842823.0,5497349.0,0.513
R00X297Y050,,,,,474626.0,260512.0,,213016.75,,249768.0,,206733.0,,259293.5,,286740.0,243146.75,0.5579999999999999
R00X298Y050,378621.75,201589.5,246978.0,170053.75,,200993.75,483067.75,254746.5,,231784.0,181703.0,,,226446.5,421947.5,,489322.0,0.5660000000000001
R00X299Y050,9011599.0,6686629.0,6985632.0,9284008.0,8254878.0,10685048.0,9149951.5,5563325.5,10688526.0,8004132.0,6502398.0,6199263.0,5133375.0,9770361.5,7139549.0,8368449.5,8288856.0,0.527
R00X300Y050,58513149.0,8872898.0,6990202.0,18701558.0,7048880.0,7995972.0,8913694.0,8624432.0,12190020.0,7661410.0,10261606.0,5695914.5,6194189.0,8420708.0,6890663.0,5921558.0,5078870.0,0.435
R00X302Y050,3173337.5,5951171.0,7967833.0,777254.5,9063880.0,11144026.0,9279964.0,10458745.0,10703932.0,10518413.0,11518823.0,14821108.0,17153194.0,11802717.0,15267486.5,16044208.0,17198076.0,0.5479999999999999
R00X303Y050,9091480.0,6114126.0,6891304.0,7114376.0,8658522.0,5633436.0,4857540.0,5406902.0,7783878.0,5621624.0,5049528.0,11085708.0,8827202.0,11284558.0,6153876.0,10775315.5,3666392.0,0.45299999999999996
